date,equal_topk,vol_scaled,kelly,kelly_spy,topk_spy,spy_hold,cash
2005-04-08,100.0,100.0,100.0,100.0,100.0,100.0,100.0
2005-04-11,99.9032486387651,99.92651346502838,99.89070212509299,99.89070212509299,99.9032486387651,100.07624106722987,100.01061139518683
2005-04-12,99.36186756420018,99.60112981843325,100.51916672820369,100.51916672820369,99.36186756420018,100.59321620575086,100.02122391639071
2005-04-13,96.06375429144127,97.61823731000479,99.13316634922202,99.13316634922202,96.06375429144127,99.40671698309859,100.03187620967512
2005-04-14,93.53748143827403,96.09175026830849,97.80792655250663,97.80792655250663,93.53748143827403,98.11015116213702,100.04252963743228
2005-04-15,90.26014026745165,94.03656479642501,96.01019219078762,96.01019219078762,90.26014026745165,96.7372392849947,100.05322285021107
2005-04-18,91.73319414814821,95.06179751065939,96.3613989553763,96.3613989553763,91.73319414814821,97.03389033789549,100.06438076855673
2005-04-19,94.40094504665426,97.02613019110932,97.14809135495803,97.14809135495803,94.40094504665426,97.80504372646637,100.07553993123156
2005-04-20,92.09042229112178,95.36762965137329,95.87580525935427,95.87580525935427,92.09042229112178,96.44065504324448,100.08654584293745
2005-04-21,94.7790864039088,97.24093846236313,97.73169678750706,97.73169678750706,94.7790864039088,98.31350521551703,100.09759159874963
2005-04-22,97.19559061977039,98.42505596616661,97.1384935759165,97.1384935759165,97.19559061977039,97.94064172873661,100.10883170738431
2005-04-25,98.58778452809025,99.52822350369895,98.19735615611911,98.19735615611911,98.58778452809025,98.58471076450759,100.12011169806168
2005-04-26,95.38912964623204,97.20916095595646,97.2984161469569,97.2984161469569,95.38912964623204,97.6271256325465,100.1313157075465
2005-04-27,93.9345986128679,96.2276174623206,97.67882528367058,97.67882528367058,93.9345986128679,98.00842641319662,100.14240505150943
2005-04-28,92.30110589511808,95.06105263929366,96.59087359114056,96.59087359114056,92.30110589511808,96.77963573224496,100.15345697205804
2005-04-29,93.72583609377331,96.24591753504363,97.71621085180844,97.71621085180844,93.72583609377331,98.09320021879697,100.16458742018061
2005-05-02,95.0207448002526,97.14198834196434,98.19113215731085,98.19113215731085,95.0207448002526,98.64406769954796,100.17587369325994
2005-05-03,93.68427923205049,96.18736303681207,98.13242146832867,98.13242146832867,93.68427923205049,98.81358667739845,100.1870452896067
2005-05-04,94.80128659167508,96.93748450111907,99.47435006005334,99.47435006005334,94.80128659167508,99.57621687204892,100.1980634642305
2005-05-05,95.66105295950548,97.50859014808914,99.31591200489716,99.31591200489716,95.66105295950548,99.54237225206931,100.20885071127756
2005-05-06,96.00327388739265,97.77277284805639,99.37382506667244,99.37382506667244,96.00327388739265,99.22877025582848,100.21983259929794
2005-05-09,97.55020097573285,98.82117076842341,99.9654706061235,99.9654706061235,97.55020097573285,99.84744150993964,100.23104776811832
2005-05-10,96.12025757934677,97.83513221942658,99.06533372413553,99.06533372413553,96.12025757934677,98.81358667739845,100.24218683921163
2005-05-11,97.26594951675013,98.66538167335078,99.54147040733214,99.54147040733214,97.26594951675013,99.35591187532886,100.25321107808475
2005-05-12,94.9458514649246,97.03376994311182,98.48705774849049,98.48705774849049,94.9458514649246,98.26263329659675,100.264275227413
2005-05-13,94.65054177681293,96.77783349732738,97.90467384133052,97.90467384133052,94.65054177681293,98.06776425933683,100.27510832760082
2005-05-16,95.38271438442656,97.33719080462791,99.02687259167553,99.02687259167553,95.4888621192263,98.98304838854845,100.28625229531762
2005-05-17,97.16248847916418,98.69682365459629,99.82171818269812,99.82171818269812,97.34801794240691,99.64403973430923,100.29732009114215
2005-05-18,97.76617403537887,99.12078067625527,101.03788957328878,101.03788957328878,98.07498813433209,100.66947636188088,100.30831167452193
2005-05-19,99.20056138005775,100.29033985058385,101.39040669557609,101.39040669557609,99.56024562081656,101.09321176758156,100.31934318554266
2005-05-20,98.81212135942921,99.98413046618553,101.26450872598245,101.26450872598245,99.15450198631879,100.94912874919122,100.33045335317463
2005-05-23,100.0731915389812,101.31544758526569,101.70642231245412,101.70642231245412,100.59371222803593,101.50844306826201,100.3418744092093
2005-05-24,100.43639664822683,101.78369306899157,101.63779422921235,101.63779422921235,100.87056202789525,101.27116803930176,100.353180658504
2005-05-25,100.16453136224331,101.31215197929052,101.07640121745018,101.07640121745018,100.56961339147463,101.19490788317174,100.36452689214691
2005-05-26,100.94580976534542,102.33259339770571,101.75365091132946,101.75365091132946,101.55379662845073,101.73728080335253,100.37583569386175
2005-05-27,101.5116215991089,103.33568302945665,101.98646269122902,101.98646269122902,102.18410509644266,101.90674251450255,100.3872232043331
2005-05-31,101.39083470257708,103.14706581231636,101.68612070345642,101.68612070345642,101.99102392805418,101.25423618486187,100.39872814354126
2005-06-01,102.60878002062222,103.93508288735543,102.58253965249253,102.58253965249253,103.21617894763948,102.11866748405336,100.41015697159509
2005-06-02,104.03312165128385,105.01395454283849,102.87409876563346,102.87409876563346,104.64895205539298,102.33897248077342,100.4215871006426
2005-06-03,103.48792587593638,104.69332472359146,102.30362323157837,102.30362323157837,104.10052896042534,101.82201643115259,100.43313469618265
2005-06-06,104.15691228180711,105.18289966212338,102.57922398507851,102.57922398507851,104.77347547209823,101.72879578723244,100.44476105333277
2005-06-07,104.86952431801464,105.52188464094047,102.68054846350368,102.68054846350368,105.49030585868557,101.80506548781254,100.45638875637515
2005-06-08,103.71117914385661,104.75526548460545,102.44334805267796,102.44334805267796,104.32510378967159,101.61861465552218,100.46801780546564
2005-06-09,104.05357295301543,104.95695161672084,102.84095516737955,102.84095516737955,104.66952441985156,102.10166881846294,100.47953200418856
2005-06-10,105.1613231805234,105.83384050402375,102.75957795998276,102.75957795998276,105.78383204234521,101.86437470060253,100.49108626288071
2005-06-13,106.26773444258606,106.59128211108367,103.12633360960842,103.12633360960842,106.896792773306,102.18639490181289,100.50275806221798
2005-06-14,106.76530772633525,107.0196374288697,103.6079459085462,103.6079459085462,107.39731147243388,102.42370810857346,100.51435373728489
2005-06-15,107.56416016507053,107.5443727086522,103.75776312351758,103.75776312351758,108.20089276686781,102.61863441253385,100.5259120001688
2005-06-16,108.50143447048971,108.21003751818483,104.19367924759378,104.19367924759378,109.14371532466185,102.88129767870385,100.53735530611947
2005-06-17,107.9937351729516,107.82881193054105,104.70028260243845,104.70028260243845,108.63301067018928,103.2625316482034,100.54883868488645
2005-06-20,108.35050880378512,107.96005075600645,104.57672948261126,104.57672948261126,108.9918962442748,103.29652897938428,100.56047843618083
2005-06-21,108.28866204817517,107.86908688525395,104.40905430674594,104.40905430674594,108.92968338302565,103.3560958923264,100.57211953491804
2005-06-22,108.51790093940463,107.9106037422312,104.56446872089305,104.56446872089305,109.16027926784312,103.44120375367952,100.58380074607604
2005-06-23,108.03709134830699,107.51868208629378,103.62056327739407,103.62056327739407,108.67662349506713,101.98621915030914,100.59559959945516
2005-06-24,105.25960815288012,105.76963941978755,102.90905298189222,102.90905298189222,105.88269881858601,101.23745704162326,100.60747735088583
2005-06-27,104.66848201495431,105.38964215452636,102.78573880594239,102.78573880594239,105.28807347345936,101.38207454921802,100.61962771781482
2005-06-28,106.37342108445499,106.55043712633449,104.04525238207577,104.04525238207577,107.0031050336927,102.2329622737476,100.63174081397806
2005-06-29,106.91144866902185,106.87212383872509,103.92415469194928,103.92415469194928,107.54431750533752,101.96072592414853,100.64377787148602
2005-06-30,106.15409160542697,106.3720337291662,103.48636904035861,103.48636904035861,106.78247722044613,101.40763458652917,100.65581636880563
2005-07-01,107.13692720504852,106.98034838254232,103.87389574750382,103.87389574750382,107.7711307753004,101.7054405178895,100.66801132199303
2005-07-05,108.13554407104127,107.71258602741146,104.73500798610343,104.73500798610343,108.77565901469394,102.52227364453776,100.68040146176328
2005-07-06,108.1869701888186,107.67417356275796,104.10121938738399,104.10121938738399,108.82738955250973,101.66291044833812,100.6926768979625
2005-07-07,108.90771496086018,108.16273695129004,104.43039361839574,104.43039361839574,109.55240081715655,102.06278472884169,100.70479878815296
2005-07-08,109.6857186026745,108.73118618702541,105.64091458030505,105.64091458030505,110.33500989894547,103.22848659477215,100.71699967580427
2005-07-11,110.83545497071181,109.52643861158806,106.4029255340834,106.4029255340834,111.49155220148627,103.75610379513105,100.72931833490588
2005-07-12,111.12604129737109,109.65938380907284,106.51768685910795,106.51768685910795,111.78385867161657,104.02833060028004,100.74167726236816
2005-07-13,110.06401286166802,108.82171209417436,106.55560566600005,106.55560566600005,110.715543493861,104.17297674122506,100.7540764688845
2005-07-14,108.01830636500229,107.37743259772955,106.56089355612563,106.56089355612563,108.65772731290886,104.58141239344934,100.76651596519542
2005-07-15,108.42597501854222,107.670757111022,106.82759665091041,106.82759665091041,109.06780918588954,104.521816847157,100.77903452309921
2005-07-18,108.11700144210894,107.51960944168971,106.54088674020286,106.54088674020286,108.75700662153959,104.10485800101227,100.79174840923926
2005-07-19,111.24921198774626,109.68753036236575,107.42689340786384,107.42689340786384,111.90775847840027,104.67504344872287,100.80450264758562
2005-07-20,110.90407630388812,109.5075126230152,108.27493920260468,108.27493920260468,111.56057974282659,105.03240674857524,100.81721974668396
2005-07-21,109.44563176021829,108.55612213440044,107.40856379728137,107.40856379728137,110.09350184779284,104.41972940911359,100.83009345994844
2005-07-22,110.69065401739408,109.401528376224,108.05619340765485,108.05619340765485,111.34589409010022,105.11741916542756,100.84308505007397
2005-07-25,109.55281470633437,108.60393875805818,107.61954466984636,107.61954466984636,110.20131926989092,104.8196705007677,100.85634942861059
2005-07-26,109.82784686709851,108.73752865066851,107.98827176757135,107.98827176757135,110.47797950029305,104.94727025387188,100.86957682733814
2005-07-27,110.0585876122175,108.856458405606,108.44961729923479,108.44961729923479,110.71008612931571,105.3301935910354,100.88268974960656
2005-07-28,111.07936570742704,109.55672955889888,109.50691330928119,109.50691330928119,111.7369067826731,105.99390510506865,100.89580437653892
2005-07-29,110.79513957990376,109.3170583382217,108.92975948595291,108.92975948595291,111.45099816126525,105.28761579923365,100.90895945924493
2005-08-01,112.05410257652007,110.34232378755031,108.88124850578325,108.88124850578325,112.71741366606985,105.21102158735086,100.92238744418485
2005-08-02,113.71774349026215,111.66356517585257,109.6459141944798,109.6459141944798,114.39090260359454,105.84070713685301,100.93581721599068
2005-08-03,113.49230403293029,111.59872910586395,109.73749510266578,109.73749510266578,114.16412864365519,106.12148576927265,100.94913254335245
2005-08-04,112.1543630310333,110.6970304081917,108.83713672780492,108.83713672780492,112.81826761845413,105.27060758919313,100.96248837994884
2005-08-05,109.6203268096357,108.74370951041298,107.73469008966154,107.73469008966154,110.26923101520237,104.55587144503833,100.97603971666877
2005-08-08,109.00313687942507,108.39760325569549,107.1949144882061,107.1949144882061,109.64838759158407,104.36013386282124,100.98970908296567
2005-08-09,109.90759402110156,109.05662174168924,107.72584128823888,107.72584128823888,110.55819872243454,104.98980986787332,101.00326407328923
2005-08-10,110.90213628812778,109.78345213864317,107.72721712806896,107.72721712806896,111.55862824302469,104.93878523775177,101.01678212817909
2005-08-11,112.4039084340677,110.82092946749965,108.48483449612677,108.48483449612677,113.06929022071081,105.3557345394464,101.0303019922957
2005-08-12,112.44259450222549,110.8329837619176,108.09690249079969,108.09690249079969,113.10820529340687,104.70900260210342,101.04386243106045
2005-08-15,110.99476656632488,109.93953901446064,108.4730677039069,108.4730677039069,111.65180685179905,105.3557345394464,101.05754097867928
2005-08-16,109.14133409849858,108.65758820824408,107.24684487972803,107.24684487972803,109.78740287751856,103.98576235292838,101.07118261356331
2005-08-17,107.14462572988494,107.32768489834257,107.3179581259397,107.3179581259397,107.77887487202374,103.97725824790811,101.08474853938641
2005-08-18,106.5499994108137,106.9309698020465,107.16822170153551,107.16822170153551,107.18072862621615,103.96877323178802,101.09823871017255
2005-08-19,107.69187471271368,107.67229872454266,107.35446227855209,107.35446227855209,108.3293633285595,104.20701225020623,101.11180826750555
2005-08-22,108.09225101742217,107.9754615358676,107.49491007017457,107.49491007017457,108.73210968520536,104.20701225020623,101.12545722786506
2005-08-23,107.00672250685594,107.15042842192602,107.12959134052501,107.12959134052501,107.64015532246124,104.01130330133938,101.13910803068119
2005-08-24,107.22095734016003,107.32079661775242,106.70559418080872,106.70559418080872,107.85565833191802,103.0838118204769,101.15272187674711
2005-08-25,106.71884556349417,106.92081091301293,107.02506607264984,107.02506607264984,107.35057427398807,103.45823105262018,101.16637635998512
2005-08-26,105.16144725558965,105.72626556855558,106.27007365665791,106.27007365665791,105.78395685188133,102.75200855793571,101.18007149260549
2005-08-29,106.52331052754934,106.75391218413492,106.84354871578235,106.84354871578235,107.15388175648067,103.54333891397329,101.19376847916847
2005-08-30,108.55213019327495,108.35362071764587,106.48630948184984,106.48630948184984,109.19471114386778,102.99877077027435,101.20742850323757
2005-08-31,112.18877239880186,111.19002364680946,107.8306290447721,107.8306290447721,112.85288067457232,104.30059558322937,101.22101271618845
2005-09-01,114.6644539844255,112.8775554877661,107.92490589356343,107.92490589356343,115.34321720822714,104.2240013713466,101.23444337656936
2005-09-02,112.77421415272383,111.37217024296953,107.64921556841352,107.64921556841352,113.44178798663746,104.03682516085023,101.24779809832252
2005-09-06,114.33589084623854,112.75899500982034,108.93897973960783,108.93897973960783,115.01270912051872,105.25358983470254,101.26142657463265
2005-09-07,116.48754481626344,114.30914517462597,109.2299674177176,109.2299674177176,117.1770999373558,105.43225239572855,101.27490146247536
2005-09-08,116.00499243256384,113.97668170378051,108.75573065710991,108.75573065710991,116.6916910554108,105.08340274534653,101.28833927316454
2005-09-09,117.24556725916132,115.06389541269391,109.67721286409731,109.67721286409731,117.93960954030351,106.01936015342895,101.30181774228798
2005-09-12,118.43669451765706,115.78257076268103,109.86943247098561,109.86943247098561,119.13778774920141,105.80665253897166,101.3154146243042
2005-09-13,117.48749711651175,115.01286441677897,109.04173403911545,109.04173403911545,118.18297151618943,105.21955432572135,101.32885781054243
2005-09-14,116.45969176063305,114.52521956616827,108.5616396454581,108.5616396454581,117.14908200386505,104.83662144410775,101.34210826944957
2005-09-15,116.2926466164715,114.50941103287619,108.64564304457788,108.64564304457788,116.98104802579174,104.78558726953612,101.35543828692293
2005-09-16,115.47580769676554,113.94097872568256,109.3434403785284,109.3434403785284,116.1593737783168,105.53073203164215,101.36896458235672
2005-09-19,116.02555137302247,114.28169086848187,108.49369358231507,108.49369358231507,116.71237169577051,105.1803648136976,101.3828426379664
2005-09-20,114.4512609049337,113.26719652149296,107.44025165321622,107.44025165321622,115.12876211930777,104.29169061130581,101.39683919386403
2005-09-21,114.82376859178589,113.32251598445173,106.31055140520789,106.31055140520789,115.50347488811549,103.31757449180814,101.41005960291837
2005-09-22,115.3663879077425,113.61743256219825,106.80596069369469,106.80596069369469,116.04930627218384,103.68502627539384,101.42347642138093
2005-09-23,115.0823832518378,113.50268427436632,107.19703869853733,107.19703869853733,115.76362043340933,103.77046819249973,101.43693394595918
2005-09-26,114.21469438829077,112.99557931671903,107.45852000507283,107.45852000507283,114.89079523275159,103.89009832978803,101.4506267946397
2005-09-27,113.27025789876402,112.329740232839,107.47273779251935,107.47273779251935,113.94076809386462,103.86445239242616,101.46416579336696
2005-09-28,114.2575247471902,113.01610434720531,107.61183911393555,107.61183911393555,114.93387912857092,103.96698841962329,101.47758977022127
2005-09-29,116.55964155112184,114.62762171648083,108.57092447583378,108.57092447583378,117.24962345323029,104.81293211901203,101.4912881069822
2005-09-30,117.37972978818696,115.21559106353513,109.20758784756048,109.20758784756048,118.07456625259653,105.13768203294495,101.50502722367737
2005-10-03,119.05977741934524,116.3474767048865,109.48444600996511,109.48444600996511,119.76455902810106,104.76169751098877,101.5190406479458
2005-10-04,117.81457773271111,115.60849577645145,108.3513697577406,108.3513697577406,118.51198830603089,103.5824711592966,101.53309491834857
2005-10-05,115.40070928630041,114.1127718334417,106.38085396900227,106.38085396900227,116.0838308182339,102.22379005722185,101.54695651258706
2005-10-06,114.65418121780723,113.68381682097878,105.68834720163689,105.68834720163689,115.33288363134074,101.8563955403366,101.56089786984936
2005-10-07,115.85181556380883,114.45992594399964,106.19014100945792,106.19014100945792,116.53760744684557,102.20672458048085,101.57491900742117
2005-10-10,112.65694233229061,112.3728339736254,104.99535168231051,104.99535168231051,113.32382196851586,101.3436772265508,101.58894208070153
2005-10-11,114.9994571755043,113.90181484922873,104.79091279703363,104.79091279703363,115.68020347111292,101.19839160745052,101.60339520520563
2005-10-12,113.01175697699523,112.65610121941833,103.50694093082943,103.50694093082943,113.68073696013464,100.40376841613575,101.61773365555284
2005-10-13,108.91289232848037,110.05818359083226,103.1988324699766,103.1988324699766,109.55760883251989,100.343886536341,101.63222978440231
2005-10-14,111.1473630124192,111.52538904783006,104.39197878049997,104.39197878049997,111.80530660185632,101.40347320629479,101.64684469984454
2005-10-17,112.8524036771074,112.58111914708303,104.98204725404416,104.98204725404416,113.52044035867597,101.77945772825099,101.66181172156453
2005-10-18,111.06571904765093,111.65660123171966,103.85706913322645,103.85706913322645,111.7231793406626,100.67715964419435,101.67674206691444
2005-10-19,112.67564903582925,112.54815439117009,105.19871757768212,105.19871757768212,113.34263940752614,102.35195293288066,101.6916746049777
2005-10-20,110.31414993896335,111.35572785014304,103.79043026103905,103.79043026103905,110.96716127283034,100.54897767963537,101.70657044072826
2005-10-21,113.47092738777552,113.18088096340503,104.33289633255974,104.33289633255974,114.1426254581465,100.9421040339332,101.72150735947206
2005-10-24,115.26142177267431,114.15651210028467,106.10995627056163,106.10995627056163,115.9437187836817,102.50581901260183,101.73671871468545
2005-10-25,115.1275339418771,114.0828148280575,105.84750790762608,105.84750790762608,115.80903839571003,102.30073741375753,101.75193234459306
2005-10-26,114.56555477292667,113.66877118104708,105.44583878620142,105.44583878620142,115.24373255681813,102.00161434828634,101.76703156155207
2005-10-27,111.28376140800897,111.39470873866037,104.23044913865445,104.23044913865445,111.94251241606172,100.91642946322108,101.7820551969241
2005-10-28,113.74493955890257,113.25738355899703,106.12813982152556,106.12813982152556,114.41825966102068,102.36909476522227,101.79723670263732
2005-10-31,115.35422965059594,114.54709561441369,107.2616419191114,107.2616419191114,116.03707604349304,102.65104736500163,101.81265387428954
2005-11-01,115.47816305916493,114.58621573565281,106.9850540751682,106.9850540751682,116.1617430834274,102.95869362439325,101.82799558350645
2005-11-02,117.54240510412949,115.93576457850185,108.27655890233274,108.27655890233274,118.23820453498624,104.03533622663792,101.84326178048939
2005-11-03,118.03753385297045,116.05785009755228,108.82910993333734,108.82910993333734,118.73626422863252,104.4796590111587,101.85853026620217
2005-11-04,117.56987533299358,115.6802939037783,108.80722065625743,108.80722065625743,118.26583737554431,104.34295385267932,101.87391780640925
2005-11-07,117.77204920217756,115.60350873817193,109.15913182605667,109.15913182605667,118.27447496927451,104.44552805767673,101.88926874722355
2005-11-08,117.77204920217756,115.60350873817193,108.72105342007771,108.72105342007771,118.27447496927451,104.44552805767673,101.90462200120486
2005-11-09,117.77204920217756,115.60350873817193,109.12346881276441,109.12346881276441,118.42929116878315,104.58224276060619,101.92009436455962
2005-11-10,117.77204920217756,115.60350873817193,110.19042760825623,110.19042760825623,119.34853667174391,105.3940077842626,101.93549120511726
2005-11-11,117.77204920217756,115.60350873817193,110.42428843250778,110.42428843250778,119.75494540770623,105.75289819612756,101.95089037164115
2005-11-14,117.77204920217756,115.60350873817193,110.26254401602452,110.26254401602452,119.68721061837917,105.6930831274834,101.96648657529374
2005-11-15,117.77204920217756,115.60350873817193,109.82237139269441,109.82237139269441,119.25178195113504,105.30856586715672,101.98204622416321
2005-11-16,117.77204920217756,115.60350873817193,109.9461208885163,109.9461208885163,119.49371198532951,105.52220883772172,101.9975692970401
2005-11-17,117.77204920217756,115.60350873817193,111.37083183374719,111.37083183374719,120.6064236968357,106.50481951778956,102.0131336889997
2005-11-18,117.77204920217756,115.60350873817193,111.71981110545353,111.71981110545353,121.0805996466293,106.92355363164894,102.02866149381715
2005-11-21,117.77204920217756,115.60350873817193,112.28166525337403,112.28166525337403,121.69018032606853,107.46186061609617,102.04419166218051
2005-11-22,117.77204920217756,115.60350873817193,112.89356660377234,112.89356660377234,122.21273363616656,107.92331568850848,102.05945127135391
2005-11-23,117.77204920217756,115.60350873817193,113.2848156980172,113.2848156980172,122.91905822804658,108.54705504561149,102.0747911708229
2005-11-25,117.77204920217756,115.60350873817193,113.51627101054085,113.51627101054085,123.01583456499161,108.63251605161753,102.09013337593352
2005-11-28,117.77204920217756,115.60350873817193,112.63566022950329,112.63566022950329,122.1449556141672,107.86346244206399,102.10559490672979
2005-11-29,117.77204920217756,115.60350873817193,112.93067361610436,112.93067361610436,122.00956169268963,107.74389911592621,102.12105877917189
2005-11-30,117.77204920217756,115.60350873817193,112.36166924261165,112.36166924261165,121.3515388039375,107.1628139062256,102.136407938469
2005-12-01,117.77204920217756,115.60350873817193,113.86306611521665,113.86306611521665,122.59015486535128,108.25660788526197,102.15183745703416
2005-12-02,117.77204920217756,115.60350873817193,113.95776170844204,113.95776170844204,122.74491702401954,108.39327486594104,102.16734735555941
2005-12-05,117.77204920217756,115.60350873817193,113.41093474161278,113.41093474161278,122.48369440981091,108.16259505198529,102.18305469578992
2005-12-06,117.77204920217756,115.60350873817193,113.51979034016018,113.51979034016018,122.7159511335781,108.36769573972971,102.19876445088724
2005-12-07,117.77204920217756,115.60350873817193,112.89606145409758,112.89606145409758,121.99984514959006,107.73531865530535,102.21443759934323
2005-12-08,117.77204920217756,115.60350873817193,112.88049461981004,112.88049461981004,121.92242624166765,107.66695175939051,102.22976173225925
2005-12-09,117.77204920217756,115.60350873817193,113.32407806151924,113.32407806151924,122.24179680012067,107.9489807147705,102.24508816259092
2005-12-12,117.70968397596872,115.1139625742211,113.35933160021378,113.35933160021378,122.31684182949134,108.05155491976792,102.26033873291084
2005-12-13,117.8609381333076,116.30119577793404,113.87544058996869,113.87544058996869,123.20235147776768,108.786420309139,102.27559157796004
2005-12-14,118.12908832978717,118.40597638326581,114.38023743023537,114.38023743023537,123.9047758622488,109.21365852801863,102.29076850198756
2005-12-15,118.07407698715356,117.97417805319337,114.09197737364835,114.09197737364835,123.53423238849882,108.8974508969063,102.30606498407009
2005-12-16,118.1840953468362,118.83774076070046,114.02333931568569,114.02333931568569,123.30149228549028,108.54693096776047,102.32136375357669
2005-12-19,118.14656568529836,121.47004582631857,113.06717973046894,113.06717973046894,122.93625110066795,107.98861881594797,102.3368603041686
2005-12-20,118.44791279108568,121.84649489020558,113.22353321839142,113.22353321839142,123.32475092119353,108.0916416100991,102.352320104624
2005-12-21,118.84062992744272,122.13070381220963,113.7166917670925,113.7166917670925,123.85779233063124,108.26347034486865,102.3678604427928
2005-12-22,119.43271841298886,122.7639542627488,114.27796697764092,114.27796697764092,124.88066585601092,108.83045840180283,102.38336403529921
2005-12-23,119.53957644709465,122.89028891794564,114.41336407278564,114.41336407278564,125.03521488825375,108.89056934839945,102.39890908692423
2005-12-27,117.97472464540404,121.9821243794043,113.5088481042517,113.5088481042517,123.48086886688189,107.78243960534462,102.41445649878263
2005-12-28,118.35029823835335,122.31747877556809,113.73091719692918,113.73091719692918,123.87397131929472,108.02297883623184,102.42988889103862
2005-12-29,117.48275366981318,121.86012987300433,113.51502291937548,113.51502291937548,122.96593650568471,107.54185265220701,102.44551925311553
2005-12-30,116.45838206084775,121.30351506855362,112.85766503360384,112.85766503360384,121.89375518296654,106.95774185183137,102.46142578676682
2006-01-03,118.80887316053686,122.6096184216231,114.33050058399974,114.33050058399974,124.35394895858974,108.8390484068738,102.47764751285885
2006-01-04,121.48337265026213,124.22811578067072,115.01009315598759,115.01009315598759,127.15327332037941,109.35440098888138,102.49394996280427
2006-01-05,122.39867889050034,124.87742717191158,115.10195114833803,115.10195114833803,128.11129894971322,109.42315920724943,102.5102940846112
2006-01-06,124.80544015812242,126.2741868408428,116.18289967307454,116.18289967307454,130.6303891478416,110.33373792257217,102.52671897080528
2006-01-09,127.52094810829787,128.0429527912494,116.83626624330367,116.83626624330367,133.47263592663631,110.61720808991407,102.5432246443571
2006-01-10,126.86386354420402,127.67495727733159,116.79380144085029,116.79380144085029,132.78488375652358,110.72885906693648,102.55992833032857
2006-01-11,127.96716516477775,128.33840412209375,117.03747598401321,117.03747598401321,133.9396789309999,111.08107790819632,102.57667380342657
2006-01-12,127.54517985296621,128.06948618640627,116.35661225817071,116.35661225817071,133.49799862101685,110.64302582737736,102.59350014458488
2006-01-13,127.39993751700558,127.95469649221246,116.34360860281126,116.34360860281126,133.34597750043716,110.53991713317552,102.61036831365978
2006-01-17,127.51488209811336,127.94987554633404,115.91593634463125,115.91593634463125,133.4662868021913,110.23923832234146,102.62743457117556
2006-01-18,126.03748131573103,127.06634236893893,115.8241392754823,115.8241392754823,131.91993242144136,109.80112897482203,102.64438646986433
2006-01-19,128.69124076647648,128.52487021388202,116.58720327550212,116.58720327550212,134.69754876025192,110.22204876774946,102.66134116865105
2006-01-20,125.7423088411772,126.81987817591946,114.71313433922006,114.71313433922006,131.61098358741742,108.21194940334303,102.67829866799823
2006-01-23,126.08526231828644,127.07288045369741,115.0434298050706,115.0434298050706,131.9699434702369,108.59850917598659,102.69537622375748
2006-01-24,126.17283039377408,126.94749099716225,115.89335441057182,115.89335441057182,132.06159854363258,108.71016015300899,102.71253478446555
2006-01-25,126.00076818573862,126.85400515109613,115.65909625799192,115.65909625799192,131.88150580757215,108.80469793104001,102.72977437478505
2006-01-26,129.3658106885777,128.720974781056,116.51938593648174,116.51938593648174,135.40360236913202,109.40604600825804,102.74709501956599
2006-01-27,129.85735621298141,129.0214513275187,117.1557249491158,117.1557249491158,135.9180894223838,110.41966660663208,102.76441858467587
2006-01-30,130.26628220437158,128.92574521717754,117.10720435059118,117.10720435059118,136.34610090425733,110.33373792257217,102.7819014003821
2006-01-31,128.20616601526237,128.05474456329915,116.87300251959024,116.87300251959024,134.18983448564487,109.52626790145126,102.79934810685867
2006-02-01,126.51854479734686,127.21536192164105,117.014496581434,117.014496581434,132.42344821152773,110.29083561946773,102.8167977748252
2006-02-02,125.8779707451341,126.61656617888877,116.19314722446126,116.19314722446126,131.7529771358074,109.01082941939298,102.83425040478436
2006-02-03,123.74754002859197,125.40820465789794,115.61908476080748,115.61908476080748,129.5231144535251,108.46962092212178,102.85170599723895
2006-02-06,123.18824622703069,124.81971860283329,115.87953925528883,115.87953925528883,128.93771715951806,108.75314835616415,102.86920366273236
2006-02-07,119.63641190154817,122.82369313269552,115.09293847258648,115.09293847258648,125.22011078323663,107.7910200659655,102.88674341798102
2006-02-08,119.72810479317837,122.8973563523344,115.75931426522347,115.75931426522347,125.31608318716847,108.770318821856,102.90432527975103
2006-02-09,119.14779606072563,122.46846048028385,115.75813692586894,115.75813692586894,124.70869014845036,108.58989053756538,102.9219492648581
2006-02-10,118.9078913321882,122.35996572837091,116.07630669857329,116.07630669857329,124.45758852974248,108.78753700979824,102.93961539016773
2006-02-13,117.22555249993232,121.4857282815008,115.72372831178335,115.72372831178335,122.6967311820365,108.58989053756538,102.95740191100273
2006-02-14,118.32967783508539,122.03120973831344,116.89394756809982,116.89394756809982,123.85238851569362,109.74101802822543,102.9751915050989
2006-02-15,119.09235343810947,122.47459853806465,117.49397462519029,117.49397462519029,124.65065989465252,110.12758734531907,102.99294504212982
2006-02-16,122.94503488361127,124.72739927865914,118.4175836135409,118.4175836135409,128.68315459881723,110.95227555438223,103.01070163997638
2006-02-17,123.11820561043038,124.861299072226,118.28706788511488,118.28706788511488,128.8644075907119,110.65159674354817,103.02842215108153
2006-02-21,122.01535843519329,124.44177153445396,117.8761582214593,117.8761582214593,127.71008807155238,110.37668794792701,103.04626316383045
2006-02-22,123.43091834686861,125.13552403170364,119.07438862633063,119.07438862633063,129.19171532986704,111.04675606571277,103.064107266035
2006-02-23,122.91073684803163,124.39686511543395,118.72878454913511,118.72878454913511,128.64725579721772,110.88352688046426,103.08203276885162
2006-02-24,124.07123803843365,124.96627581022757,118.94777566741551,118.94777566741551,129.86192017335935,111.16700659225623,103.10000054589584
2006-02-27,122.54558076118276,124.13212076750034,119.3886978769229,119.3886978769229,128.2650570592113,111.20994707316099,103.11804977031844
2006-02-28,119.37577620079794,122.4648240355344,118.11179969704779,118.11179969704779,124.94731063148299,110.15334781608188,103.13610215453248
2006-03-01,122.9396894905673,124.35476363759601,119.1688428326707,119.1688428326707,128.67755972432622,111.13266566087252,103.15407935617417
2006-03-02,124.25402595602311,125.09708180072255,118.85427446786588,118.85427446786588,130.05323921182423,111.12405656690139,103.17209887149646
2006-03-03,123.05290472761736,124.4381647837938,118.5868677467561,118.5868677467561,128.7960589696682,110.60862762929318,103.19012153456565
2006-03-06,122.09683049344372,123.77599702022307,117.59218553210465,117.59218553210465,127.7953626129542,110.10178869675593,103.20810815208856
2006-03-07,119.95700994319236,122.73580630405068,117.0062500123609,117.0062500123609,125.55567185242535,109.93001722868682,103.22609790477988
2006-03-08,119.17485968097918,122.23773451421877,117.155342294355,117.155342294355,124.73701688838254,110.16198554340323,103.24401236695742
2006-03-09,118.81180051899948,121.94087397801592,116.81327944550502,116.81327944550502,124.3570129434182,109.42315920724943,103.26196915990481
2006-03-10,121.76163372950715,123.52267331637367,117.85359752657286,117.85359752657286,127.44452146645725,110.46257845418658,103.28000752200451
2006-03-13,120.8107234549476,123.00949732111793,118.0950728187066,118.0950728187066,126.44923008290046,110.66876720924002,103.29804903514335
2006-03-14,125.14784264702553,125.2164035435434,119.72278774909326,119.72278774909326,130.98877232660323,111.82843698272063,103.31601522645913
2006-03-15,126.8595204011071,126.09796899993003,120.58342308251459,120.58342308251459,132.78033790922598,112.32668591018691,103.3341022675396
2006-03-16,125.86857034240205,125.62346598298771,120.7798456056261,120.7798456056261,131.74313799525817,112.55863513600318,103.35215323024264
2006-03-17,126.77686444412132,126.12700485810443,121.14615311311083,121.14615311311083,132.6938242138874,112.65264796927985,103.37028584573484
2006-03-20,127.20361197717406,126.3005501483958,120.73458445934294,120.73458445934294,133.14048900862656,112.47154202903364,103.38853938443202
2006-03-21,126.05225453061608,125.66032506950414,119.8749590098393,119.8749590098393,131.93539513530192,111.76435554489122,103.40687463619523
2006-03-22,126.50736210599864,126.06526360385034,120.55207388537313,120.55207388537313,132.41174359896695,112.44570520267018,103.42521313959018
2006-03-23,127.63812072859797,126.87150984883466,120.5538677914664,120.5538677914664,133.59527725515437,112.21279198739597,103.44347637756869
2006-03-24,129.27212629523777,127.82768644610664,121.29237461179986,121.29237461179986,135.30554551565223,112.29899746050818,103.4617035691866
2006-03-27,130.67763146621192,128.66879598631328,121.2876407352731,121.2876407352731,136.77664875603213,112.13516697490469,103.47981611522904
2006-03-28,130.79718082865608,128.6637291579098,121.0186869008996,121.0186869008996,136.90177775456516,111.44521776760467,103.49801042117171
2006-03-29,133.12143947220963,130.03221842595053,122.70855887112342,122.70855887112342,139.33451474666228,112.14381424667611,103.51612932328125
2006-03-30,132.67671245694893,130.12927367008152,122.46708047153636,122.46708047153636,138.8690313270737,111.94542330733712,103.53421208345989
2006-03-31,132.41362849243257,129.9789345047556,122.26746826510023,122.26746826510023,138.59366864560894,111.97129831150087,103.55237664026225
2006-04-03,133.19655291569785,130.51637885159064,122.46831221434593,122.46831221434593,139.41313390253137,111.88502602723813,103.57066233328057
2006-04-04,133.2387436402471,130.73737101932477,123.31916275905125,123.31916275905125,139.45729376254477,112.60088841650224,103.58899057115516
2006-04-05,135.1186965238127,131.78028149850428,124.48398895360948,124.48398895360948,141.4249882512517,112.98899439005858,103.60728272960787
2006-04-06,136.42017580725866,132.47258223498062,124.62418972632231,124.62418972632231,142.7872104833035,112.8682570965611,103.62561744795987
2006-04-07,134.48752538463748,131.45011269777766,123.08092400335298,123.08092400335298,140.7643589435478,111.72119554163467,103.64399474389941
2006-04-10,133.5881714591137,130.9422560930056,122.71795775347273,122.71795775347273,139.82303015912976,111.89368284345966,103.6624146351651
2006-04-11,132.61008198433714,130.18861210326912,121.48816775112564,121.48816775112564,138.79929106130197,110.94494541672167,103.68083780006373
2006-04-12,134.17672556393572,131.1599870637836,122.10002618468413,122.10002618468413,140.43905340018438,111.15199317228219,103.69926423917711
2006-04-13,134.65356579826917,131.4005578355939,122.11638335881675,122.11638335881675,140.9381488345934,111.00537133017087,103.71769395308709
2006-04-17,134.93798289216997,131.61245684687833,122.03695929764913,122.03695929764913,141.23584031029736,110.96226859361478,103.73624501251325
2006-04-18,138.86281820100422,134.04454442481517,124.69039400955427,124.69039400955427,145.3438564599511,112.72163525444978,103.75479939000205
2006-04-19,139.03476011616618,134.12156478204002,125.42098177038619,125.42098177038619,145.52382328880066,112.93725392618113,103.77335708614694
2006-04-20,137.79126342447935,133.41124942764793,125.52817184677296,125.52817184677296,144.2222898257296,113.09247531781348,103.79191810154153
2006-04-21,138.59336303122558,133.92200683906879,125.36598452492238,125.36598452492238,145.06182521482677,113.10973168355605,103.81056118778628
2006-04-24,137.36676646484187,133.14051182072856,125.09694898402908,125.09694898402908,143.77798064369986,112.90275073914609,103.82924699965152
2006-04-25,136.25212336815963,132.55169819986844,124.33014316901865,124.33014316901865,142.61131466106252,112.4370292975485,103.84805430457911
2006-04-26,135.5087537321004,132.3255032215145,124.56314473230249,124.56314473230249,141.83325030171994,112.46288521281214,103.86686501620306
2006-04-27,133.02495793439363,131.0622223601701,124.72360973322314,124.72360973322314,139.23353019971847,113.00619348910065,103.88563974807883
2006-04-28,133.65506785784368,131.49702386847414,124.79308523738963,124.79308523738963,139.89304876238617,113.38572854648619,103.90437847570082
2006-05-01,134.87203641868916,132.17692917418728,124.26822650765105,124.26822650765105,141.16681596742578,112.46288521281214,103.92331757107746
2006-05-02,136.2759191368844,133.18482529692153,124.80933107163858,124.80933107163858,142.6362210315273,113.30803672284435,103.94222072134271
2006-05-03,136.00108829880088,133.04590390015412,124.53983368089482,124.53983368089482,142.34856322363694,112.88549437340352,103.96116671438728
2006-05-04,139.0448033534925,134.90117103992878,125.27996743201327,125.27996743201327,145.53433526647234,113.29082807935218,103.98003733390945
2006-05-05,140.4923421776806,135.6712812241715,126.57215800729793,126.57215800729793,147.04943396465993,114.29130596996761,103.9989902199497
2006-05-08,142.8033046416178,136.97853127124353,126.57528975662143,126.57528975662143,149.46825421470436,114.15327413292728,104.01814363391414
2006-05-09,143.30991373030227,137.07577935310042,126.39921618764018,126.39921618764018,149.99850788246786,114.37752098752989,104.03733998602148
2006-05-10,144.0671547933033,137.51959429180522,126.47778379400603,126.47778379400603,150.79109107926783,114.31717142968132,104.05653988077938
2006-05-11,140.88394589195622,135.64146190853597,124.99547219066724,124.99547219066724,147.45931470000892,112.93725392618113,104.075506711266
2006-05-12,135.5906999836713,132.54456304703825,123.51508828501825,123.51508828501825,141.9190211681049,111.46248367779732,104.09455589749099
2006-05-15,131.45341707239632,130.09266559877642,123.72139796790836,123.72139796790836,137.58864201131627,111.68670189904968,104.11368746833766
2006-05-16,132.34921337734252,130.64341614858336,123.2971527065292,123.2971527065292,138.52624713304863,111.52281414674572,104.13270418099513
2006-05-17,128.12689956995771,128.1681164529204,121.21516146565997,121.21516146565997,134.10686849807743,109.401197427618,104.15172436711869
2006-05-18,125.6494207491369,126.72754995077081,120.51153414881384,120.51153414881384,131.51376020039962,108.8492514240081,104.17074802734274
2006-05-19,129.44429740386738,128.70931731880972,121.17700100385768,121.17700100385768,135.48575223494112,109.61683518824947,104.18973567503659
2006-05-22,125.20002577785118,125.74617623032638,120.65171204761721,120.65171204761721,130.9873758167451,108.78025459438807,104.20876627815296
2006-05-23,124.16995002642255,125.27472015445954,119.99902556771548,119.99902556771548,129.65571664136198,107.9522735500477,104.22783985519175
2006-05-24,122.03117672691323,123.68860021362731,120.05415409287991,120.05415409287991,127.68160507195597,108.81472914807289,104.24683790925718
2006-05-25,125.60939326517622,126.47443656558454,121.3301302129993,121.3301302129993,131.83852907759515,110.16021027568858,104.2658394261792
2006-05-26,126.91242420392808,127.43158166510062,122.09458376044618,122.09458376044618,133.3739272671952,110.72077491771968,104.28492344945128
2006-05-30,123.89061688428231,125.3287180181237,120.37379165198348,120.37379165198348,129.6040168635053,108.75437004577422,104.30401096571732
2006-05-31,125.66450583791507,126.65441701363382,121.65924147126569,121.65924147126569,131.8343180900357,109.97044751922085,104.32318103237621
2006-06-01,127.47402725764529,128.220921353376,123.17766196756072,123.17766196756072,134.0524825602314,111.02260860701327,104.34223600973269
2006-06-02,126.87904404986043,127.8636874805394,123.42475650768016,123.42475650768016,133.4981070406152,111.25544546668687,104.36121535924158
2006-06-05,123.94340839314165,124.60769339849982,121.25860338903384,121.25860338903384,129.4611467136288,109.63405337619174,104.38035639133575
2006-06-06,123.33527874657281,123.96115707764493,120.89991979765637,120.89991979765637,128.6613217620922,109.36670378503301,104.39954048954415
2006-06-07,123.1556968920489,123.47026691057957,120.48793833830868,120.48793833830868,127.98139678405916,108.54738910136426,104.41872811360398
2006-06-08,122.58719683398004,122.72639800693854,120.50805395996915,120.50805395996915,127.3266425597286,108.4525459009307,104.43791926416317
2006-06-09,121.70835166279468,121.90548730212038,120.23834842236059,120.23834842236059,126.19556145468499,108.10755220838055,104.45715351535178
2006-06-12,117.71134722510294,118.91661990776342,118.68725466831515,118.68725466831515,122.28065403478531,106.9346251937404,104.4766287145113
2006-06-13,116.7255211972115,118.27832828155859,117.57749044679942,117.57749044679942,121.2565603148778,105.69273952728058,104.49594925979713
2006-06-14,117.42161438003706,118.92665486825295,118.01109643506221,118.01109643506221,121.9796743703332,106.51198739979878,104.51527337797262
2006-06-15,121.69431205155858,122.09876726969179,120.52795432723741,120.52795432723741,126.4182291748027,108.77163595596686,104.53440305573106
2006-06-16,119.76523082111686,120.88901888344917,120.2439212898489,120.2439212898489,124.41426507019058,107.97902664361874,104.55365507626526
2006-06-19,117.53526056030802,118.76736924323299,119.14044821729296,119.14044821729296,121.65281721324537,107.13006689800504,104.57314826736749
2006-06-20,116.83292604182502,118.14507631965806,119.12884145334588,119.12884145334588,121.02762245365896,107.49391087946094,104.59260549069114
2006-06-21,118.17612124562768,119.51065606553976,120.34655189679518,120.34655189679518,122.65126135037772,108.29085337214488,104.61202672102863
2006-06-22,118.86383218059082,119.98336173561364,119.72647626485984,119.72647626485984,123.22898627280085,107.81441351310879,104.6314515575884
2006-06-23,119.67509561574028,120.74867384193094,119.71971267011374,119.71971267011374,124.06667763181413,107.7971189695659,104.65107810325394
2006-06-26,120.15217832808192,121.23610484708153,120.3193658169771,120.3193658169771,124.79516876711628,108.27352065080169,104.67098556748215
2006-06-27,119.13330614210287,119.95586832137771,119.22613037238337,119.22613037238337,123.20032024726231,107.33795456517252,104.69093641643174
2006-06-28,119.72671217363092,120.64563516773566,119.68490229235111,119.68490229235111,124.23438594026663,108.06561389473406,104.71073262423045
2006-06-29,122.17944590918013,123.53565359186787,122.15120735580228,122.15120735580228,128.03383602608403,110.24860142786883,104.73053257533164
2006-06-30,122.86666724103976,124.2733563885981,122.28755347544416,122.28755347544416,128.75131834792847,110.25726778854042,104.75029663508111
2006-07-03,122.73119176907724,124.16466656223271,122.99065622826585,122.99065622826585,129.02661335467081,110.70771811001181,104.77042107468294
2006-07-05,122.73119176907724,124.16466656223271,121.95291465722198,121.95291465722198,128.28960744874806,110.0753505700375,104.7902323123865
2006-07-06,122.73119176907724,124.16466656223271,122.15908728252043,122.15908728252043,128.66317728255083,110.39588183703557,104.81000763827912
2006-07-07,122.73119176907724,124.16466656223271,121.38320674970387,121.38320674970387,127.82520084447113,109.67687932369554,104.82986602315371
2006-07-10,122.73119176907724,124.16466656223271,121.68985754094008,121.68985754094008,128.0674989750697,109.88477653531308,104.8498868096913
2006-07-11,122.73119176907724,124.16466656223271,122.1287431447756,122.1287431447756,128.63287611150363,110.36988275502078,104.86987175817328
2006-07-12,122.73119176907724,124.16466656223271,120.8523202103273,120.8523202103273,127.25983483181511,109.19178264843792,104.88990018515071
2006-07-13,122.73119176907724,124.16466656223271,119.32131486406236,119.32131486406236,125.19015583626641,107.41595181121689,104.90989276039575
2006-07-14,122.73119176907724,124.16466656223271,118.45385867019753,118.45385867019753,124.70550395617965,107.00010966573142,104.92992883072876
2006-07-17,122.73119176907724,124.16466656223271,118.5144858324899,118.5144858324899,124.52384153900927,106.84423925149369,104.95016713100112
2006-07-18,122.73119176907724,124.16466656223271,118.60155731264435,118.60155731264435,125.15991028410878,107.39000045145248,104.97048868502458
2006-07-19,122.73119176907724,124.16466656223271,121.03536002832472,121.03536002832472,126.8963653883614,108.87991774211143,104.99073480825578
2006-07-20,122.73119176907724,124.16466656223271,119.83287713852172,119.83287713852172,126.02814339812406,108.13496386900701,105.01086573673976
2006-07-21,122.73119176907724,124.16466656223271,118.95968086699071,118.95968086699071,125.13966500829896,107.37262955230898,105.03104023641126
2006-07-24,123.70185664675824,124.97330552662052,120.90875263431091,120.90875263431091,127.25810977890308,109.33036806358282,105.05125832711414
2006-07-25,124.47581408949523,125.88635349242657,121.61879654366184,121.61879654366184,128.22038985054132,109.72018249370328,105.07159945547711
2006-07-26,123.68472821064618,125.15324811981816,121.48417799771768,121.48417799771768,127.47516473899705,109.86744381396989,105.09186508039058
2006-07-27,122.00125907758897,123.88003740120014,120.90784323938823,120.90784323938823,125.70702226615995,109.76352384151136,105.11209487965323
2006-07-28,123.92786857275219,125.65361038856554,122.35082140104885,122.35082140104885,128.15911072878356,110.86367442430026,105.13220932438695
2006-07-31,123.97313185836225,125.78415075875759,122.15327130125335,122.15327130125335,128.18685188567613,110.7510021911194,105.15244688976885
2006-08-01,123.68388089148374,125.1006976710188,121.61751206422001,121.61751206422001,127.49289175339797,110.205288713411,105.17276786159042
2006-08-02,123.99383294549364,125.92129476091088,122.35444443139315,122.35444443139315,128.35254985404507,110.9502998532159,105.19301323434225
2006-08-03,124.36636538429461,126.81435140655188,122.81950297064212,122.81950297064212,128.9506041995867,111.24475568259855,105.21330227686917
2006-08-04,124.47526934244263,127.14450123499438,122.88867567830597,122.88867567830597,128.92511559423974,111.0541911923242,105.23351566828661
2006-08-07,124.60023671516187,127.15061852174713,122.41656962195165,122.41656962195165,128.85835889996733,110.7943244500273,105.2538523068512
2006-08-08,124.4460720039575,127.07999959090532,122.09374074578787,122.09374074578787,128.45264139974933,110.36988275502078,105.27411328806187
2006-08-09,124.57156505985245,127.08990296489722,121.41575198692298,121.41575198692298,128.3662777207585,109.99738195734336,105.29425873693762
2006-08-10,125.18348384252235,128.0637048414862,122.2607671099391,122.2607671099391,129.19513896107188,110.3352173123344,105.31432838508253
2006-08-11,124.78682652490744,127.55048264570078,121.75695183229992,121.75695183229992,128.60397060452954,110.02336195045801,105.33448152959359
2006-08-14,125.05797355265125,128.03200496375734,122.08187650620103,122.08187650620103,129.04873264709767,110.11004464607413,105.35483768006192
2006-08-15,126.5406113169045,129.82591972900886,123.68462279911917,123.68462279911917,130.96614163215042,111.42672062335186,105.37511810058722
2006-08-16,128.19860513667675,131.7712701272893,124.64556962433755,124.64556962433755,132.95043747960284,112.35357262605905,105.39528287793058
2006-08-17,128.3579996999219,132.24383351146193,124.89085615387886,124.89085615387886,133.19887153767695,112.6394479948208,105.41553123113556
2006-08-18,127.95884139571132,131.7496476837059,125.04851839140616,125.04851839140616,132.95411810300575,113.21117964344415,105.43582333494722
2006-08-21,127.2313046263163,130.23503517710844,124.6667753231279,124.6667753231279,132.01407663082983,112.72609251263661,105.45615920933403
2006-08-22,127.20648509215053,130.04376487929468,124.74063883488323,124.74063883488323,131.98197402318038,112.71745478531525,105.47645913388273
2006-08-23,126.80796957339244,129.14871878021322,124.15010125094626,124.15010125094626,131.33932580618307,112.40558033453871,105.49672308252478
2006-08-24,126.47968149617027,128.4140262792798,124.25332710463681,124.25332710463681,130.92860800708826,112.31025991160122,105.5169909242404
2006-08-25,126.57800926331795,128.53817158384672,124.07232391608048,124.07232391608048,131.1324810508543,112.4489025934466,105.5373424537798
2006-08-28,127.67880608424132,129.75388681268535,125.01128289126649,125.01128289126649,132.1288275968611,112.98598788828373,105.55765800580583
2006-08-29,127.896922468412,130.03826746989904,125.41424889921134,125.41424889921134,132.35454604617934,113.11595466500745,105.57785771432282
2006-08-30,127.42292542815598,129.78859750523938,125.51123289661936,125.51123289661936,131.86402866796945,113.18519010587944,105.59798141794768
2006-08-31,128.04874249440059,130.48535267098282,125.90190096939882,125.90190096939882,132.51165749368428,113.1678860178865,105.61810895725793
2006-09-01,129.39568872065416,131.82701393563872,126.47371302413427,126.47371302413427,133.90554917523306,113.84354718341847,105.63812045334176
2006-09-05,129.16758458333317,131.58076343150046,126.51920642860729,126.51920642860729,133.68154080844064,114.06013938905784,105.65805578712764
2006-09-06,127.30897588038137,129.70155953334108,125.48407358378722,125.48407358378722,131.6103408239845,113.05528059585622,105.6778749010362
2006-09-07,127.48901029910023,129.8598110925209,124.90325859206396,124.90325859206396,131.72012300079393,112.53553756681234,105.6976977325721
2006-09-08,128.16801443618093,130.67753270914898,125.73390814653008,125.73390814653008,132.46993517027423,112.85605928936033,105.71736419326162
2006-09-11,127.92343366381438,130.1610027294894,125.95555442146839,125.95555442146839,132.15508852133024,112.96868380029079,105.7370743486028
2006-09-12,129.57861457987553,131.60274159972602,127.18953082123909,127.18953082123909,133.86502214502997,114.07751983265142,105.75666803859693
2006-09-13,130.14237244846333,132.03844965551673,127.65255009696668,127.65255009696668,134.4474288933011,114.53654107029362,105.77630541735871
2006-09-14,128.75718306539977,130.7382812259877,127.40761608697332,127.40761608697332,133.01641801206839,114.54522651986538,105.79606661577883
2006-09-15,127.59570280296832,129.66709696963167,127.83576114633946,127.83576114633946,131.81651645766829,114.81412231193686,105.81587156363527
2006-09-18,128.29666279158255,129.97216178296497,127.60361786865245,127.60361786865245,132.5406639159727,114.97069901548042,105.83564015382866
2006-09-19,129.04297246206795,130.78349272966776,127.59007883809258,127.59007883809258,133.3116612050739,114.68357332375834,105.85541243720296
2006-09-20,130.1758771090963,131.72879582440444,128.2333259320052,128.2333259320052,134.48204187440248,115.29264286109017,105.87514833053294
2006-09-21,129.129065127148,130.63650383431857,127.48451320330769,127.48451320330769,133.400601780298,114.7358005545898,105.8948077092538
2006-09-22,128.48770349145929,130.23975604377085,127.17322413221746,127.17322413221746,132.73802416405468,114.38772400466416,105.91451084487278
2006-09-25,129.8082490592738,131.47782911681796,128.34706444890526,128.34706444890526,134.10225283907297,115.26651970122434,105.93405716797012
2006-09-26,130.81731264280864,132.17043471345212,129.18528813144547,129.18528813144547,135.1446958331858,116.2235798884311,105.95360709830453
2006-09-27,132.06686193859807,133.55077578922337,129.42586557892983,129.42586557892983,136.43557970854198,116.36284295953163,105.97316063654166
2006-09-28,132.26051660498376,133.68582126031237,129.57469620490733,129.57469620490733,136.6356403920758,116.31930117827191,105.99267763195188
2006-09-29,131.85884007522122,133.3285617649872,129.06988770290675,129.06988770290675,136.22067656701765,116.2235798884311,106.01227853555442
2006-10-02,130.75155746715973,132.35597178551166,128.77943887666194,128.77943887666194,135.07676550322407,115.78860112053752,106.0318429014946
2006-10-03,132.4361381129688,134.2622277791563,129.00707423369803,129.00707423369803,136.8170713877056,116.03216594209972,106.05149121380242
2006-10-04,135.4267089485056,136.9477384661888,130.50884269452143,130.50884269452143,139.90656908316552,117.3894821878132,106.07122350246871
2006-10-05,136.33773450590238,137.62664342666233,131.035389780738,131.035389780738,140.84773099333884,117.61566656578184,106.09099963204233
2006-10-06,133.5355548249641,135.23464568293343,130.5918625505097,130.5918625505097,137.95285635480866,117.46779440071018,106.110819621841
2006-10-09,133.289176454924,135.02047821007145,130.90644010304038,130.90644010304038,137.87438103597788,117.53738298623509,106.13064331442314
2006-10-10,133.289176454924,135.02047821007145,131.168685114377,131.168685114377,138.05815030966141,117.69404558982937,106.15067159389558
2006-10-11,133.289176454924,135.02047821007145,130.99368222326018,130.99368222326018,137.89481352802568,117.55480160762899,106.17078399478848
2006-10-12,133.289176454924,135.02047821007145,132.1619325359313,132.1619325359313,139.08893314684286,118.57278401968905,106.19106087468472
2006-10-13,133.289176454924,135.02047821007145,132.29891660942687,132.29891660942687,139.44612669549642,118.87729015500472,106.21130145810734
2006-10-16,134.70045440741112,136.65963049180212,132.91334897624506,132.91334897624506,140.83787019006533,119.05997092951395,106.23170658334219
2006-10-17,133.19797501129963,135.41353985024676,132.4009635560673,132.4009635560673,139.15821648586322,118.6858666642233,106.25211562877317
2006-10-18,132.78641259117504,135.61968574100632,132.73329847720993,132.73329847720993,138.77405620770438,118.84251972336747,106.27252859515346
2006-10-19,133.45379611164012,136.14025875869083,132.64512268167434,132.64512268167434,139.5275154891755,119.0338668585483,106.29298566782002
2006-10-20,133.00750383227523,135.73535307360953,132.5826195811311,132.5826195811311,139.06880835612935,119.05997092951395,106.31340648607907
2006-10-23,133.13175492997232,135.67886193698777,133.4614263416879,133.4614263416879,140.00184785124608,119.60814687534271,106.33395181622936
2006-10-24,133.13175492997232,135.67886193698777,133.55686393221183,133.55686393221183,140.4194057831723,119.96488024148985,106.35454131318235
2006-10-25,133.13175492997232,135.67886193698777,133.66780895946982,133.66780895946982,140.89811825596337,120.37385992736864,106.37509459274024
2006-10-26,133.13175492997232,135.67886193698777,134.45213844517846,134.45213844517846,141.3359977278664,120.74795464820922,106.39565184427047
2006-10-27,133.13175492997232,135.67886193698777,133.38127692293943,133.38127692293943,140.44993836632605,119.99096522355536,106.41617284503447
2006-10-30,133.3787731347404,137.10030126684842,133.69792937878515,133.69792937878515,140.58037482191398,119.90399619443686,106.43665756869324
2006-10-31,133.48957712020558,137.73791696316977,133.65119130151825,133.65119130151825,140.67926159051567,119.88662529529334,106.45706573847605
2006-11-01,133.1234307890776,135.63094719220362,132.85253369584493,132.85253369584493,139.4650040111226,119.07738955090785,106.47743755931896
2006-11-02,133.10898746188144,135.54783382684315,132.7486152640825,132.7486152640825,139.37855174589257,119.0078200542831,106.49781327855115
2006-11-03,132.92590273661145,134.494282421641,132.31787842693979,132.31787842693979,138.9719073134739,118.79898748655783,106.51827344792437
2006-11-06,132.0583025904602,134.7486981752486,133.65069552894894,133.65069552894894,138.37644973797694,120.1388851108774,106.53873754806872
2006-11-07,130.69787702642373,133.77883738990846,134.0489139510473,134.0489139510473,136.95093649124118,120.60006339423744,106.55916529067161
2006-11-08,132.48081352662783,135.15812880271457,134.4180502448941,134.4180502448941,138.81917512650222,120.86105638164362,106.57967753985263
2006-11-09,131.69311268121692,134.79275614550104,133.7622020120119,133.7622020120119,137.9937878217631,120.22592095114643,106.6001534368413
2006-11-10,132.50015800159693,135.5005346691189,134.35033483632222,134.35033483632222,138.83944511116627,120.27814818197793,106.62067357609038
2006-11-13,132.24887452744701,135.28193600663437,134.76633667286183,134.76633667286183,138.61755380555635,120.57393068992153,106.6411573491642
2006-11-14,132.72526786616288,135.97509682260005,135.670239586572,135.670239586572,139.24691313188154,121.47877319074689,106.66164505754384
2006-11-15,132.7080762957035,136.15570612930807,136.1212150344724,136.1212150344724,139.27898350348488,121.82682110732227,106.68213670198537
2006-11-16,132.95047184105192,136.65712257708114,136.7249010592074,136.7249010592074,139.57803743115232,122.14007950336028,106.70263228324498
2006-11-17,132.8377374512744,136.5594877874466,136.5272514785597,136.5272514785597,139.46491470244038,122.1748117571972,106.723131802079
2006-11-20,132.42805290708145,135.89866248812305,136.5518305015399,136.5518305015399,139.01041117451055,122.2444480649725,106.74359490044492
2006-11-21,133.12608210061808,136.51732154113088,136.8870993957355,136.8870993957355,139.74313602453475,122.3662543368788,106.76402155203779
2006-11-22,133.58473107590788,136.84451013889725,137.32497328003075,137.32497328003075,140.22458222298138,122.60988596959157,106.78437134482601
2006-11-24,132.9096493283632,136.93481521966697,137.02968401047667,137.02968401047667,139.51594542554668,122.11396588794452,106.80468461910094
2006-11-27,130.25466609903555,135.07607711075107,135.04503139095513,135.04503139095513,136.72899581578966,120.4347153410714,106.82504216248694
2006-11-28,129.94076309148556,134.93638462099403,135.3911849001707,135.3911849001707,136.3994902073439,120.95672994923403,106.84536317345092
2006-11-29,130.49643985233368,135.54436902820333,136.70059323958432,136.70059323958432,136.98278697347405,122.21833444955676,106.86568805002055
2006-11-30,131.41782921560983,136.36577151507856,137.02474018735072,137.02474018735072,137.94997414740845,122.27054259148808,106.8859763610375
2006-12-01,129.91158723839894,135.1758477050434,136.51678285980114,136.51678285980114,136.3688641636552,122.00085461006005,106.90626852376374
2006-12-04,131.22093162583823,136.15674428420908,138.11767223054784,138.11767223054784,137.74328973037922,122.93186799300162,106.92648363291381
2006-12-05,132.1300081009457,136.740827670044,138.6365858769379,138.6365858769379,138.69755200200254,123.46259668408624,106.94662162789035
2006-12-06,133.08570953980407,137.26900202346928,138.60563122202618,138.60563122202618,139.70075673890966,123.35812313352312,106.96676341555536
2006-12-07,132.35013205716496,136.6077832903864,137.98691579894958,137.98691579894958,138.92861725586434,122.81869944841668,106.98686850726678
2006-12-08,132.3504699611702,136.5482695615476,138.1202443794311,138.1202443794311,138.92897195544404,123.0449410930858,107.00693687704576
2006-12-11,133.03973836118504,137.00511516963792,138.21360587809636,138.21360587809636,139.65250055525584,123.40161719253247,107.02688746287927
2006-12-12,131.63697043260345,136.2673197205868,138.08564537236379,138.08564537236379,138.180007814829,123.30599134719245,107.04684176833965
2006-12-13,131.61744381884714,136.0353669548178,138.1639713929583,138.1639713929583,138.15951062750705,123.43647352422042,107.06684032919013
2006-12-14,133.3829139010555,137.47947860976586,139.1686063118318,139.1686063118318,140.01273369208147,124.52407315515563,107.08688316497509
2006-12-15,133.45247881233476,137.1739237017048,139.02827831251847,139.02827831251847,140.08575633877882,124.53544059519955,107.10676754412707
2006-12-18,131.17070497583828,135.88993306982047,138.40601612543048,138.40601612543048,137.69056655643578,124.1941883270803,107.12685840431298
2006-12-19,133.8585450077568,137.45947153922975,138.69509305176032,138.69509305176032,140.51200612158948,124.43041346653186,107.14695303309982
2006-12-20,136.34723615964128,139.4073098415449,138.6577457208153,138.6577457208153,143.12439807869671,124.36043355855372,107.16705143119448
2006-12-21,135.76210308266832,139.02552081463432,138.07906116767887,138.07906116767887,142.51018086537792,123.90547825664511,107.187153599304
2006-12-22,136.85024331762372,139.70051674431352,137.50298719373504,137.50298719373504,143.65240729064158,123.14427018505639,107.20734068754813
2006-12-26,138.32721994886907,141.23596781368397,138.13585162005865,138.13585162005865,145.20279728956896,123.87047875820596,107.22757215429262
2006-12-27,139.84824120407941,142.69681563886363,139.10853893099141,139.10853893099141,146.7994211577785,124.68415267187814,107.24772626668528
2006-12-28,139.25078718358583,142.256334120548,138.84558341409658,138.84558341409658,146.1722705864041,124.4216898391598,107.2679653547316
2006-12-29,139.37328419401393,142.14864661317802,138.246449064396,138.246449064396,146.30085633099105,123.90547825664511,107.28828944962224
2007-01-03,138.45603647022557,141.89890490146138,138.4780936113967,138.4780936113967,145.33801665742,123.68676718308822,107.30873917067211
2007-01-04,140.22325625157595,143.07897992761593,138.5622700199881,138.5622700199881,147.19307639022156,123.94920138245634,107.32915219388347
2007-01-05,138.14089581697095,141.6810604398758,137.36955697871548,137.36955697871548,145.0072118858852,122.96054906548856,107.34960970359067
2007-01-08,136.90220081504162,140.4322883818707,137.62623942659297,137.62623942659297,143.70694734406015,123.52925512343693,107.37019292285925
2007-01-09,137.401271661296,141.21265470460065,137.85236793069942,137.85236793069942,144.23082458925165,123.42429480591981,107.39078008875525
2007-01-10,137.51936022856916,141.16704948237506,138.40872518807632,138.40872518807632,144.35478276828766,123.83545062641656,107.41141181331463
2007-01-11,139.98494958315425,143.0811708455197,139.5493907067723,139.5493907067723,146.94292464944076,124.37791899109818,107.43212872820423
2007-01-12,142.63888611317995,145.31481277585976,139.98000025856592,139.98000025856592,149.72877553353385,125.32284818225472,107.45276839659024
2007-01-16,142.67602796018426,145.3937106642403,140.24394684508482,140.24394684508482,149.76776352218516,125.07786123763076,107.47349328810732
2007-01-17,143.14106453376337,145.84420327753276,140.25499550688286,140.25499550688286,150.2559148155503,125.13033662416429,107.49426280791661
2007-01-18,141.88622693852605,145.2250053907157,139.788838623559,139.788838623559,148.9387053101477,124.71034264289449,107.51503634148725
2007-01-19,143.7233561871333,146.7243065344501,140.32058203022635,140.32058203022635,150.86714937183606,124.95542503201924,107.53589517142021
2007-01-22,144.22813945081202,146.42965029616093,139.5937639439743,139.5937639439743,151.39702297110452,124.57042100473853,107.5567174012739
2007-01-23,144.7216743430597,147.22936344834557,140.35095069595667,140.35095069595667,151.91508909678,124.93790142167447,107.57758431768636
2007-01-24,145.77633080332006,147.6722143075528,141.42384399301736,141.42384399301736,153.02216743079066,125.94404871563675,107.59841461983058
2007-01-25,143.69167964640565,146.18271044178164,140.06631902898914,140.06631902898914,150.83389834341367,124.4654225094211,107.61928962585748
2007-01-26,143.79810066027713,146.30207363802052,140.07744529971376,140.07744529971376,150.94560903137693,124.35170038673158,107.64012800342164
2007-01-29,146.51496839765886,148.79214963485708,140.3952580938677,140.3952580938677,153.79751912889373,124.28167275650304,107.66101110219913
2007-01-30,146.30711985148324,148.60967992047796,141.20457020696358,141.20457020696358,153.57933943636158,124.9291396165021,107.68185755831388
2007-01-31,148.34404886977472,150.49831141141215,142.5055179916527,142.5055179916527,155.71751434832433,125.76902259009077,107.7026673450365
2007-02-01,150.54856981161785,152.8428727175144,143.67241009029962,143.67241009029962,158.03161136811102,126.52145931205703,107.72352186707064
2007-02-02,149.25818015404977,151.83423039627894,143.9954375393262,143.9954375393262,156.6770826792407,126.69646634870287,107.74442114496576
2007-02-05,148.3783546573349,151.1774898648187,143.97057961416382,143.97057961416382,155.75352531072778,126.73147539159208,107.76536519932442
2007-02-06,148.381437443448,150.80525147357935,144.44345987376778,144.44345987376778,155.75676132723436,126.76643671223091,107.78627259518129
2007-02-07,149.71339534819327,151.79381313090326,145.02184860057648,145.02184860057648,157.15492441988133,127.04645178864426,107.8072247848943
2007-02-08,149.38870252319927,151.3601702162247,144.83525625891585,144.83525625891585,156.81409268433129,126.8801683793705,107.82822178912737
2007-02-09,146.40127315155786,149.4934016624259,143.91547492497335,143.91547492497335,153.6781726417851,125.93528691046438,107.84918213319483
2007-02-12,146.8078829052928,149.94516966048053,143.5445625304025,143.5445625304025,154.10499300056455,125.50654066847228,107.87022806291338
2007-02-13,150.12542898253474,153.29223074095387,144.6846204808441,144.6846204808441,157.58743825414967,126.56522061566858,107.89123733793905
2007-02-14,151.86928468173724,154.62123015370892,145.79562516508733,145.79562516508733,159.4179725892369,127.39644677303575,107.91220993137466
2007-02-15,152.47076853662622,155.0672457128027,146.11838910199336,146.11838910199336,160.04935329859168,127.56259656000839,107.93322738297171
2007-02-16,152.03837712940452,154.850912144923,146.0939463917896,146.0939463917896,159.59546980497578,127.50135936830249,107.95428971346757
2007-02-20,156.83260112193028,158.36592914117247,146.79765373189332,146.79765373189332,164.62799149380044,127.77254582839288,107.97539694365294
2007-02-21,158.06069000596995,159.0987813721933,146.61206751758778,146.61206751758778,165.91712273889232,127.72007998630943,107.99646750321085
2007-02-22,156.76789612883528,158.372832882225,146.50292347214724,146.50292347214724,164.56007032832431,127.6238814739647,108.0175829800006
2007-02-23,157.80274152507567,159.1007200598549,146.26772075679702,146.26772075679702,165.64635288610205,127.12515532399446,108.0387025852898
2007-02-26,159.4671622409423,159.74756144807145,146.03824617122817,146.03824617122817,167.39350390887162,127.0114141124048,108.0598263198857
2007-02-27,153.8545565498601,155.9444384161718,141.3839126698585,141.3839126698585,161.50192272383998,122.05062891722127,108.0807091500113
2007-02-28,154.29732968592566,156.3308666308402,142.05140450246685,142.05140450246685,161.96670397184857,123.30180133360784,108.1016777252721
2007-03-01,153.3851396622291,155.75517039189583,141.5904062252963,141.5904062252963,161.00917339218876,122.9342731944215,108.1226095078883
2007-03-02,149.7750035858344,153.5219286727035,139.82594983852943,139.82594983852943,157.21959490516164,121.32449669967234,108.14346359462827
2007-03-05,146.1240806706223,151.30358993191263,138.2039176481488,138.2039176481488,153.3872022627494,120.16956097343083,108.1642808154323
2007-03-06,151.59892138998134,154.43289742206846,140.48534278573769,140.48534278573769,159.1341708453582,122.22564549831716,108.18518383164889
2007-03-07,151.28009945593712,154.0683340958008,140.2227117099364,140.2227117099364,158.7995018143634,122.10313293710504,108.20600908344582
2007-03-08,155.85197448767022,156.38265686723042,141.4656042984476,141.4656042984476,163.59862265053263,123.13549883543394,108.22675650877218
2007-03-09,155.9365015029212,156.44155603375168,141.81229856642366,141.81229856642366,163.68735109505366,123.1705746894737,108.24754883962589
2007-03-12,159.1647746406019,157.9296442543553,142.13595912340415,142.13595912340415,167.076086082855,123.35427672014137,108.26834516506503
2007-03-13,155.06174875055333,155.59720359932334,139.2615117335264,139.2615117335264,162.7691186124844,120.95702582718646,108.28906359568643
2007-03-14,156.12149638789802,156.13546869584974,140.02527697259583,140.02527697259583,163.8815411813782,121.85814599248108,108.30970406963418
2007-03-15,156.2473038930932,156.65734364056914,140.82450151571678,140.82450151571678,164.01360196942207,122.02442940175482,108.33030750342976
2007-03-16,155.63076080571264,156.32008646654162,140.32416576722747,140.32416576722747,163.36641350593453,121.68268082223146,108.35087387053315
2007-03-19,156.9255838494137,156.9385565524364,141.74881754108173,141.74881754108173,164.7255959431286,123.14965325490085,108.37156711186998
2007-03-20,157.4401722269111,157.37025163119696,142.74402872943057,142.74402872943057,165.2657620210195,123.82593480968795,108.3922233114286
2007-03-21,162.23744877966962,160.7725134232694,144.9495044019344,144.9495044019344,170.30148799808805,125.86382761272401,108.41284244261479
2007-03-22,161.67725816321718,160.17611084564697,144.77496997545055,144.77496997545055,169.7134530144143,125.76717096677548,108.43350650947195
2007-03-23,161.87889895713124,160.40549020583973,145.08379437882513,145.08379437882513,169.92511639733226,125.95163655344945,108.45425654567343
2007-03-26,160.3099550234405,159.49417409756603,144.93719107396268,144.93719107396268,168.27818784598418,125.78479002162103,108.47496953140706
2007-03-27,158.5567777685947,158.6888285852666,144.04654675304556,144.04654675304556,166.43786862578912,125.48612508975363,108.49568647298152
2007-03-28,156.99460766375503,157.63999440232783,143.00599253209995,143.00599253209995,164.7980505975752,124.57260668380658,108.51636633035336
2007-03-29,156.15224798572467,157.08472850010307,143.26698861892993,143.26698861892993,163.91382129245977,124.70431055044466,108.5370090768979
2007-03-30,156.1122077893446,157.36555554099948,143.2735734749589,143.2735734749589,163.87179089149777,124.730739132713,108.55761468602451
2007-04-02,156.85153800134353,157.29605564759692,143.75315491377185,143.75315491377185,164.64786963393618,124.87124298232376,108.57826527912141
2007-04-03,158.39991323557825,158.61944026899306,145.07674142285902,145.07674142285902,166.27320711522063,126.21518745347677,108.59891980051941
2007-04-04,158.49650384530727,158.5614227980637,145.1657158878407,145.1657158878407,166.37459877717802,126.35572948088787,108.61961933471488
2007-04-05,161.5123972115168,160.89676389564286,145.5578100923842,145.5578100923842,169.54039762184902,126.69828933866792,108.64024062729081
2007-04-09,161.7018329509515,160.76216343548825,145.65967099485033,145.65967099485033,169.73924929603652,126.87396448681926,108.66082472760586
2007-04-10,163.19241490337473,161.5451932244272,145.95230314451726,145.95230314451726,171.30392087088057,127.02326831940273,108.6814127279968
2007-04-11,164.57526133097093,162.19079217403683,145.1283595043517,145.1283595043517,172.75550190882146,126.50501422457117,108.70204575196757
2007-04-12,166.38968202809903,163.2401419044586,145.7801188272509,145.7801188272509,174.66010868672447,127.067239600916,108.72264156251889
2007-04-13,165.4635809249899,162.65378180494451,146.22521162615865,146.22521162615865,173.68797557514955,127.64696949870545,108.74320013309305
2007-04-16,167.06261402788823,163.17219945930532,147.67688058694154,147.67688058694154,175.36648888283602,128.85908602536932,108.76376259112637
2007-04-17,168.02710568912437,164.30761567729255,148.05647383652575,148.05647383652575,176.37892076157775,129.20167451649965,108.7842877756124
2007-04-18,170.88348277355593,166.59736781454325,148.2668891686413,148.2668891686413,179.37727454130808,129.3597878765059,108.80477566005713
2007-04-19,170.89847186085765,166.87702747546632,147.91748314014856,147.91748314014856,179.39300866367267,129.32463566686548,108.82522621800089
2007-04-20,172.60588270237668,168.07386055052172,149.1412351958073,149.1412351958073,181.18528664339885,130.54565716545295,108.84568061975862
2007-04-23,172.39569765391084,167.52988666675486,149.10883936923642,149.10883936923642,180.9646543123439,130.0537171194888,108.86613886605285
2007-04-24,174.0217642561067,168.735408607234,149.3434233593698,149.3434233593698,182.67154482388068,130.10644066172438,108.88655974537812
2007-04-25,175.84706233906286,170.04581001624356,150.57508359832437,150.57508359832437,184.58756964987288,131.3010622113937,108.90694323133376
2007-04-26,176.10703254383984,170.44135523874445,150.59143061216446,150.59143061216446,184.86046171666575,131.45030877727672,108.9272892975537
2007-04-27,175.2683322159271,169.67196005033796,150.53004762373135,150.53004762373135,183.98007365027055,131.34492850395614,108.94759791770645
2007-04-30,169.4512741572377,166.20522786969934,148.88253255089936,148.88253255089936,177.8738777588925,130.2558017610083,108.96782780283026
2007-05-01,167.4804111803454,165.70180486870348,149.30537346750074,149.30537346750074,175.80505271184114,130.58953300246543,108.98793760981005
2007-05-02,171.16730170282145,167.6935382213359,150.4979584677517,150.4979584677517,179.6752007373838,131.35375712027906,109.00809241773317
2007-05-03,171.90809036786234,168.38996098043373,151.1680883949743,151.1680883949743,180.4528104255139,132.06520042915665,109.02820965547167
2007-05-04,174.5734579873197,169.0305544290011,151.46099648262947,151.46099648262947,183.2506605832291,132.5658927358431,109.04833060580843
2007-05-07,175.8352551811385,169.52062393112305,151.89568637177962,151.89568637177962,184.57517561521155,132.59224496251082,109.06849658202468
2007-05-08,174.76890474067255,168.86525125806372,151.56037961173286,151.56037961173286,183.45582204977552,132.41657935880957,109.08862496723769
2007-05-09,175.35484758698428,169.3475791780926,152.24000795137863,152.24000795137863,184.07088928215188,132.77667237138448,109.10867439959397
2007-05-10,172.84494144482366,167.4104296278366,150.28361770278792,150.28361770278792,181.43622784016887,131.388852063219,109.12868616959155
2007-05-11,173.8847628857631,168.3069885532825,151.44845522003138,151.44845522003138,182.5277337777702,132.51325509365824,109.14870160997496
2007-05-14,173.83258378652013,168.58930772268786,151.14215731089558,151.14215731089558,182.47296110777125,132.22325652246244,109.1687207214175
2007-05-15,172.01783162048528,167.37370078856605,150.73934572650222,150.73934572650222,180.5680063852447,132.25849463215354,109.18861937096644
2007-05-16,173.27354464967493,168.0668214463551,151.677844343473,151.677844343473,181.8861348381891,133.16323214402803,109.20819039087665
2007-05-17,174.8377626573554,168.93200439588304,151.43674928579557,151.43674928579557,183.52810256059308,132.89970987735097,109.22801342936981
2007-05-18,174.27909593674443,168.72816273652342,152.38027706056687,152.38027706056687,182.94166721825565,134.0591410395796,109.24792288645418
2007-05-21,175.07248154294368,169.52803614229924,152.6534522036377,152.6534522036377,183.77448818720154,133.98889388699925,109.26808438445308
2007-05-22,176.27645844233456,170.20538192257447,152.76866389421224,152.76866389421224,185.03830895746063,133.88347543587832,109.28837377896056
2007-05-23,175.27606995027585,169.42642465161015,152.36170718884438,152.36170718884438,183.98819598998458,133.90107540182373,109.30858414563096
2007-05-24,172.53955839120988,167.48099688874353,150.66376131612103,150.66376131612103,181.11566567137845,132.6888825195592,109.32879824974303
2007-05-25,175.1267071185413,169.04612781353484,151.4511156460026,151.4511156460026,183.8314090540007,133.24226019068092,109.3489332503491
2007-05-29,176.46771385438586,170.5490315306273,152.0469578011523,152.0469578011523,185.23907075139297,133.725352531422,109.36911338962003
2007-05-30,180.32438487998235,174.10832817578722,153.314688838779,153.314688838779,189.28743824803777,134.81456517442052,109.38909002337019
2007-05-31,182.55679411009717,175.66081813261002,153.67592476306623,153.67592476306623,191.63080974807625,134.6740422359096,109.40861397003162
2007-06-01,181.75614206377966,175.36699141829658,154.2635548714637,154.2635548714637,190.79036115940445,135.34159061887453,109.42839041550215
2007-06-04,182.77698929992857,175.8266366619388,154.51594489957333,154.51594489957333,191.936704359726,135.3591714959198,109.44825342383226
2007-06-05,183.62723928044153,175.7306010440398,153.42373048966337,153.42373048966337,192.7346653556873,134.82335561294317,109.4682030250022
2007-06-06,181.8640311267361,174.57628695353628,151.95389301934745,151.95389301934745,190.6283318298602,133.37402132401948,109.48803175278034
2007-06-07,177.52203443548413,170.7869013932573,149.0251082731286,149.0251082731286,185.6463498083117,130.96725461433599,109.50786407227218
2007-06-08,181.72671193597918,173.70763950971386,150.723226338758,150.723226338758,190.36026649775127,132.67130164251395,109.52757539376401
2007-06-11,181.27506620423895,173.227031880784,150.87803501506193,150.87803501506193,189.85812767005947,132.89970987735097,109.5471240575246
2007-06-12,179.89498399090445,171.9294894780953,149.36619896788645,149.36619896788645,188.41270094623627,131.45030877727672,109.56663464161564
2007-06-13,184.70663862710575,175.31185961239842,151.81302559253828,151.81302559253828,193.45217912353215,133.4179257943822,109.58589916050072
2007-06-14,186.35934870873191,176.26149004353348,152.31042755553753,152.31042755553753,195.1831421745976,134.2699397640211,109.60512545536481
2007-06-15,190.1596500177141,178.8393408471378,153.241661316747,153.241661316747,199.16338119043948,135.033953903933,109.62398037831836
2007-06-18,189.39558820610202,178.18433839100123,152.95032470102004,152.95032470102004,198.3631423709792,134.87512471017084,109.64317172471479
2007-06-19,188.25283872674663,177.41053764411166,153.08560903272632,153.08560903272632,197.16628567640265,135.21036397474043,109.66240806776223
2007-06-20,187.2114708603393,176.3480432778577,151.16923398923953,151.16923398923953,196.07561083914123,133.33133854326687,109.68202240521363
2007-06-21,188.73484109650806,177.76686883998778,151.93895941013812,151.93895941013812,197.67111002633465,134.07239828073912,109.70147376323331
2007-06-22,190.53595193769505,179.44582512750532,150.28612972214995,150.28612972214995,199.5575003567551,132.81086059156692,109.7210118373469
2007-06-25,190.13507064941695,178.84293503040385,149.72332823335768,149.72332823335768,199.13763803148265,132.17577288332015,109.74096956023809
2007-06-26,189.5062630227694,178.2563015638779,149.11913420530271,149.11913420530271,198.47905744916778,130.81720631464634,109.76093091334283
2007-06-27,192.32148750530345,180.68601907491296,150.63990569361215,150.63990569361215,201.42757795127937,132.6785077023235,109.78068778664873
2007-06-28,193.07603591402034,180.983173448216,150.70221043486183,150.70221043486183,202.21785292463946,132.66092682527824,109.80044821617484
2007-06-29,191.2421522392233,179.57152671531153,150.46900063453396,150.46900063453396,200.29713802351029,132.70499355129232,109.82037875896441
2007-07-02,194.58445278287257,181.43587506430595,151.9761437494832,151.9761437494832,203.7976907283866,133.90477864845434,109.84085388849007
2007-07-03,195.9306867902875,182.36803559992418,152.3817669110171,152.3817669110171,205.20766659216912,134.38997076821275,109.86133283543954
2007-07-05,196.88707810375556,183.38756208079454,152.46039336877104,152.46039336877104,206.20934138339703,134.2487701737462,109.88181560052456
2007-07-06,197.68817659413583,183.66358054735397,153.09907001268408,153.09907001268408,207.04837050443209,134.95455362372704,109.90230218445696
2007-07-09,202.55022587851263,185.35561031556497,153.10128473143106,153.10128473143106,212.11708127457786,135.0604111195516,109.9228758166693
2007-07-10,200.04895128228586,183.85501371170452,150.75368085110517,150.75368085110517,209.1238317519818,133.1372521509134,109.94337005594996
2007-07-11,199.68739404904207,183.61777381537226,151.71341632203283,151.71341632203283,208.92860826503792,134.0812078081619,109.9638681162173
2007-07-12,202.85826699103848,186.02214602683102,154.2772322956801,154.2772322956801,212.66082214983922,136.19840544690314,109.98445327352796
2007-07-13,204.25403611701523,187.02449303228954,154.92472053175118,154.92472053175118,214.2014423422953,136.60420683090567,110.00504228436532
2007-07-16,202.3214366154926,184.89515162505995,154.40009904577386,154.40009904577386,212.04961380328422,136.58659732051018,110.02567679677715
2007-07-17,202.55605478038217,185.33085525109377,154.35266224299934,154.35266224299934,212.2405153602192,136.5159493010265,110.046231865532
2007-07-18,202.35719145238198,184.83565043001627,154.17081444015565,154.17081444015565,211.83929611489614,136.2690057441364,110.0667907743982
2007-07-19,203.61309998846866,186.482548564903,154.88793759091496,154.88793759091496,213.56925481791774,136.79827413435893,110.08743686946077
2007-07-20,202.79275591838143,185.00769277333137,152.9836921911827,152.9836921911827,211.62833213695217,135.4132789834168,110.10804515875348
2007-07-23,203.00298153316672,186.13417288383422,153.45910864322892,153.45910864322892,212.26547460967646,135.82791852819236,110.12886569792225
2007-07-24,196.33007337463883,182.33795910474564,150.53544621808717,150.53544621808717,205.2880991711522,133.47251050438314,110.14969017408625
2007-07-25,201.81051169185423,185.2516655053323,150.95267520123204,150.95267520123204,211.01859550025526,133.7459780880424,110.17039351736992
2007-07-26,197.61319520990426,182.68541817677186,147.35555153403234,147.35555153403234,206.62976648700965,130.57891002952766,110.19080872698686
2007-07-27,192.94248279375518,179.35877184665293,145.11200696652142,145.11200696652142,201.74594172595698,128.01179655851945,110.21097721140794
2007-07-30,195.48978704730717,180.74789555565286,146.8066009849982,146.8066009849982,204.8866642907712,130.01438444071383,110.23156689810719
2007-07-31,194.21375463154547,179.84963862061002,145.18567497425207,145.18567497425207,202.97700196333795,128.54997946511565,110.25216043138515
2007-08-01,194.02194984428596,179.46613823281575,146.41073247794262,146.41073247794262,203.02263652969413,129.1762862792899,110.27246548689337
2007-08-02,197.11288215556914,182.38850311492192,147.3504136993699,147.3504136993699,206.65986652076123,130.2084135663668,110.29277428196804
2007-08-03,192.07451515867638,178.28507598068427,143.50938441018332,143.50938441018332,200.07471012369024,126.85621180967259,110.31296142938588
2007-08-06,193.49877292685068,179.32604789223205,147.05262141825258,147.05262141825258,202.0373128506568,128.9822285202867,110.33323588292184
2007-08-07,193.6782935327624,176.93472450545707,147.90098159087083,147.90098159087083,202.49546632986048,130.3584332327062,110.35376484706003
2007-08-08,196.43539582117182,179.01802588595302,149.64373606844757,149.64373606844757,205.72719234324802,132.17577288332015,110.37433942214729
2007-08-09,191.89415509953614,177.70749482111705,145.72114950129566,145.72114950129566,200.22230802342915,128.2588641932606,110.39433228463717
2007-08-10,188.06076701397015,175.36577802757358,145.95522566235329,145.95522566235329,196.10850011952405,127.65895732800448,110.41336492577697
2007-08-13,190.69861433664406,176.00774553688586,146.02531594345217,146.02531594345217,199.15891897558546,128.11771132104448,110.43311358018791
2007-08-14,187.33633205104243,174.4525177678777,143.2625654825002,143.2625654825002,195.64746973081503,126.15928560936493,110.45244657766746
2007-08-15,181.76696489780485,172.01863612160122,141.0543375886332,141.0543375886332,189.83101875409812,124.42140350565742,110.47005979524172
2007-08-16,180.40169258952005,171.9704113716747,141.27469821477203,141.27469821477203,188.40517642183394,125.35653054658297,110.4859456081008
2007-08-17,186.8541966513244,175.10425669242017,144.42120306995645,144.42120306995645,195.1439444936668,127.65895732800448,110.50166451505191
2007-08-20,189.57574786162402,175.95925751906543,144.65570150186076,144.65570150186076,197.9862367613134,127.59723336934454,110.51496726043895
2007-08-21,189.36127554995517,175.6547786864366,144.8100959901259,144.8100959901259,197.7622494298336,127.85302463145776,110.53009746195241
2007-08-22,193.35611871904948,177.08588925844992,146.58418684966566,146.58418684966566,201.93432299104637,129.37036312719326,110.54552629242795
2007-08-23,191.35251039579964,176.46326392515874,146.24921452887745,146.24921452887745,199.84182499835254,129.25576291509648,110.561845877008
2007-08-24,194.04072738320758,177.17008770654854,147.82316460610664,147.82316460610664,202.64930417719359,130.85241579098724,110.57960297919215
2007-08-27,190.307655097185,175.34229672665725,146.5166412743122,146.5166412743122,198.75061491021498,129.63502118342973,110.59891962534569
2007-08-28,183.56956492626298,172.4715128697136,143.2694309165007,143.2694309165007,191.71359076051726,126.78564969023964,110.61731454658332
2007-08-29,189.2525049302718,174.835647034217,146.34934177073106,146.34934177073106,197.64865322407297,129.2733151587915,110.63402525672943
2007-08-30,188.64149071752598,174.054498868724,145.8500608537763,145.8500608537763,197.0105314919751,128.92928545569927,110.6501463279755
2007-08-31,191.66668163646978,175.5426063658935,147.30474796126788,147.30474796126788,200.16993438122736,130.19960403894405,110.66698880514556
2007-09-04,194.21329325297867,176.5710003200474,148.72395986689298,148.72395986689298,202.8295258961361,131.51406570380345,110.68568978946149
2007-09-05,190.74375066746947,174.9130207642242,147.11240493508086,147.11240493508086,199.20605777040575,130.37610000980214,110.70393060157659
2007-09-06,191.0878098562161,175.01561340290087,147.82348250261848,147.82348250261848,199.56538107400053,130.67599617572972,110.72192144600967
2007-09-07,184.91443702511822,172.3268973575308,145.31505789200557,145.31505789200557,193.1181278322739,128.85872333626634,110.7389862497036
2007-09-10,180.14197462050205,170.3100142800505,144.8397160063968,144.8397160063968,188.13393611876165,128.61177023492613,110.75563071423097
2007-09-11,181.6087818008807,170.790699150737,146.55175158416,146.55175158416,189.66581789674953,130.1113846868652,110.772869812955
2007-09-12,180.26002610376707,170.24486168932836,146.64871606654813,146.64871606654813,188.25722493169982,130.4466716736852,110.78981558194714
2007-09-13,182.76242475590126,171.12765053426364,147.51540637198707,147.51540637198707,190.87064198320087,131.36409375971445,110.80693314373272
2007-09-14,186.2149409208315,172.89755909069524,147.69244881706612,147.69244881706612,194.47632831471984,131.35531286564193,110.82375716111444
2007-09-17,184.72563074837444,172.39597775379568,146.97139716753173,146.97139716753173,192.92094520405772,130.64953896011116,110.84121827716565
2007-09-18,192.9569357136197,175.9628138778532,151.0279972487547,151.0279972487547,201.51743031402637,134.49577099733682,110.8580898381196
2007-09-19,195.2206843507733,176.84846100869197,152.15016736347616,152.15016736347616,203.88160969192202,135.28973562159615,110.87462509790558
2007-09-20,190.28967782953953,174.35884900494375,150.89554440417538,150.89554440417538,198.73184008480334,134.33701815917527,110.89056908805448
2007-09-21,193.46117661400578,175.4751589664719,151.54223519076731,151.54223519076731,202.0440417578142,134.69954500652028,110.90630309836835
2007-09-24,191.482206933458,174.94577726062585,150.7670328440168,150.7670328440168,199.9772754961172,134.45135112666983,110.92254869645761
2007-09-25,190.46393012660621,174.41818357099226,150.76415522089368,150.76415522089368,198.91382304904008,134.18547138082326,110.93854203264243
2007-09-26,190.0555035901251,174.49615767600085,151.6073556788754,151.6073556788754,198.4872767536227,134.89453812163123,110.95428284972814
2007-09-27,189.24306795976088,174.74465273960618,152.2125480971598,152.2125480971598,197.63879758431455,135.69228234812178,110.96994091383357
2007-09-28,191.360903380159,175.26103195035856,151.68671072486066,151.68671072486066,199.85059033572955,135.24023810348723,110.98602601634813
2007-10-01,195.9087224984381,177.28310744325444,153.79604536077056,153.79604536077056,204.6001725099034,136.76477311458217,111.00258035871028
2007-10-02,202.71694844296204,179.96639307318608,153.8203955921576,153.8203955921576,211.71044399231326,136.57857043799387,111.0192644423722
2007-10-03,205.9808989659624,181.3981624142803,153.31776261954028,153.31776261954028,215.1191990061437,136.30388116472452,111.03595103371141
2007-10-04,203.0785129705588,180.04036370620824,153.55575435773994,153.55575435773994,212.08804925550078,136.516617412532,111.0525977003865
2007-10-05,208.72156640122654,182.17289915675568,155.27709616762075,155.27709616762075,217.9814555861272,138.13862034783222,111.0694165946574
2007-10-08,208.55642534030198,182.19645030404277,154.8859462009973,154.8859462009973,217.80898807614233,137.40294368020443,111.08623803614655
2007-10-09,208.95720229807486,182.20936535440515,156.04435858938473,156.04435858938473,218.2275454208719,138.69699931079526,111.1033589894359
2007-10-10,209.18147000434092,182.39456509251647,155.7280790614461,155.7280790614461,218.46176271760717,138.46657719699164,111.120440163662
2007-10-11,202.01899820986546,179.63086788682386,154.8402492042561,154.8402492042561,210.98152934127714,137.80175852674924,111.13777844893107
2007-10-12,205.1215711357347,180.5671599061115,155.58274219648084,155.58274219648084,214.22174727420992,138.56401648784663,111.15545857834643
2007-10-15,202.1080571751061,179.17276674100398,154.07182922621286,154.07182922621286,211.07453938911672,137.39404825273093,111.17356514638684
2007-10-16,199.0513490078356,177.8230314248133,153.21485666769226,153.21485666769226,207.88222099532507,136.30388116472452,111.19146286702318
2007-10-17,200.19931774673083,178.41017687565176,153.46357114357153,153.46357114357153,209.08111913022472,136.72044868841598,111.20838774003052
2007-10-18,199.5001366827071,177.71406364158588,153.5048477816166,153.5048477816166,208.35091904270152,136.2240418398149,111.22425200958101
2007-10-19,197.79011799492807,176.72049739990632,150.04590964060952,150.04590964060952,206.56503572901934,132.66091728082816,111.24050163546765
2007-10-22,206.47349899859694,180.08086773585592,151.04925197881204,151.04925197881204,215.63365313748636,133.43207066939905,111.25739148233887
2007-10-23,209.42061570755243,180.93521687259567,152.22099319081957,152.22099319081957,218.71151807054932,134.51339959663244,111.27419888747515
2007-10-24,206.3281894131702,179.49286749302354,151.99269325993683,151.99269325993683,215.48189692231378,134.26526298348247,111.29045581049411
2007-10-25,201.8234464322437,177.79679201411437,151.94321956070812,151.94321956070812,210.77730194942956,134.58429577181818,111.30709809882757
2007-10-26,210.4942845969479,181.5610296539491,153.26659904857848,153.26659904857848,219.8328200584717,136.16206018100286,111.32382795259174
2007-10-29,213.10983824385636,182.95714893990598,153.80910182760203,153.80910182760203,222.56441220271952,136.61406624783712,111.34077297338928
2007-10-30,211.28830521808365,182.51622332610577,153.2313289634405,153.2313289634405,220.6620672404703,135.66568196575204,111.35750788860717
2007-10-31,213.7746128907557,183.5981256464778,155.07121276206374,155.07121276206374,223.2586794395287,137.07495819769477,111.37416020385633
2007-11-01,206.9530778690187,180.75213382690458,151.567876766267,151.567876766267,216.134508425444,133.86637178133702,111.39026127880166
2007-11-02,205.87728444568046,180.35841873788274,151.8672069086725,151.8672069086725,215.01098764906925,134.01710728143232,111.40555402101039
2007-11-05,204.8791850217947,179.51816734008784,151.43793079998312,151.43793079998312,213.96860775038613,132.99772183521068,111.42127576929948
2007-11-06,219.79643707105237,185.44002711505362,152.85378393899467,152.85378393899467,229.54766060586152,134.78819385885265,111.43717040807975
2007-11-07,212.9317154859787,182.55199623419747,149.1516907136645,149.1516907136645,222.37838706547726,131.1009532710405,111.45195661451451
2007-11-08,220.3781756754583,184.81801783299616,149.89254496921217,149.89254496921217,230.15520792330202,130.43616323414838,111.46631679300229
2007-11-09,219.62645008648622,184.33523887169787,148.06429539424678,148.06429539424678,229.37013218383348,128.64573893275676,111.48020749526304
2007-11-12,208.56019276891072,180.4639991208656,147.2637406628796,147.2637406628796,217.8129226459428,127.36939780151229,111.49409992855445
2007-11-13,223.2833685926847,186.06824765081186,150.66659548518052,150.66659548518052,233.18928912427464,131.25164104888543,111.50893648125255
2007-11-14,219.99171231506404,184.82103404510673,149.71815133058087,149.71815133058087,229.75159919574236,130.88819793433285,111.523432507332
2007-11-15,212.95864265436597,181.68771586176393,148.3927070548427,148.3927070548427,222.40650885212864,129.00028661983586,111.53745898632495
2007-11-16,216.7331409916178,183.04434947644242,148.87692724585295,148.87692724585295,226.34846202854337,129.22186102841638,111.55191587815474
2007-11-19,208.7732914694502,180.16643900056886,146.73644011702135,146.73644011702135,218.03547542631938,127.42253175510126,111.5663746438099
2007-11-20,209.87749050930682,180.70303550962973,147.31175862226306,147.31175862226306,219.18866202852254,128.20258057114563,111.58019198861261
2007-11-21,206.98653375788086,179.72473296344748,145.38125787909286,145.38125787909286,216.1694485779058,125.57894486677046,111.59336673771004
2007-11-23,213.53305812327125,182.13629579410713,147.36349602867173,147.36349602867173,223.00640814467465,127.75056495986131,111.60710156164424
2007-11-26,210.3575367701011,180.62155694589586,144.7386534290936,144.7386534290936,219.69000544253024,124.93191705147504,111.62045143603704
2007-11-27,210.4374159078767,180.87403210685488,146.73045088246278,146.73045088246278,219.77342840175535,126.36776503243729,111.63388886661292
2007-11-28,223.35613162615795,186.3514833488909,150.48339414383096,150.48339414383096,233.26528027470002,130.40957239622867,111.64689790016563
2007-11-29,225.1511977992943,186.8148440114221,150.1555022824998,150.1555022824998,235.139984187862,130.45389682239488,111.65965021111357
2007-11-30,233.3261029186643,189.72474916868617,151.26349699977231,151.26349699977231,243.67756728444172,131.76568604123221,111.67309236063488
2007-12-03,232.73153236343552,189.81633981072264,150.7086682064943,150.7086682064943,243.05661872933044,130.89708381735625,111.68614899797744
2007-12-04,230.09175342720002,189.29262305263495,150.29665356312162,150.29665356312162,240.2997265457978,129.72715376004086,111.69925019803877
2007-12-05,229.73267453225347,189.4017651921411,152.28347208492104,152.28347208492104,239.92471718983973,131.8986402308306,111.71235293491954
2007-12-06,233.81172960138528,190.98099199864183,154.21058671832304,154.21058671832304,244.1847386946423,133.78661835647813,111.72554328882349
2007-12-07,235.62740502648722,191.30875771795513,154.27070399377521,154.27070399377521,246.0809661849768,133.75998934075815,111.73882127371078
2007-12-10,237.31986412246792,191.6092359262417,155.2684607693446,155.2684607693446,247.8485108791972,134.79700338627543,111.75184253535316
2007-12-11,227.6735506771991,188.11394161208293,151.2226702772482,151.2226702772482,237.77424073023877,131.1009532710405,111.76439131729848
2007-12-12,230.53552953538974,189.18946398533882,151.89363246948133,151.89363246948133,240.76319068937173,132.39501844608142,111.77668272260638
2007-12-13,233.86929557045613,190.02603680728163,152.24887928136545,152.24887928136545,244.2448585660416,132.12030053946188,111.78893232934509
2007-12-14,233.4025443205442,189.65473868519223,150.05052181383002,150.05052181383002,243.75739999332816,130.44503002827162,111.80122643357635
2007-12-17,223.1456815451361,186.19999065715905,147.87692749043705,147.87692749043705,233.04549361929924,128.58365228499383,111.81438420898327
2007-12-18,226.29336737927085,187.06029091012695,148.96194051968317,148.96194051968317,236.33282588535533,129.3016049088252,111.8274142762023
2007-12-19,228.18057582223793,187.7622841150455,148.5507710646729,148.5507710646729,238.3037599411184,129.3016049088252,111.8398852503674
2007-12-20,233.24277062816907,189.44743986954273,149.17172546127247,149.17172546127247,243.59053797408987,130.11710181246244,111.85235761529343
2007-12-21,239.4571151267602,191.5349655328946,151.3017592607229,151.3017592607229,250.080580582876,131.992738964158,111.86513339385421
2007-12-24,243.58033424771082,192.85148427745116,152.39541558828373,152.39541558828373,254.3867254685349,132.97289672055558,111.87937486206486
2007-12-26,246.8824309982444,194.06634283328503,152.22118453793908,152.22118453793908,257.83531905940447,133.25809443336175,111.89353213421812
2007-12-27,243.76805032690172,192.96373353871425,150.30706491226644,150.30706491226644,254.58276953280895,131.582881188872,111.90704551819522
2007-12-28,242.24217595000715,192.60629600991345,150.62415940693518,150.62415940693518,252.98920005433135,131.25319679424828,111.92060361379932
2007-12-31,239.9356381402216,191.80037433655278,149.69729398491282,149.69729398491282,250.58033317099748,130.2818867430738,111.93498117400082
2008-01-02,238.7560756829886,191.1280526942021,147.36881205103265,147.36881205103265,249.34843966897122,129.14136313645136,111.94888722731491
2008-01-03,239.8082176358757,191.53426603691378,147.07939158087922,147.07939158087922,250.4472596822931,129.07899969963617,111.96270887918728
2008-01-04,227.97171307907854,187.29500712819387,144.0990440027268,144.0990440027268,238.0856310454964,125.91573987670289,111.97635990828117
2008-01-07,226.15389951016,187.24127830104607,144.82490744485693,144.82490744485693,236.1871705530364,125.80881340246953,111.9903141710619
2008-01-08,221.53578313468867,185.52673462572062,142.61055686552248,142.61055686552248,231.364172398374,123.7771817586852,112.00418402020243
2008-01-09,221.42484256719624,185.2183254831931,143.87266021433138,143.87266021433138,231.24830997551803,125.07811893778289,112.01792631101367
2008-01-10,220.80659959269062,185.0518998539013,144.8119429754015,144.8119429754015,230.60263877913775,125.8979012995055,112.03175648672406
2008-01-11,216.23444705294796,183.15355282557599,142.79530774707902,142.79530774707902,225.82764363628291,124.88210456651349,112.04498455396745
2008-01-14,222.66222717197797,185.56870175311974,144.08992808967542,144.08992808967542,232.54059089272647,125.88897723868178,112.05860249012177
2008-01-15,214.87166361383055,182.79676900702736,141.1135465465105,141.1135465465105,224.40440059135264,123.11779388053765,112.07213580964887
2008-01-16,207.01704931439102,180.49955957546763,140.7361666564084,140.7361666564084,216.20131795077805,122.05746274347773,112.08554130907547
2008-01-17,194.43890543506592,175.59067122839713,136.83324403105456,136.83324403105456,203.06514731608456,118.89422200944462,112.09868935933817
2008-01-18,194.90362546300784,175.1896421359218,136.0550913305097,136.0550913305097,203.55048455208475,117.67343912210913,112.11093097595442
2008-01-22,190.42798522609348,172.48260562529006,134.1570375830866,134.1570375830866,198.87628346043996,116.47941887279471,112.12104788102964
2008-01-23,185.54709176865452,170.47044797492495,136.63884123715727,136.63884123715727,193.77885017284126,119.27734578005979,112.13055633847148
2008-01-24,193.09597534069616,173.20863108720334,137.04882162488215,137.04882162488215,201.66263840544133,120.28423754112822,112.14076200561864
2008-01-25,196.0424492944619,174.22833340114278,135.71413601401403,135.71413601401403,204.73983206761335,118.54665131537317,112.15066403102526
2008-01-28,202.6815586227404,177.06881818762582,138.04360370811105,138.04360370811105,211.67348411002666,120.50699546151856,112.16074101192476
2008-01-29,202.9981233286777,176.71406763462613,138.97283434964532,138.97283434964532,212.00409314376088,121.10402944730095,112.17055772764378
2008-01-30,201.7028237915158,176.61242755843972,138.3646095446515,138.3646095446515,210.65132791015864,120.21293095458914,112.18007038378225
2008-01-31,205.5477928774142,178.23335916148005,140.53130604018168,140.53130604018168,214.66687825542888,122.40496662639863,112.18853673988863
2008-02-01,208.94099376406413,179.54606356706137,142.8917327026398,142.8917327026398,218.21061779859733,124.37421574446759,112.19761489142962
2008-02-04,209.6307012234111,179.53339653483425,142.18478487681753,142.18478487681753,218.93092398692895,122.80593851866126,112.20739127688987
2008-02-05,198.69784204450025,175.76009548028088,138.35517866055284,138.35517866055284,207.5130307685732,119.51795182209757,112.21681987021458
2008-02-06,196.35625166175763,174.95121782972745,137.8633084405166,137.8633084405166,205.06755621212264,118.5555658317468,112.22585667305835
2008-02-07,199.41879419865097,176.19168003417352,138.68368051237593,138.68368051237593,208.26596781614037,119.33970921687501,112.23519960014846
2008-02-08,203.24344526398477,177.33127482297556,138.01341865297516,138.01341865297516,212.26029873606007,118.57341395339427,112.24480492935677
2008-02-11,211.51732729142287,180.12638210960355,138.76907892026253,138.76907892026253,220.90124983079207,119.17933382220008,112.25471614174997
2008-02-12,208.7874340353041,179.20138943546942,139.8342868545748,139.8342868545748,218.05024542418647,120.28423754112822,112.26462822930286
2008-02-13,214.40023118706225,181.53933663304576,141.32840415797685,141.32840415797685,223.9120531623384,121.51389676703705,112.27441045399792
2008-02-14,212.9605869215118,180.94088725934927,139.61062413459277,139.61062413459277,222.408539376285,120.4446511136035,112.28436785522928
2008-02-15,211.45551342581834,180.42305090564304,139.94176234087846,139.94176234087846,220.83669360580674,120.41791710893261,112.29389016306811
2008-02-19,215.23790954924567,182.7476157765713,139.951542144115,139.951542144115,224.78689495204938,120.7564587532295,112.30371853248481
2008-02-20,220.71141787132376,184.62847399272292,141.04112514546645,141.04112514546645,230.50323434036068,121.11290578587428,112.31341695301023
2008-02-21,214.28512160928796,182.337079360414,139.21005897174766,139.21005897174766,223.79183677192034,120.10597584700552,112.32289809205508
2008-02-22,218.02109633017315,183.66636300716453,140.09716057901443,140.09716057901443,227.69355723968482,120.84556573916565,112.33238003146732
2008-02-25,229.5597076615609,186.67722061487464,141.8758862925148,141.8758862925148,239.74407667965238,122.36936582760451,112.34186277131454
2008-02-26,233.76353806860735,188.382628260317,142.89143710010674,142.89143710010674,244.13440915446574,123.2870933360363,112.35108436209383
2008-02-27,228.82761965117146,186.7310262303501,142.26710670945948,142.26710670945948,238.97950973588448,123.16237600685598,112.35965111063314
2008-02-28,232.52483106751689,189.9923192521149,141.03043615263275,141.03043615263275,242.84074717310932,121.95944124116794,112.36786843979866
2008-02-29,223.21802464204643,186.55029424771993,137.54522881870645,137.54522881870645,233.12104620276222,119.24171634791546,112.3758674194602
2008-03-03,224.44945442560447,187.3687589174762,137.93484775989575,137.93484775989575,234.40710811433337,118.9565568129096,112.38325329327351
2008-03-04,224.10839552684794,187.12166885768022,137.85660695099196,137.85660695099196,234.0509182079744,118.5021264557553,112.39046415059939
2008-03-05,226.28088374678575,188.4416641265904,138.44772927852745,138.44772927852745,236.31978841909302,119.25061177538893,112.39710457719306
2008-03-06,222.7793843135769,187.70564515619935,135.7139375705448,135.7139375705448,232.66294568671512,116.78237880719762,112.40317374019317
2008-03-07,218.58737279807423,186.23877842215762,134.63939097881692,134.63939097881692,228.28495644612784,115.57945358595964,112.40946319682395
2008-03-10,205.97755027981336,182.46851203465462,132.77024279734133,132.77024279734133,215.11570175622495,114.05572030867133,112.41535696675744
2008-03-11,219.33055422001283,186.314340332146,136.27930309625438,136.27930309625438,229.06110895835712,118.15454621723379,112.42177904709973
2008-03-12,218.5891836792619,186.1850462793651,135.42472412480757,135.42472412480757,228.28684766668542,117.04967113165586,112.42820149432355
2008-03-13,221.75405298433856,187.18910101364605,135.93020459541802,135.93020459541802,231.59212574482277,117.30808711754077,112.43409624672961
2008-03-14,215.5022525224974,185.14236124163423,133.54906429559165,133.54906429559165,225.062965446713,115.49032751112334,112.43924211426744
2008-03-17,209.33710959383632,182.69942545806177,132.40772763434757,132.40772763434757,218.6243072253451,114.32306035537995,112.44407934700536
2008-03-18,221.37832959789154,186.35565431799608,136.7209974170917,136.7209974170917,231.19973346793637,119.0723596257163,112.44812153643835
2008-03-19,215.12219984430536,184.36987206176232,134.42146422053221,134.42146422053221,224.66605180994753,116.12299092905009,112.45079090432398
2008-03-20,219.8841035191163,186.2205219397389,136.62208272731056,136.62208272731056,229.6392163577876,118.27392819882006,112.45354904327344
2008-03-24,229.26169278291383,189.27350428838201,138.46991770887507,138.46991770887507,239.43284043246496,120.6379357721503,112.45900449790486
2008-03-25,232.4401979420821,190.0516234718582,139.06080138852218,139.06080138852218,242.75235931654439,120.75433988531199,112.46463652846417
2008-03-26,231.93522456437785,189.80968772690088,137.97206964269355,137.97206964269355,242.22498289923342,119.27681129085536,112.47026884107974
2008-03-27,228.67684792811497,188.33148617179515,137.11693438841178,137.11693438841178,238.82204905647436,118.90069314659809,112.47594550715847
2008-03-28,228.7407303502462,188.21434026800642,136.23923792610125,136.23923792610125,238.88876560906945,117.76346237525284,112.48175465460302
2008-03-31,230.28380021996585,189.0216320579691,137.22665398536432,137.22665398536432,240.50029345485993,118.17540084065608,112.48778435158135
2008-04-01,234.37940243148017,190.0667564849311,141.50108517093278,141.50108517093278,244.77759621259932,122.33036720458233,112.49390244601106
2008-04-02,236.3139361708547,190.73989703613165,141.62576438931637,141.62576438931637,246.79795514177056,122.41099871884846,112.50006490621452
2008-04-03,240.18592586232867,192.02145549723062,141.57021379520916,141.57021379520916,250.84172485620203,122.71543804301359,112.50618366857091
2008-04-04,245.75888517456627,193.31606966781595,141.9936281457233,141.9936281457233,256.661927357311,122.5811189970539,112.51208250968072
2008-04-07,247.21565843658743,193.78564057640995,142.06534065114383,142.06534065114383,257.95183611712775,122.64381648962188,112.51842208307411
2008-04-08,247.88864387697754,193.76716737136866,141.6247218895865,141.6247218895865,258.6215025820014,122.51845013783618,112.52458588647292
2008-04-09,245.75874615269166,192.88378748912362,140.4893161829482,140.4893161829482,256.1629545576114,121.63190434781197,112.53030938241456
2008-04-10,248.1634053255028,193.5538770047916,140.9112930836032,140.9112930836032,258.7191110525098,121.80207234826783,112.5358567811241
2008-04-11,244.55421407031267,192.0686311542196,138.90219295270734,138.90219295270734,254.3252528107937,119.43798841933695,112.54105145087459
2008-04-14,245.50800028103737,192.15596670075195,138.6585739683093,138.6585739683093,255.21031904266115,119.03503128145792,112.54580469580648
2008-04-15,248.62418322380742,193.0665891191066,139.27148509646943,139.27148509646943,258.52444859815057,119.31266024535154,112.55064651295814
2008-04-16,255.46096970703013,195.29852220099093,142.21396130253265,142.21396130253265,266.49488551319644,122.54527004255775,112.55557689626072
2008-04-17,253.21228910398216,194.63275250783943,142.1205861086972,142.1205861086972,264.2045193025673,122.72439073718755,112.5609490431836
2008-04-18,253.30734566046345,194.8220193702271,144.16427112078455,144.16427112078455,264.6447078625247,124.00489324866642,112.56680667046412
2008-04-21,254.38488485222243,195.1296415065666,143.7543184255321,143.7543184255321,265.96577103646507,124.06761937458464,112.57270869011438
2008-04-22,252.77512204644535,192.60413202840851,142.432219689657,142.432219689657,263.700431440359,123.52142867437227,112.57830229919169
2008-04-23,251.73925659335353,192.10607408416786,142.95340198414007,142.95340198414007,262.4078668673076,123.32436441359424,112.58380793705956
2008-04-24,253.51375055037457,193.82653572992416,143.40836946638055,143.40836946638055,264.83571333305383,123.86165014188302,112.58931384418044
2008-04-25,254.66231718867778,194.60533025371748,144.28192006328447,144.28192006328447,267.2611976690027,125.00783360740222,112.5951288468626
2008-04-28,254.74391120222185,194.546789562197,144.36830663543498,144.36830663543498,267.4198841113265,125.03471077882426,112.60142904423385
2008-04-29,255.50978820552103,195.13027763193477,144.31422290437925,144.31422290437925,267.8301633705458,124.54218852140528,112.60781770538733
2008-04-30,256.68543628975783,195.72702380867986,143.74379492618775,143.74379492618775,268.4773940683171,123.80793397683925,112.61407454813732
2008-05-01,256.6270962052488,198.37393934945024,146.2684297175923,146.2684297175923,270.466124928024,126.36896763314722,112.62037580560467
2008-05-02,257.9023750886746,198.6775078736443,146.4637119618275,146.4637119618275,272.0853055035826,126.71819906153242,112.62689769842223
2008-05-05,256.3411014798032,196.9177052313625,145.5909438313987,145.5909438313987,270.0259555938521,126.10930132430201,112.6335961275108
2008-05-06,259.2557337222667,197.95642684944465,146.3106387286203,146.3106387286203,273.38989188575437,127.20174953587727,112.64069108270057
2008-05-07,258.2543156673047,198.47385885314299,144.3576340362761,144.3576340362761,271.7269639061959,124.93622159846058,112.64796244048235
2008-05-08,259.3025151247464,199.87731729541449,144.9375706551536,144.9375706551536,272.74485270608517,124.61387688594753,112.6551902823663
2008-05-09,258.2274870037816,198.0415230104314,144.32092605306767,144.32092605306767,271.54974192959503,124.38104002627396,112.66255053941673
2008-05-12,260.9183237384492,199.6915831591827,146.09937757120986,146.09937757120986,274.44904389497134,125.7779943731649,112.67026298121395
2008-05-13,265.13792996806404,203.43989855719875,146.31387506689077,146.31387506689077,278.88747075107796,125.79583295036227,112.67823956620227
2008-05-14,267.5686379871101,204.46573813609507,147.26269764612653,147.26269764612653,281.4442305916928,126.05556607035805,112.68617278766733
2008-05-15,268.97971664892253,205.0747525875014,148.1279670759593,148.1279670759593,282.9284850666037,127.63159338962842,112.69415049900363
2008-05-16,272.39959970248464,207.24189067988235,148.16874810727538,148.16874810727538,286.52571664786893,127.74799750279008,112.70217270526538
2008-05-19,273.71968297264414,207.7947460109146,148.3697961278098,148.3697961278098,287.91425688592517,128.09723847562532,112.71010761176647
2008-05-20,273.47422179306716,207.19559373961243,147.23218866044152,147.23218866044152,287.6560665638237,127.0584873401937,112.71821881376617
2008-05-21,271.4891280070513,206.59322022213934,145.45680923011315,145.45680923011315,285.5680296494058,124.90939214928893,112.72633059948988
2008-05-22,269.6910983300842,206.07149635834173,146.05989493102206,146.05989493102206,283.67675762731096,124.92729753763687,112.73444296897965
2008-05-23,267.1293107200366,204.93133186556764,144.20888704143368,144.20888704143368,280.98212066136017,123.25271422685229,112.74251198503141
2008-05-27,265.13151471743873,204.25267108259382,145.48918241815042,145.48918241815042,278.8807228179501,124.166070377148,112.75075731440694
2008-05-28,268.8298304684197,205.1846079329701,146.08712396981403,146.08712396981403,282.7708260783707,124.7391764265827,112.75900324679776
2008-05-29,265.38539255661294,203.9997554517301,147.19663092980932,147.19663092980932,279.14776627135393,125.3659986410612,112.76729371187777
2008-05-30,261.71057050333826,203.16216960437328,147.23686167769054,147.23686167769054,275.28237504641123,125.67949564835115,112.77549691648836
2008-06-02,263.5087583218391,203.93224393383878,145.64577290920835,145.64577290920835,277.17381341095427,124.38104002627396,112.78356887099399
2008-06-03,261.6448232774829,202.59452354557325,145.17902560599717,145.17902560599717,275.21321829645126,123.65564273138109,112.79164140325321
2008-06-04,257.61730644823297,201.32711101814184,145.64643736845056,145.64643736845056,270.9768422258823,123.59303113886382,112.79967054946827
2008-06-05,266.4312421983087,204.05947805476583,147.71254881589576,147.71254881589576,280.2478516548132,126.06450922008194,112.80774423421204
2008-06-06,258.9324582103796,201.8113735593447,143.2816961243879,143.2816961243879,272.36019521744817,122.04378554651474,112.81577452671758
2008-06-09,256.1779649071829,201.18346653910345,143.5357604233465,143.5357604233465,269.4628592134224,122.33933898765645,112.82402521408788
2008-06-10,250.7356575157038,198.2439256434066,143.35756846342008,143.35756846342008,263.73832427554197,121.7304126170758,112.83280368095639
2008-06-11,249.28483305784272,197.44036046808574,140.8046644041596,140.8046644041596,262.21226286439105,119.93950154873019,112.84131929957897
2008-06-12,252.56926230275596,198.1540216439388,141.60385591497686,141.60385591497686,265.6670162641972,120.39616530720292,112.85001127882178
2008-06-13,260.51950540977714,200.61503242288376,143.7114593973519,143.7114593973519,274.0295436183195,121.91848600587957,112.8586600011637
2008-06-16,260.80027774032953,200.23437900353963,143.6433172672015,143.6433172672015,274.32487625946254,121.99010755927127,112.86770460008694
2008-06-17,263.5914548022579,201.0481097686563,142.5083385911523,142.5083385911523,277.26079837107204,121.3991152103888,112.87639861174561
2008-06-18,264.2997427735643,201.07461505802644,141.03359975055236,141.03359975055236,278.0058167881083,120.21707324592334,112.88478564600722
2008-06-19,261.04149992318594,199.9656767710395,142.0930719887804,142.0930719887804,274.5786077586637,120.36929768023094,112.89308535908123
2008-06-20,259.93930379694484,199.49491064634728,139.61556070317545,139.61556070317545,273.4192538708362,118.41550102683966,112.90120972910555
2008-06-23,246.92455018729612,196.5721723364727,138.9714155235851,138.9714155235851,259.72958028441053,118.29848606887295,112.90942267537486
2008-06-24,254.183640517396,198.64250358606114,138.48634067133946,138.48634067133946,267.3651130139563,118.06452296409005,112.91741619187266
2008-06-25,254.8116724226166,198.84478859572323,139.75343042257646,139.75343042257646,268.0257134403798,118.62247242679955,112.92532222701723
2008-06-26,239.46410415713717,194.80140546031618,135.84191328456262,135.84191328456262,251.882249937234,115.40069558043284,112.9328764295842
2008-06-27,232.46591317424998,192.9473417481077,135.18702807233097,135.18702807233097,244.52114629097147,114.77069506407808,112.94016664897073
2008-06-30,232.111730221353,192.74759348664816,135.10226879666683,135.10226879666683,244.1485960944435,115.17571380317415,112.94847043386392
2008-07-01,237.07756804980855,194.29243049680554,135.59836460456992,135.59836460456992,249.3719526783348,115.53568273789804,112.95664280604029
2008-07-02,227.24361360639784,191.5120851654959,133.3214586530311,133.3214586530311,239.02802835738052,113.55576292464093,112.96459562875728
2008-07-03,223.1374064510664,190.2070457583537,132.96950818626325,132.96950818626325,234.70888123245462,113.67278742705773,112.97263708683116
2008-07-07,214.93814419614614,187.92287685206867,131.6679601647447,131.6679601647447,226.08442107854557,112.51183869726655,112.98081120758262
2008-07-08,235.7131164474128,193.3091935786944,135.14483699056404,135.14483699056404,247.93674325205532,114.50973071002215,112.98894189081247
2008-07-09,218.4609159149466,188.3415087435282,131.90559325039013,131.90559325039013,229.78987693244025,112.30483866395642,112.99689698757803
2008-07-10,218.6384003123102,188.3547174202066,131.86608123683348,131.86608123683348,229.97656532773885,112.76384081269848,113.0041913397196
2008-07-11,213.05330568870903,186.78136385126493,130.40683500717702,130.40683500717702,224.10183848775333,111.44989454814332,113.01122135153828
2008-07-14,194.77134042660208,181.59679249566082,129.26929323261362,129.26929323261362,204.8718058291963,110.44197198646634,113.0178984546655
2008-07-15,197.82729473532896,182.27557463790643,128.60540401926787,128.60540401926787,208.08623602405507,108.88498584510332,113.0240011389849
2008-07-16,221.33758139344218,188.38177913351285,132.13752733305733,132.13752733305733,232.81572072473057,111.55786136743527,113.03001565007449
2008-07-17,241.29295831740754,193.66620052226287,134.48427516321655,134.48427516321655,253.80594494078088,112.67382710400481,113.0362517172894
2008-07-18,242.4466963144219,194.02696631058265,134.3890080602142,134.3890080602142,255.0195135612175,113.37575459615378,113.04270926819443
2008-07-21,251.31967950135905,196.15189493020853,134.3005511940163,134.3005511940163,264.3526325130015,113.43878614447453,113.04921140543323
2008-07-22,247.15009234750215,195.26438945147612,136.14828572507813,136.14828572507813,259.9668186252813,114.72573115975663,113.05597914535775
2008-07-23,249.5362032065412,198.23247900498203,136.6341459534746,136.6341459534746,262.4766685833361,115.34665490408639,113.06292403341493
2008-07-24,248.4758016258535,197.4053872086807,133.81036739273904,133.81036739273904,261.36127662544436,112.95281137980966,113.07013434887338
2008-07-25,249.87017288292733,197.7416186969556,134.0407076253106,134.0407076253106,262.82795728188665,112.92581967498666,113.0777423585957
2008-07-28,248.74170383958582,196.73070716085493,132.33531597901623,132.33531597901623,261.13755279106124,111.26992439745649,113.08530675739259
2008-07-29,252.73294083201202,198.90195214515737,134.96493234618842,134.96493234618842,266.0231149879428,113.64577663333459,113.09282753210455
2008-07-30,259.83025900916175,201.62846301758546,136.46814358203474,136.46814358203474,274.07404807711447,115.670641262013,113.1002605279294
2008-07-31,253.80341289106357,199.38455679903026,135.36932926173805,135.36932926173805,267.292283042927,114.14075181442382,113.10760571012541
2008-08-01,248.10240411661454,196.56122105167555,134.26390832525388,134.26390832525388,261.1215046957351,113.53780981404262,113.11486304414403
2008-08-04,242.21295583148688,195.60643043571022,133.81890131961347,133.81890131961347,254.8756200267012,112.48482790354342,113.12251819646906
2008-08-05,248.71935548105256,198.41578155454542,137.18202897952517,137.18202897952517,261.722168094833,115.51769144949941,113.13017386686357
2008-08-06,245.84197626958613,197.9272094262835,137.670132363333,137.670132363333,258.69436222021795,116.03063883008713,113.13734428878082
2008-08-07,243.01154643892963,196.7849529839912,135.75393330863133,135.75393330863133,255.71596019562708,114.30274976561216,113.14460353091867
2008-08-08,244.25120836889263,197.8557378744098,139.3559608677817,139.3559608677817,257.0204304785571,116.42659988605834,113.15203992970717
2008-08-11,245.62865275994093,198.68994339710147,140.5849347141835,140.5849347141835,259.34862142109733,117.63256978687147,113.16022703112847
2008-08-12,245.40779499643943,198.3909006318164,139.21684966181178,139.21684966181178,258.09930733413245,116.40862768655988,113.16837062604847
2008-08-13,246.08944961202198,198.2670909705986,138.88511110262334,138.88511110262334,258.2332355323195,115.70669064996082,113.17647070065817
2008-08-14,246.22785087359892,198.10904998692095,139.56718043762723,139.56718043762723,259.10415286221746,116.57962605417258,113.18470367065953
2008-08-15,246.5510886073198,198.4042109202569,140.5622667171807,140.5622667171807,259.9153106950317,117.14659502220658,113.19276079726725
2008-08-18,245.220864559544,197.812891876976,139.0357026250574,139.0357026250574,258.6573424939597,115.5446831543224,113.20073024410193
2008-08-19,242.24745437264255,197.77142546557107,137.62466793989216,137.62466793989216,255.5210091380284,114.28474893276346,113.20861197522052
2008-08-20,240.95896262076155,198.11759433694513,137.82841809362048,137.82841809362048,254.16191657889595,114.8156876017498,113.2160967678304
2008-08-21,238.74606751753376,198.16609585580474,138.06768604224536,138.06768604224536,251.8277694921589,115.01368721863558,113.2236262407741
2008-08-22,246.30586984290258,199.47952259750355,139.58205885631543,139.58205885631543,259.8017988749023,116.67858291259012,113.23106783330906
2008-08-25,241.5851451832867,197.89890878705694,137.10914860557753,137.10914860557753,254.822409795204,114.31175018203652,113.2386866715629
2008-08-26,241.59438038613033,197.84261795545763,137.3962049148586,137.3962049148586,254.83215102594804,114.64472741193741,113.2461734525627
2008-08-27,250.3356762503197,199.7070576580167,138.38288278771233,138.38288278771233,264.05241196192424,115.76067405960681,113.25348389638789
2008-08-28,267.8414418172866,202.47556399625853,140.25969111740892,140.25969111740892,282.51737744521176,117.16460539950539,113.26110424292355
2008-08-29,267.96776365701373,202.21969435888633,138.47970678877084,138.47970678877084,282.65062088443324,115.90466163349635,113.26863670910384
2008-09-02,264.79150732696553,201.3219439948598,138.5119296654636,138.5119296654636,279.300326761274,115.18471421959853,113.27616967623324
2008-09-03,260.842358232697,199.45476114991862,137.89891709285644,137.89891709285644,275.1347904735251,115.08568100558034,113.28361472217142
2008-09-04,248.98445360581218,196.50786104594218,134.43653601533123,134.43653601533123,262.6271512730602,111.620892915756,113.29101603694323
2008-09-05,251.9827334337057,197.2806631425798,134.52320360228222,134.52320360228222,265.7897169614618,111.97189006740578,113.29837360756311
2008-09-08,254.63180758835085,197.64837616514032,137.28541046122308,137.28541046122308,268.5839428204264,114.28474893276346,113.3059085523545
2008-09-09,237.4431653542784,193.8689153335414,133.80393193722185,133.80393193722185,250.45347692662773,110.8919450854338,113.31317861009715
2008-09-10,241.62974183541183,195.14202944889234,134.40367799443558,134.40367799443558,254.86945004825722,111.34190863995117,113.32040488493803
2008-09-11,242.31390930065047,195.67293036228486,135.8258423287241,135.8258423287241,255.59110535559535,112.95281137980966,113.32745456846033
2008-09-12,242.40461551898602,195.38627360362003,136.50268253189054,136.50268253189054,255.68678167345075,113.47480689907212,113.33397308404878
2008-09-15,232.24200969886863,193.0030584013688,132.4197899710762,132.4197899710762,244.96733241709697,108.07505335586205,113.33858178523985
2008-09-16,242.4803224207927,195.44458601614903,133.74939546091656,133.74939546091656,255.76663681165408,109.8839557126063,113.34234402130767
2008-09-17,226.73458857110447,192.27947618680335,128.2268924481798,128.2268924481798,239.15814111740372,104.9432806737389,113.34247893251424
2008-09-18,257.60246919111273,197.44816519510422,132.60356160193695,132.60356160193695,271.717376988026,108.05707161191349,113.3435122244051
2008-09-19,271.78925549892153,200.61153484625703,135.76862504905316,135.76862504905316,286.68150514856643,112.34843771191663,113.34785410937536
2008-09-22,249.38475639952685,196.12164152878626,131.24637047914376,131.24637047914376,263.0493880064683,109.80491812150332,113.35361948036406
2008-09-23,233.66152115727627,193.42333013099432,129.5487309469043,129.5487309469043,246.46462369421144,107.30671558006443,113.35724837063819
2008-09-24,236.86138038695663,194.26036651288882,129.5512988410457,129.5512988410457,249.8398139994512,107.65068801645616,113.35949194038723
2008-09-25,242.70703228932277,194.88496603328045,131.17334995626007,131.17334995626007,256.00576887823615,109.334262199215,113.36285319579794
2008-09-26,242.2463774870563,194.6382792552996,131.3410192102561,131.3410192102561,255.51987324625009,109.38857966461374,113.36670545275838
2008-09-29,215.90350206581127,188.6016959252177,123.3672406140805,123.3672406140805,227.73358286534264,100.81669950434717,113.37100366768605
2008-09-30,223.98561499032385,190.141404365645,127.13210522927857,127.13210522927857,236.2585420059336,104.98947581212055,113.37503459201064
2008-10-01,224.85593099610736,190.24074413923978,126.28836718577408,126.28836718577408,237.17654555995526,105.05287004954428,113.3787980381171
2008-10-02,213.1467354023303,186.29577277802014,121.95439751491438,121.95439751491438,224.82576366189636,101.2421719999622,113.3815789387795
2008-10-03,204.62150155596777,183.55812607549802,120.38034356562278,120.38034356562278,215.83340351015957,99.87535902642027,113.38382299007979
2008-10-06,198.0462421396327,181.61993622286565,115.71460453105135,115.71460453105135,208.8978634618346,94.7883675678441,113.38624613277885
2008-10-07,176.75220688251386,178.69435191721288,110.42191244120146,110.42191244120146,186.43705621987323,90.54314888397222,113.38987606755904
2008-10-08,174.02766963480232,178.75193368625838,109.04333934423231,109.04333934423231,183.5632323905483,88.26213984852767,113.39288078373791
2008-10-09,145.1709856182036,174.93966872619617,101.63333690448077,101.63333690448077,153.12539336601066,82.09798084295247,113.39548311035715
2008-10-10,152.19473814505943,175.88972064159566,99.61598257918195,99.61598257918195,160.534000974482,80.10663632295098,113.39656177859092
2008-10-13,181.78705466945723,179.3786509510225,110.12553360437832,110.12553360437832,193.56667406749813,91.73791360039277,113.39764045708547
2008-10-14,195.1807140513186,180.6341064652641,108.91787700492388,108.91787700492388,207.32618851021252,90.38021557667615,113.39916784047124
2008-10-15,169.1234372916011,177.71120781584102,99.72937832300258,99.72937832300258,177.43676402819938,81.48248789071756,113.40015675012084
2008-10-16,184.9483721606034,179.31674064335553,103.52447985326607,103.52447985326607,195.0456453390616,84.87682839450991,113.40217722828592
2008-10-17,183.137702583692,179.4030002233422,103.13523992926683,103.13523992926683,192.9988166936185,84.36996082862244,113.40576303016213
2008-10-20,197.52483067617695,180.53986859519304,107.43071636057525,107.43071636057525,208.70054792943003,89.43878919869856,113.4113091349676
2008-10-21,188.0901751463618,179.93252068378897,103.40938924119008,103.40938924119008,198.7320909417318,86.76863384463907,113.4161881868634
2008-10-22,163.43688540745367,178.09893847448026,95.2168005984696,95.2168005984696,172.68394773279968,82.04365383310365,113.4208002313136
2008-10-23,160.65995931246584,177.9473497722139,93.64334809530595,93.64334809530595,169.74990650061864,82.99410926085584,113.42510049720487
2008-10-24,152.12355330612675,177.32165584478255,90.28999085893733,90.28999085893733,160.7305209136403,78.7851356261584,113.42895486943142
2008-10-27,137.41667607047256,176.3546463781144,86.79698683806083,86.79698683806083,145.1915462596446,75.9881631639012,113.43272010540335
2008-10-28,158.72065046402153,178.01763829348423,97.35858760467538,97.35858760467538,167.70087389095016,84.86778025583517,113.43612820914008
2008-10-29,160.3208548001171,178.38984171281476,98.52231822312359,98.52231822312359,169.39161586297948,84.25227775915019,113.43886577569022
2008-10-30,166.50103930058881,179.06230670780843,102.60892155648355,102.60892155648355,175.92146776634826,87.16687602417915,113.44066281518178
2008-10-31,176.96690847963467,179.74215273429516,106.15048033072159,106.15048033072159,186.97948323077074,87.64666598519293,113.44263919756187
2008-11-03,186.43706806641396,180.4079959173284,106.28496482577468,106.28496482577468,196.98545305225693,87.90008067923651,113.44483966130655
2008-11-04,206.60930062727377,181.76434372447997,112.2482859776625,112.2482859776625,218.2990062597175,90.88712132036395,113.44699536636271
2008-11-05,182.81139332832663,180.24561763723642,104.8648390749942,104.8648390749942,193.15464199998354,87.06730832095657,113.44874769241255
2008-11-06,168.0675463689415,179.26141079768664,97.15585747521101,97.15585747521101,177.5766059197711,82.24282741734912,113.45014114192482
2008-11-07,170.17452403984768,179.71063518117913,100.93073940835315,100.93073940835315,179.80279385213333,84.95830936483307,113.45148972500573
2008-11-10,162.14865683653554,179.1502276460338,97.53815855147043,97.53815855147043,171.32283273936525,83.84495880758513,113.45279343557975
2008-11-11,139.82905290534282,177.91335818380222,93.64757051189896,93.64757051189896,147.7404124732048,81.25619852379809,113.45409716113515
2008-11-12,123.19873702849296,176.82775189129012,86.3389291620898,86.3389291620898,130.16917333402014,77.68081889091009,113.45490682195877
2008-11-13,139.55965083632907,177.92902678702677,93.85947635644496,93.85947635644496,147.45576795927704,82.5234151607672,113.45585129210397
2008-11-14,131.56207411417213,177.36416908911067,88.40125250625704,88.40125250625704,139.0056979690481,78.40495631839255,113.45648116333149
2008-11-17,119.8471249402788,176.44584995108315,85.3990137618396,85.3990137618396,126.62793106659137,77.36401473166781,113.45702110967197
2008-11-18,114.70759666514431,176.05613275385815,85.28748544999205,85.28748544999205,121.19761446564794,78.82129954750717,113.45756105858207
2008-11-19,94.02606513344216,174.40420471056518,78.6790889950683,78.6790889950683,99.34594676437503,73.7705388214303,113.4578761086568
2008-11-20,84.4934321522877,173.6140090257077,72.96673998124321,72.96673998124321,89.2739688790294,68.29433423308863,113.45801115738102
2008-11-21,91.01251059555024,174.15763894643052,77.79048735964268,77.79048735964268,96.16188893670707,71.97832493564893,113.45810119445396
2008-11-24,117.14731305850904,176.28236517844343,84.84764844566034,84.84764844566034,123.77536707702663,76.96575346322757,113.45868611557466
2008-11-25,123.13997795971555,177.15905994634855,86.49612585514586,86.49612585514586,130.1070897478316,77.53600094986368,113.45913612438203
2008-11-26,132.83877228400164,178.08518730177386,91.19952880714007,91.19952880714007,140.35463018517407,80.53206109631562,113.45936118567825
2008-11-28,136.24558561712212,178.42214922911793,92.39990612097593,92.39990612097593,143.9541969175266,81.545843950341,113.45940620699218
2008-12-01,108.15014713908563,176.24736800628844,83.32382621588894,83.32382621588894,114.26915233547858,74.32264708069155,113.45972126219053
2008-12-02,118.46065314328662,176.95726997450984,86.70984131234218,86.70984131234218,125.16301436356002,77.18299946369736,113.45999132369518
2008-12-03,125.81788000451994,177.4657946239629,89.15436604196137,89.15436604196137,132.93650426821787,79.03854554797695,113.46008136233951
2008-12-04,118.99085325358028,177.0189211918063,86.6838404631792,86.6838404631792,125.72321255814518,77.21011047414633,113.4601714010553
2008-12-05,139.36879581020392,178.48382374282198,90.92824917080584,90.92824917080584,147.25411458541492,79.59070152948858,113.46026143984255
2008-12-08,153.19166452650316,179.27000822574578,94.46621847985062,94.46621847985062,161.85906458168986,82.36951090324571,113.46039649140603
2008-12-09,150.61110403320728,179.0467771897348,92.48400043560906,92.48400043560906,159.13249908067286,81.01179379062894,113.46053154313026
2008-12-10,152.01555154570494,179.11131277940052,94.2219336806,94.2219336806,160.6164085435642,81.56390204989017,113.46053154313026
2008-12-11,141.9909174510047,178.44210483393957,90.98493166209246,90.98493166209246,150.02459271365535,79.59976398483845,113.4605765649086
2008-12-12,146.97857656637976,178.77167002223896,92.19117159302567,92.19117159302567,155.29444758051255,80.55020509591552,113.46066660401735
2008-12-15,142.31118937099552,178.3947488776908,90.76107371006226,90.76107371006226,150.3629852335207,79.42777776664258,113.46084666444675
2008-12-16,162.04713537118843,179.5030188170042,95.77970852925398,95.77970852925398,171.21556731166183,83.16608116237659,113.46102672516191
2008-12-17,159.67551280743805,179.41237612081298,95.6844481462861,95.6844481462861,168.7097611968451,82.36050094237127,113.46125179020841
2008-12-18,155.13719366300066,179.06691691312236,94.25405143546293,94.25405143546293,163.91466941582507,80.8217256117587,113.46125179020841
2008-12-19,154.59486000788786,179.02167504850752,94.77188707643901,94.77188707643901,163.34165117505432,80.4740785620866,113.461341829853
2008-12-22,145.25157910237934,178.4686864174513,92.72642274912647,92.72642274912647,153.46973867796197,79.44290094779252,113.46138685195287
2008-12-23,141.44174825527995,178.23536340989745,91.65741943556013,91.65741943556013,149.44435218560952,78.62166782965791,113.46147689170466
2008-12-24,142.71093771656902,178.3358959344578,92.27504183849899,92.27504183849899,150.78535085950043,79.07789731565205,113.46147689170466
2008-12-26,143.23835354486164,178.34589604295564,92.8914889211822,92.8914889211822,151.34260724075907,79.53417452389658,113.4616119447149
2008-12-29,139.81768718993808,178.11838111120719,91.72915229862167,91.72915229862167,147.7284036992981,79.30603353366179,113.46188201071983
2008-12-30,148.80817488462648,178.79008912743012,94.86650070151732,94.86650070151732,157.22756237019107,81.18582729336671,113.46233203220302
2008-12-31,155.0503955760044,179.24093907409542,97.2420531661189,97.2420531661189,163.822960397504,82.34468578859062,113.46282703316703
2009-01-02,162.20419414312096,179.77670489303802,101.85682973903144,101.85682973903144,171.38151227993362,84.82672003159595,113.46318708918625
2009-01-05,164.64855263696347,179.9396184422603,102.43398624472205,102.43398624472205,173.9641696362497,84.72634105011667,113.46381700113982
2009-01-06,182.41417411599608,181.0017159556278,105.40926434446827,105.40926434446827,192.7349486025629,85.29206923964043,113.46444691659046
2009-01-07,169.56968777307972,180.20763727168264,101.8260453009413,101.8260453009413,179.16373667714473,82.73704858688212,113.46494192678104
2009-01-08,171.3855847451809,180.3138362783704,102.83987996069378,102.83987996069378,181.08237491499852,83.07470259732166,113.46534697719441
2009-01-09,164.6911225208903,179.87428268704195,99.93135720872327,99.93135720872327,174.009148072988,81.29533076912138,113.46566204888916
2009-01-12,146.52831449154436,178.64398650364626,96.47240191252098,96.47240191252098,154.8187102192486,79.34253151076332,113.46620203892202
2009-01-13,153.3621580227692,179.09380087893544,96.50317162024282,96.50317162024282,162.03920439483292,79.48855682474472,113.46669705676965
2009-01-14,136.64147495753522,177.95926469692682,92.32431858634222,92.32431858634222,144.37248520047729,76.9882592765135,113.46723705172819
2009-01-15,129.0668932954527,177.45526025962565,92.79542075718675,92.79542075718675,136.36934282186442,77.01566139268988,113.46773207409124
2009-01-16,132.40311957019452,177.61444324608084,94.18334987041892,94.18334987041892,139.8943287650072,77.61790664821534,113.4682720739755
2009-01-20,112.45762469698468,176.0238633562845,87.126371223442,87.126371223442,118.82034179074783,73.52072238506645,113.46885704753109
2009-01-21,128.6429712103469,177.3643113110239,91.97003010309344,91.97003010309344,135.9214357352561,76.69627545970128,113.4693520769617
2009-01-22,119.62855883366987,176.5947415000388,89.33396578129914,89.33396578129914,126.39699875265433,75.51001007607596,113.46980212807324
2009-01-23,125.80657493456232,177.05994530968525,90.67482178413184,90.67482178413184,132.92455957100466,75.83850141443978,113.47029716162696
2009-01-26,127.64984528564158,177.28945768680072,91.65672304770388,91.65672304770388,134.8721199406829,76.35863576593687,113.47097207601178
2009-01-27,129.94459953630786,177.45729409159858,92.77255939860902,92.77255939860902,137.2967086257509,77.13428936271993,113.47155706348693
2009-01-28,157.1126749945008,179.72560604621688,95.61907156340786,95.61907156340786,166.00192110411717,79.74403789223037,113.47241179448909
2009-01-29,138.018545115203,178.1982655951027,92.80746221001131,92.80746221001131,145.82746833074353,77.15255744017085,113.47344627091883
2009-01-30,128.78256367935856,177.4988038452701,90.54520905666725,90.54520905666725,136.0689261782036,75.58301557472909,113.47452568077286
2009-02-02,130.73799624438453,177.63167134474116,90.28125866775292,90.28125866775292,138.13499476493746,75.35487935671934,113.47573984737843
2009-02-03,129.8259029037695,177.58085701888396,91.98424421021605,91.98424421021605,137.17129628056207,76.41341613716443,113.47717851764195
2009-02-04,129.82928055271975,177.58673438652843,91.39601811441521,91.39601811441521,137.17486503282586,76.03929755519866,113.47852742211644
2009-02-05,136.42040489307254,178.16983650465684,92.771698484257,92.771698484257,144.13890725776386,77.17078733982146,113.47983144339004
2009-02-06,145.37502650892117,178.96913728043626,94.77904410765117,94.77904410765117,153.6001705902312,79.36990499358947,113.48109057543786
2009-02-09,147.54819821252102,179.1007264897564,94.5362998757435,94.5362998757435,155.8962977340107,79.47942278601926,113.48252931353906
2009-02-10,122.6507229182909,177.3835411659355,90.57196056268853,90.57196056268853,129.5901532448461,75.83850141443978,113.48392317797862
2009-02-11,129.10484444480716,177.79185050988053,91.14934668718196,91.14934668718196,136.4094412015857,76.28565890063396,113.48527216262697
2009-02-12,126.60511702478098,177.61430251184214,91.44816024443567,91.44816024443567,133.76828221186378,76.34042018296138,113.48657626140675
2009-02-13,119.43386174279101,177.12389566714089,90.72896948817758,90.72896948817758,126.19128593463758,75.5191441148014,113.48788037517238
2009-02-17,103.75979538731664,175.8439216846359,87.18652865498552,87.18652865498552,109.63039976416646,72.28886316341445,113.48931919935617
2009-02-18,104.1377185447005,175.90369223761425,86.90779054349072,86.90779054349072,110.02970535906928,72.11545482215683,113.49071314719342
2009-02-19,93.03589984486543,174.86334582628047,86.2606139848651,86.2606139848651,98.29975911516033,71.33988712542447,113.4920622125542
2009-02-20,93.84433741232115,175.0136409762838,85.38982873742621,85.38982873742621,99.15393710745205,70.6463492048948,113.493276566799
2009-02-23,89.92353176201051,174.42263239760956,82.86617619999186,82.86617619999186,95.01129699105009,68.11869726273761,113.49462566263118
2009-02-24,103.54957016952967,175.96491309461257,85.53670388668152,85.53670388668152,109.40828025650491,70.7010961705471,113.49606457233318
2009-02-25,100.27183599508719,175.7017768000579,84.33810339085856,84.33810339085856,105.94509582631738,70.1444781586236,113.49741370130643
2009-02-26,98.49535325240562,175.48559150545245,82.5051389766407,82.5051389766407,104.06810182755964,69.00381138524999,113.49862811281164
2009-02-27,83.57451936417178,173.87534814213012,81.0831790327649,81.0831790327649,88.30306511101892,67.46166209153452,113.4997976167393
2009-03-02,75.79930071496975,172.66942042932982,77.74182906138856,77.74182906138856,80.08793394596634,64.42304324218097,113.5010569703247
2009-03-03,73.72831713017307,172.39794377932702,76.98522213749489,76.98522213749489,77.8997766017968,63.93941164001045,113.50227142081253
2009-03-04,76.48682730502038,172.89321601740357,78.83850027211616,78.83850027211616,80.8143599632343,65.45419699534985,113.5034409622813
2009-03-05,66.50113059052755,171.2521543495211,75.75650443372291,75.75650443372291,70.26368454365469,62.78050542253615,113.50434088718721
2009-03-06,65.46352097350263,171.135051164072,75.82230323889304,75.82230323889304,69.16736822297416,62.89004230386609,113.50524081922828
2009-03-09,66.6053859441083,170.99982505345022,74.70259488603018,74.70259488603018,70.40546052340954,62.15089145640958,113.50627559494532
2009-03-10,74.59443256391162,174.04669663833673,78.73529984291937,78.73529984291937,79.87123280355495,65.8556795156917,113.50735531708648
2009-03-11,76.67076437930918,175.16104542954184,78.805261476535,78.805261476535,82.18351883727186,66.28457846888504,113.50839011208042
2009-03-12,81.27350596786002,176.9574119856696,81.70067977409938,81.70067977409938,87.76864791445716,68.89432222617044,113.50933502745426
2009-03-13,82.91190073767054,177.42619321144917,82.68931013514171,82.68931013514171,89.64859451673266,69.43271988289341,113.51019004302108
2009-03-16,84.2636204733086,177.95059060589963,82.97486057604736,82.97486057604736,90.94065835528784,69.22283742565946,113.5112698023982
2009-03-17,84.8271635565142,178.33497687343547,85.23827679834423,85.23827679834423,92.24611645659324,71.33988712542447,113.51234957204645
2009-03-18,87.76386611554138,179.30773477621204,87.11372287370493,87.11372287370493,95.95127657750642,72.93674043476688,113.51329452038134
2009-03-19,89.34490012803614,180.43786770038855,86.75104717837851,86.75104717837851,97.36717438727872,72.03333437367839,113.51419452341229
2009-03-20,86.64588651850468,179.42478091463295,85.1664517560695,85.1664517560695,93.94015507543344,70.49949352375656,113.5151394871057
2009-03-23,98.15893315196612,182.01336186317906,90.36199556045433,90.36199556045433,107.07656153496654,75.56341127426712,113.51612940809852
2009-03-24,94.21905544368232,181.17432148649786,88.83984891487303,88.83984891487303,102.77875037988632,74.07452955644173,113.51707438789913
2009-03-25,104.2289509748652,183.2091337840221,89.56639797006454,89.56639797006454,113.69803363191525,74.8557523398458,113.51792946176315
2009-03-26,111.63840468669503,184.74660131615914,92.41507838585242,92.41507838585242,121.78062785782183,76.38134201267445,113.51860465946197
2009-03-27,109.1470857745807,184.15482840775647,90.68809648735736,90.68809648735736,119.06297543200294,75.00276550441035,113.51918989250181
2009-03-30,98.53668456002917,181.94624495742408,88.09341836066412,88.09341836066412,107.48863123246174,72.41107507444909,113.52000001785721
2009-03-31,101.83444258463551,182.66467815875012,89.07100643745918,89.07100643745918,111.08598685472094,73.08198310384181,113.52094502987921
2009-04-01,103.7332921515722,183.33463867342877,89.91434392852885,89.91434392852885,113.15734476348065,74.4973200615846,113.52193500149991
2009-04-02,109.4365446954077,184.88079257397857,92.3729705410765,92.3729705410765,119.3787313693642,76.67543515295411,113.52292498175373
2009-04-03,111.53263547253408,185.2725479306815,93.01976543009995,93.01976543009995,121.66524962983037,77.4382132865808,113.52387001812498
2009-04-06,107.7684770642548,184.51240688020584,92.45208548956842,92.45208548956842,117.55912167500134,76.83164916739467,113.52477010500499
2009-04-07,102.07438412013693,183.66141838739566,90.68722766081734,90.68722766081734,111.34772680814052,75.03955458723928,113.52567019902143
2009-04-08,101.69825025774172,183.85421983005045,91.80213047372823,91.80213047372823,110.93742160851299,75.84826538687044,113.52648037062329
2009-04-09,114.26961099673859,185.1665037816525,93.97815233719254,93.97815233719254,124.6508762939208,78.8627606386497,113.5272905480069
2009-04-13,121.94578624537336,185.8100792399079,93.53011269107559,93.53011269107559,133.02442340746916,78.88112416060142,113.52810073117232
2009-04-14,119.72537298658683,185.8199070240779,92.42378780763933,92.42378780763933,130.60228810808252,77.52097798543956,113.5288659476751
2009-04-15,123.00455311054795,185.931896254813,93.29086628871364,93.29086628871364,134.17937804837317,78.34807616814763,113.52954121042347
2009-04-16,131.81732356892036,187.10342754131497,94.77234694909511,94.77234694909511,143.79277876472509,79.49686526853836,113.53012649984554
2009-04-17,135.27021753547314,187.64373279878117,95.45127545885592,95.45127545885592,147.55936425430974,80.02989417209197,113.53075678342569
2009-04-20,120.15299784024596,185.7691402816966,92.70607753265962,92.70607753265962,131.06876219746388,76.67543515295411,113.53138707050498
2009-04-21,126.4999299721101,186.35371049661032,94.09342429315662,94.09342429315662,137.99230595607077,78.17345090950496,113.53206234824884
2009-04-22,125.43351395537816,186.4529111140623,93.96388939088676,93.96388939088676,136.8290072468164,77.69554597738176,113.5326926425762
2009-04-23,126.69465827291037,186.39658803988422,94.2542823741186,94.2542823741186,138.2047251034036,78.4583670610338,113.5331429449141
2009-04-24,128.87549359312203,186.94771735275702,95.26917807698885,95.26917807698885,140.58368685312794,79.64391661090322,113.53359324903805
2009-04-27,122.51293526332486,186.12994080839434,94.71669071867207,94.71669071867207,133.64309727412746,78.8903345549275,113.53417855934997
2009-04-28,118.67654172512262,185.58711756593996,94.59651156359925,94.59651156359925,129.45817170928157,78.64216930842728,113.5347638726794
2009-04-29,124.44410408662074,186.187222576591,96.18595472728254,96.18595472728254,135.74971060724013,80.3148103236208,113.53525918964105
2009-04-30,125.34015370689103,186.32731671991985,96.33054094821121,96.33054094821121,136.72716532503654,80.34239378434869,113.53588950171627
2009-05-01,123.96515995880388,186.23144839490726,96.86884517112716,96.86884517112716,135.2272549455166,80.77430878376695,113.5365648062403
2009-05-04,137.9352884495333,187.63371014177142,99.17716739841181,99.17716739841181,150.9110390425881,83.52230867266955,113.53742002691702
2009-05-05,141.1201682266155,187.99143749696344,99.26560811411152,99.26560811411152,154.32464703680145,83.23736866001552,113.53827525403574
2009-05-06,152.75639420635463,189.06860749980356,99.72528503886723,99.72528503886723,167.32306196313698,84.68026998958605,113.5391304875965
2009-05-07,152.68218050522228,189.1224965565171,98.74320012086213,98.74320012086213,166.9927572598478,83.5038783395673,113.53994075525719
2009-05-08,181.42633498779537,191.7886612632087,100.24156162943771,100.24156162943771,198.75931473278428,85.45226328976388,113.54075102870034
2009-05-11,181.15160188010702,191.65911106795159,99.0072464319522,99.0072464319522,197.1262306743636,83.85311931240254,113.54160628091002
2009-05-12,181.15160188010702,191.65911106795159,99.16022636956194,99.16022636956194,196.54294322220096,83.60500178815272,113.54246153956191
2009-05-13,181.15160188010702,191.65911106795159,96.93417872158383,96.93417872158383,191.5953211677857,81.50039327906549,113.54322685286125
2009-05-14,181.15160188010702,191.65911106795159,97.38178371551366,97.38178371551366,193.23732605456502,82.19886568028592,113.54394718840999
2009-05-15,181.15160188010702,191.65911106795159,96.48991993990674,96.48991993990674,191.66009847484807,81.52794810644315,113.54471251172308
2009-05-18,180.7447774810297,191.4510746376282,98.53247215642601,98.53247215642601,196.2039505959399,83.84392800697661,113.54556779377283
2009-05-19,185.88631370726824,194.08028715935964,98.89655057647708,98.89655057647708,201.48694605597248,83.74281410284125,113.54637810737312
2009-05-20,189.34696227429714,195.84994901631805,98.45218728147539,98.45218728147539,204.0298688905741,83.18225900526024,113.54718842675618
2009-05-21,191.12672553949676,196.76006141399026,96.98066753267057,96.98066753267057,203.47322950674626,81.98747519993952,113.54804372745592
2009-05-22,190.33572069157708,196.35556755079674,97.20626188450314,97.20626188450314,202.26926951004776,81.8128308523967,113.5488540587256
2009-05-26,190.3079057211465,196.3331962050248,99.7727709433399,99.7727709433399,206.83930563500238,83.90826714495815,113.54966439577818
2009-05-27,190.3079057211465,196.3331962050248,98.0288259220049,98.0288259220049,203.59509867554627,82.41023707173217,113.55042975762714
2009-05-28,190.3079057211465,196.3331962050248,99.04341555493411,99.04341555493411,206.08297235782095,83.5590261721229,113.55110514863573
2009-05-29,190.3079057211465,196.3331962050248,100.12998047428148,100.12998047428148,209.28736903901597,85.038673634497,113.55173554868274
2009-06-01,190.29601147703895,196.3189669274519,103.04138799732014,103.04138799732014,214.01530105581645,87.09732561645455,113.55232095252535
2009-06-02,190.29601147703895,196.3189669274519,103.28852815648656,103.28852815648656,214.1959329472615,87.17083697096187,113.55295135932211
2009-06-03,190.29601147703895,196.3189669274519,102.15523687053664,102.15523687053664,211.48617314443865,86.0680521199512,113.5535817696187
2009-06-04,190.29601147703895,196.3189669274519,102.70712409358131,102.70712409358131,213.47321776071644,86.87671519733198,113.55421218341513
2009-06-05,190.29601147703895,196.3189669274519,102.74597116240041,102.74597116240041,213.51845781766235,86.89512644153409,113.55506753702171
2009-06-08,190.29601147703895,196.3189669274519,102.4504470310366,102.4504470310366,212.63778939963427,86.53672279662314,113.5559228970713
2009-06-09,190.29601147703895,196.3189669274519,102.60708363799559,102.60708363799559,213.72174491647377,86.97785773481758,113.55677826356394
2009-06-10,190.29601147703895,196.3189669274519,102.45989132861506,102.45989132861506,213.17966162137375,86.757247315695,113.5575886571673
2009-06-11,190.29601147703895,196.3189669274519,103.31593911887116,103.31593911887116,214.1281783985229,87.14326305468407,113.55844403620738
2009-06-12,190.29601147703895,196.3189669274519,103.70644867016821,103.70644867016821,214.71538448759074,87.38223699575836,113.55925444169849
2009-06-15,190.29601147703895,196.3189669274519,101.52917298494455,101.52917298494455,209.79235633116494,85.37872330190632,113.56001986818747
2009-06-16,190.29601147703895,196.3189669274519,100.53224745627753,100.53224745627753,206.94699362048243,84.22075244053974,113.56078529983566
2009-06-17,190.29601147703895,196.3189669274519,101.12433185774451,101.12433185774451,206.74382378464912,84.13806886950665,113.56155073664311
2009-06-18,190.29601147703895,196.3189669274519,102.27514787786534,102.27514787786534,208.25668037013918,84.75375271074313,113.56236116430506
2009-06-19,190.29601147703895,196.3189669274519,102.05007323340621,102.05007323340621,209.0243307298871,85.0661616507241,113.5631715977506
2009-06-22,190.29601147703895,196.3189669274519,100.43763701872452,100.43763701872452,202.7562962148048,82.51527374484994,113.56407199623763
2009-06-23,190.29601147703895,196.3189669274519,100.05151937334524,100.05151937334524,202.91530481309061,82.57998511638455,113.56497240186356
2009-06-24,190.29601147703895,196.3189669274519,100.7130443004211,100.7130443004211,204.664000700109,83.29164794761394,113.5658278365221
2009-06-25,190.29601147703895,196.3189669274519,102.79794828675053,102.79794828675053,209.11518608530884,85.10313685032956,113.56663829470739
2009-06-26,190.29601147703895,196.3189669274519,102.67114811214387,102.67114811214387,208.57010085796978,84.88130474159689,113.56749374191439
2009-06-29,190.29601147703895,196.3189669274519,103.45323775845075,103.45323775845075,210.5231861157936,85.67614745526349,113.56839417467002
2009-06-30,190.29601147703895,196.3189669274519,102.74327325346387,102.74327325346387,208.8199648116773,84.98299131273697,113.56924963510328
2009-07-01,190.29601147703895,196.3189669274519,103.80704375940529,103.80704375940529,209.68302033039672,85.33422707563871,113.57001512896313
2009-07-02,190.29601147703895,196.3189669274519,101.0166329821587,101.0166329821587,203.959977232271,83.00513310069691,113.57078062798266
2009-07-06,190.29601147703895,196.3189669274519,101.6753884874827,101.6753884874827,203.93736893009586,82.99593225082089,113.571636106392
2009-07-07,190.29601147703895,196.3189669274519,99.6819214497543,99.6819214497543,199.98574728414175,81.38774967923489,113.57249159124528
2009-07-08,190.29601147703895,196.3189669274519,99.68431984961083,99.68431984961083,199.84941734581793,81.33226779092652,113.57330209698624
2009-07-09,190.29601147703895,196.3189669274519,99.75958320831401,99.75958320831401,200.23554088006242,81.48940761702474,113.5741575943887
2009-07-10,190.29601147703895,196.3189669274519,99.53632486781369,99.53632486781369,199.75863234818308,81.29532122467128,113.574968112019
2009-07-13,192.26521564101938,197.62522701741,101.41502068413071,101.41502068413071,205.1305254819478,83.27315080336113,113.57577863543352
2009-07-14,192.54602595205603,197.97144287531106,101.99601213840654,101.99601213840654,206.15009747912876,83.74455119275561,113.57658916463232
2009-07-15,195.8342880271798,200.36908299209315,104.3758331432543,104.3758331432543,213.37485709605647,86.19372389413945,113.57739969961544
2009-07-16,194.2363569979674,199.3179797673657,105.35213731743319,105.35213731743319,211.47831307470756,86.0551098456443,113.57825522788333
2009-07-17,193.66234145924736,198.99544168487836,105.09377087410624,105.09377087410624,212.32071459375354,86.9978342688326,113.57902078244382
2009-07-20,196.1120067042597,199.87697237977324,106.2789347827541,106.2789347827541,215.71389099649102,87.92203291441788,113.5798763229226
2009-07-21,189.97698650872388,198.32422221568373,106.51988236821059,106.51988236821059,208.96566022795477,88.32870284337758,113.58073186984579
2009-07-22,191.6071918545152,198.91601844603545,106.6396101382811,106.6396101382811,210.75880866477752,88.3101866102246,113.58158742321343
2009-07-23,198.3362637485452,200.9073423830447,109.08870484098121,109.08870484098121,218.16046808099733,90.26036591703601,113.58244298302557
2009-07-24,199.64332858828038,201.28667452120519,109.78043243516292,109.78043243516292,219.59817731207545,90.63001292413985,113.58325355978424
2009-07-27,205.81395865973445,202.98404887802565,110.01662679797425,110.01662679797425,226.38557725246062,90.89809743795463,113.58410913214665
2009-07-28,211.6847785879369,205.40551682405876,109.85734425302894,109.85734425302894,232.8432002778681,90.47292082029203,113.5849647109537
2009-07-29,210.88551235145894,205.29902101772512,109.68249792323702,109.68249792323702,231.96404538720006,90.25113643380976,113.58582029620548
2009-07-30,217.92719637748132,207.3907718632305,110.64126553633282,110.64126553633282,239.70956329784883,91.19379404584753,113.5866308970662
2009-07-31,222.46840813110012,208.78870303674393,110.57617581903264,110.57617581903264,244.7046804947748,91.32320724446667,113.58744150371174
2009-08-03,225.39350971392307,209.6111777644629,111.96965261023308,111.96965261023308,247.9221532777762,92.82967461156235,113.58829710762008
2009-08-04,238.3121198294444,213.27934732022527,112.39656480808519,112.39656480808519,262.13201070118305,93.07000386454783,113.58910772615648
2009-08-05,262.1906670507606,218.31329945671666,111.99152713415637,111.99152713415637,288.39727828483103,92.80197661743354,113.58991835047782
2009-08-06,269.11102536562163,220.13866253240485,111.62112816510817,111.62112816510817,296.00934367682817,92.32137537816304,113.59068398365157
2009-08-07,285.7731533757813,224.11477912431715,113.4439649917678,113.4439649917678,314.3368929470437,93.53211750401559,113.59149461922182
2009-08-10,291.7403458895465,226.10752685283916,113.1380071866503,113.1380071866503,320.90052123835244,93.33802156721207,113.5923502536605
2009-08-11,274.9910915291462,221.3437887909863,112.23170425485343,112.23170425485343,302.4771371218437,92.17348412419125,113.59316090112199
2009-08-12,280.43133211472843,223.01999965782252,113.50197185422043,113.50197185422043,308.4611433252104,93.16241323021127,113.5939265561516
2009-08-13,289.48910188992164,227.52158243518528,114.15853949472472,114.15853949472472,318.42425978499875,93.87409515034084,113.59469221634197
2009-08-14,289.0746051683845,227.00399692234546,113.17469913363396,113.17469913363396,317.9683330821381,93.15320283588518,113.5955028805168
2009-08-17,275.945173074892,223.44915278770463,110.8613982984607,110.8613982984607,303.5265814981442,90.86108406054885,113.59631355047692
2009-08-18,279.77191499139417,224.6492769684955,111.87177931248438,111.87177931248438,307.7358158154132,91.58203364170497,113.59712422622235
2009-08-19,281.12092238596165,225.83624432093424,112.62192609766826,112.62192609766826,309.21965986430934,92.38605811634741,113.59788990796606
2009-08-20,285.67655142653643,227.5119043404483,113.91105728222432,113.91105728222432,314.230635391988,93.33802156721207,113.59865559487072
2009-08-21,292.99424607292195,230.39342010382316,116.02156318651174,116.02156318651174,322.27975187304287,95.1680076141805,113.59942128693633
2009-08-24,294.4543162105075,231.55659815655812,115.78595237395433,115.78595237395433,323.8857596631796,95.15876858650417,113.60018698416299
2009-08-25,295.9621120801656,232.0259770295164,116.23621022951876,116.23621022951876,325.54426349136617,95.34362549563136,113.60095268655067
2009-08-26,301.43576615221014,233.17242789736335,116.19550070015924,116.19550070015924,331.56502294252056,95.35286452330769,113.60162837806656
2009-08-27,313.57274510990385,234.9649857763087,116.50245236522993,116.50245236522993,344.91512322401337,95.56540988211364,113.60230407360142
2009-08-28,313.0512270615509,233.53479383367244,116.35201791343326,116.35201791343326,344.3414781457455,95.54690319341074,113.60297977315528
2009-08-31,304.7268331379037,231.46827958116813,115.33023065597185,115.33023065597185,335.1850402833489,94.69666449148649,113.60365547672815
2009-09-01,286.7139264155568,227.33110879951283,113.02218165493167,113.02218165493167,315.37169859900257,92.60789022508008,113.60428616851806
2009-09-02,287.1507487852163,227.0620563477699,112.71455733397565,112.71455733397565,315.8521824542091,92.25668309552859,113.60491686380935
2009-09-03,294.84912760775114,229.1340699314891,113.81502629517075,113.81502629517075,324.32003344447656,93.0238087261662,113.60559257890392
2009-09-04,296.3915801229583,230.20703544452923,115.21685074580937,115.21685074580937,326.0166579363895,94.32696976213226,113.606223281448
2009-09-08,294.5878759292551,231.45284675265913,116.28960384761386,116.28960384761386,324.03266900899484,95.14028098670143,113.60685398749355
2009-09-09,299.4000849133388,232.85303654891902,117.24243325424189,117.24243325424189,329.32587028560187,95.87041232883341,113.60748469704059
2009-09-10,302.26610682150533,234.8619885233522,118.27105886158385,118.27105886158385,332.47835823308435,96.85012149607728,113.60811541008913
2009-09-11,301.25694255071346,234.92624945173057,118.26022715485325,118.26022715485325,331.36832547595986,96.8316148073744,113.6087461266392
2009-09-14,307.96387539363707,236.04818356820252,119.12481047026816,119.12481047026816,338.7456329876869,97.30301519676885,113.60937684669081
2009-09-15,315.7546409771433,238.80183559974347,119.69694501055403,119.69694501055403,347.3151050261533,97.70967558127849,113.60996254769697
2009-09-16,329.1245812760096,242.43134636533705,121.48580156747286,121.48580156747286,362.02140421062126,99.1884163208951,113.61041315650888
2009-09-17,324.6799323443472,241.2862507164304,120.95805932754585,120.95805932754585,357.13250153059244,99.04053461137337,113.61086376710803
2009-09-18,324.0976191072938,241.71567751491747,121.2763903046285,121.2763903046285,356.49198463285353,99.10369978199522,113.611224292898
2009-09-21,335.61040265728116,242.9008501555574,120.86275735749439,120.86275735749439,369.1554996185181,98.85295753397371,113.61171994343273
2009-09-22,342.45290200971516,245.24307924057712,121.49936968936534,121.49936968936534,376.6819238505662,99.42868830718011,113.61221559612984
2009-09-23,337.45284936515543,244.33513473117284,120.2743140660965,120.2743140660965,371.1821034710226,98.60220574150212,113.61271125098935
2009-09-24,324.408628756865,240.88077621982436,118.87762694675365,118.87762694675365,356.8340804727457,97.51571326677606,113.6131618707034
2009-09-25,322.6974315782765,240.57499593253746,118.17527605276676,118.17527605276676,354.95184486739504,96.99570299313,113.6136124922047
2009-09-28,332.2498589626899,243.33157771874176,120.1832662117742,120.1832662117742,365.4590611984208,98.73224887382648,113.61410815315841
2009-09-29,338.49313719020864,245.20767560299203,120.10865754754113,120.10865754754113,372.32637065929777,98.43503469837104,113.61469387855632
2009-09-30,339.5831348415795,245.26574810255443,119.70012455654485,119.70012455654485,373.5253162950375,98.05433521807589,113.61532463162796
2009-10-01,322.8404932584402,240.35777370284887,116.72850377561528,116.72850377561528,355.1092059193733,95.62132127067554,113.6157752617074
2009-10-02,320.7347586054081,239.46378114201505,115.9625178101445,115.9625178101445,352.79299783479297,95.17552864084263,113.61622589357415
2009-10-05,329.4888018821456,242.25407073166772,117.66937680107122,117.66937680107122,362.42202957492714,96.59637274628093,113.61658643637995
2009-10-06,329.82442523257015,242.267824565598,119.04653920624243,119.04653920624243,362.79119931647455,97.98005076311219,113.61694698032989
2009-10-07,331.23349785396135,242.55821586852494,119.2385434410215,119.2385434410215,364.34111226145444,98.24935696653706,113.61735257337529
2009-10-08,333.82630383467404,243.4214917902952,120.40537133321709,120.40537133321709,367.1930756679681,99.00155507725134,113.61762301008046
2009-10-09,334.7200368428021,243.70844204333537,121.19542044578324,121.19542044578324,368.1761395197701,99.6051079224376,113.6179385046168
2009-10-12,338.4416922276508,244.92227394330988,121.58895086311102,121.58895086311102,372.2697836443973,99.99519914161034,113.61825400002921
2009-10-13,340.3915665997849,245.27889678242082,121.31362222792715,121.31362222792715,374.4145528241942,99.79089064322244,113.61856949631766
2009-10-14,351.55971353705456,248.16457648088686,123.35457864340803,123.35457864340803,386.6989839079675,101.50880575736501,113.6188849934822
2009-10-15,355.0703145077585,249.87199513868407,123.94379781109643,123.94379781109643,390.5604782032586,101.88028529888398,113.61920049152282
2009-10-16,344.3323546051431,246.8246419533764,123.19137354102632,123.19137354102632,378.7492324214003,101.11880043824297,113.61951599043952
2009-10-19,341.00686635093166,245.9041363129969,124.59518624517196,124.59518624517196,375.38197412799065,101.95458884274784,113.61987654368593
2009-10-20,338.92792980198783,246.0500751330561,123.69014312190616,123.69014312190616,372.8423993124812,101.41601461369841,113.6202370980765
2009-10-21,332.48207377430583,243.79302932808315,122.49919589563821,122.49919589563821,365.3252020434749,100.5059131208796,113.62055259987164
2009-10-22,338.87442150459304,245.6967477279866,124.03261442741301,124.03261442741301,372.83587604044715,101.52741743501876,113.62082304419367
2009-10-23,330.16085418964724,243.1456309359732,122.38380754614407,122.38380754614407,362.7067004244719,100.36662141642884,113.62113854761589
2009-10-26,313.9989062027731,238.45551937945768,121.07487816843917,121.07487816843917,344.97972358039686,99.2801193972527,113.6214991060112
2009-10-27,306.54191731218015,235.982664907404,120.19494037872951,120.19494037872951,336.786988142785,98.82508773974347,113.62185966555069
2009-10-28,292.13583225761295,231.810274603017,117.47524308817152,117.47524308817152,320.9595214165446,96.95853690452296,113.62217517185141
2009-10-29,307.2034371312094,236.22031676737646,120.29222868273304,120.29222868273304,337.51377705766197,99.038673443608,113.62244562003553
2009-10-30,290.0145784397786,230.9661876001685,117.04140520405704,117.04140520405704,318.6289733118712,96.16917270520162,113.62267100527788
2009-11-02,290.2685641822667,231.06820406505364,117.7629784153933,117.7629784153933,318.9080186509028,96.87496569963253,113.6229414546422
2009-11-03,297.00894131270763,233.73531643560136,118.38888730956565,118.38888730956565,326.31343756591497,97.18136163606383,113.62321190465029
2009-11-04,298.87018717157775,234.59249958329008,118.46906422685697,118.46906422685697,328.3583239308807,97.43213251743556,113.62343729141266
2009-11-05,300.0114165674536,235.82139594069372,120.83073740998404,120.83073740998404,329.6121531441482,99.22437980879222,113.62361761015677
2009-11-06,301.75611312866863,236.05422774847048,121.10671143168732,121.10671143168732,331.5289908322099,99.48441835119051,113.62388806177424
2009-11-09,311.0350036186733,238.7544489385587,123.94900698496951,123.94900698496951,341.72338645952266,101.75029943326011,113.62420357370742
2009-11-10,292.61049170043935,234.01700480179585,123.75580596248044,123.75580596248044,321.48101330758743,101.7688538442134,113.62451908651673
2009-11-11,300.752533304497,236.89499876633556,124.37863399759728,124.37863399759728,330.42639243618225,102.28888320675962,113.62483460020215
2009-11-12,293.5226511446178,234.17077423015138,122.9974929467645,122.9974929467645,322.4831712982612,101.24881493721709,113.62515011476368
2009-11-13,292.57649919112043,234.0095127499559,123.91746021854239,123.91746021854239,321.4436669148549,101.79671409399356,113.6254205700289
2009-11-16,293.5069509695228,234.85370947894785,125.80304714844056,125.80304714844056,322.46592205962554,103.27325961009204,113.62573608621759
2009-11-17,297.4309619548101,235.68615026186083,125.57174110369112,125.57174110369112,326.77709702963216,103.39395872578918,113.62600654287755
2009-11-18,305.4434762716037,237.91026115546882,125.29734043611472,125.29734043611472,335.580169013604,103.32898965410244,113.62618686569904
2009-11-19,296.9120904680642,235.2312083476569,123.43188634882296,123.43188634882296,326.2070308971223,101.98242045917776,113.62627703623146
2009-11-20,294.213292281675,234.40182685429022,123.05623127726555,123.05623127726555,323.2419547967025,101.62027538983591,113.62636720683543
2009-11-23,301.04157868072514,236.41375167990526,124.58922604583776,124.58922604583776,330.7439565805905,102.91106681849978,113.62659259985675
2009-11-24,295.4479686055919,234.58916801040635,124.40251347940487,124.40251347940487,324.5984509134788,103.06892247835391,113.62681799332519
2009-11-25,298.3431279455992,235.462757882311,125.2221795968472,125.2221795968472,327.7792622128403,103.43110572549608,113.62704338724073
2009-11-27,288.7676073709274,232.3647457371016,122.94479672673195,122.94479672673195,317.2589693846372,101.75029943326011,113.62717863732448
2009-11-30,294.6133582411003,234.20971497985755,123.46647948863748,123.46647948863748,323.68149341091447,102.09387100274851,113.62744909741807
2009-12-01,297.6375693810656,235.01281602338872,125.15819736318848,125.15819736318848,327.0040894534632,103.35680218163222,113.62771955815542
2009-12-02,298.0515084512398,235.1587401217249,125.70100173602633,125.70100173602633,327.45886997399026,103.31039706534884,113.62794495385933
2009-12-03,293.00900301341306,233.1904650781001,124.60055557944682,124.60055557944682,321.91884388558486,102.50250708842445,113.62821541577694
2009-12-04,296.9183176051532,234.5030095060663,125.78023180337266,125.78023180337266,326.2138724369787,103.08754370045774,113.62848587833831
2009-12-07,297.5053854667782,234.58073131996366,125.59957649467458,125.59957649467458,326.85886356473617,102.92963077390314,113.62866620509446
2009-12-08,296.68416678523624,234.00442680450237,124.37450462876252,124.37450462876252,325.956619040437,101.78742734406683,113.62880145710987
2009-12-09,295.85228524994625,233.92840397975004,124.63155704756721,124.63155704756721,325.04265960800933,102.1681554577122,113.62893670928626
2009-12-10,293.8814591103331,234.13231194921553,125.49623579888642,125.49623579888642,322.87738118366434,102.74391486426886,113.62902688200089
2009-12-11,296.7160278673372,235.02669252323548,126.25167474361399,126.25167474361399,325.9916237079024,103.18038256637475,113.6291621344456
2009-12-14,297.4478907623984,235.9252138985465,127.62683548585406,127.62683548585406,326.7956961242372,103.8861564719055,113.62934246227496
2009-12-15,292.6550892679706,234.6241837241701,127.02468446425004,127.02468446425004,321.5300111104949,103.40323593126584,113.62956786119811
2009-12-16,291.08005515557966,234.0696532843926,127.39875192984906,127.39875192984906,319.79957567906877,103.56111068002012,113.62974818967136
2009-12-17,287.00498761539416,232.4297266969595,125.9543648309022,125.9543648309022,315.3224401037086,102.31676254543993,113.6299285184308
2009-12-18,292.7102364214487,234.2506122246607,126.5293237204313,126.5293237204313,321.5905993781205,102.8955761760218,113.63015391851647
2009-12-21,295.9750054475895,235.33558803820642,127.90420839270547,127.90420839270547,325.1774880390145,103.94129476001102,113.6305145055206
2009-12-22,299.32093546592546,236.2240201363758,128.51444638266793,128.51444638266793,328.8535454712003,104.31469273599583,113.63087509366903
2009-12-23,294.51032516884254,234.97172680616842,128.9830308003448,128.9830308003448,323.5682945427496,104.52015611284327,113.63119062500388
2009-12-24,298.3374738141229,236.49793723288946,129.68799161753054,129.68799161753054,327.77305021440577,105.01495949383109,113.63141602759312
2009-12-28,298.4840080078581,236.21622133819068,129.62258859751313,129.62258859751313,327.93404225817164,105.2390250038822,113.63191176621814
2009-12-29,298.98132447293284,236.37343156575318,129.4790344735963,129.4790344735963,328.4804266348824,105.08961618234787,113.63236246208679
2009-12-30,296.56336861819943,235.40940276897962,129.52214106850326,129.52214106850326,325.82390227789347,105.05230692698963,113.63258786700051
2009-12-31,293.85843799857355,234.27792441750773,128.14236876994536,128.14236876994536,322.85208868545993,104.0439739539593,113.63285833996936
2010-01-04,300.4729450520363,236.97540960887625,129.9186685151644,129.9186685151644,330.1192185061306,105.80851370673703,113.63321893555558
2010-01-05,307.17136070619836,239.8182321072946,130.33916895938987,130.33916895938987,337.47853580039896,106.0886146832011,113.63353447339881
2010-01-06,314.80773126461924,242.8630136332144,130.7078937240854,130.7078937240854,345.8683516639622,106.16330000506811,113.63380494862082
2010-01-07,330.2314378784093,249.04478587701033,131.57330310365614,131.57330310365614,362.81384395422623,106.61148829187081,113.63403035639591
2010-01-08,329.49117779887337,248.60283902797124,131.9418951301905,131.9418951301905,362.00054584212705,106.96624595685165,113.63425576461812
2010-01-11,331.5487396535799,249.4281711712175,132.33428883230937,132.33428883230937,364.2611177927434,107.11562614503573,113.634436100531
2010-01-12,323.50221285895367,246.16969662553237,130.96504469559645,130.96504469559645,355.42067747732455,106.11659901083227,113.63466150955807
2010-01-13,327.9805512285701,248.37312691818303,132.23564472769962,132.23564472769962,360.3408727465783,107.01294695108746,113.63493198746268
2010-01-14,329.0045820388806,249.08289564697012,132.4808509367766,132.4808509367766,361.4659399328016,107.30234422192832,113.6351573974734
2010-01-15,323.4629540724293,246.74546373307987,131.01925754669216,131.01925754669216,355.3775452082123,106.09793006647806,113.63542787655837
2010-01-19,329.92646662697985,249.6103990429032,132.73183654773604,132.73183654773604,362.4787826022921,107.42368281578077,113.63569835628712
2010-01-20,332.96788712383136,251.30353214372565,131.4524402947911,131.4524402947911,365.82028596924346,106.33134913760645,113.63592376781804
2010-01-21,329.73503893244765,249.6457841454268,129.31459909101125,129.31459909101125,362.26846762398856,104.28668931946447,113.63619424872714
2010-01-22,322.09955199272616,246.65700354739212,126.60544521911575,126.60544521911575,353.8796225616883,101.96198579155894,113.63646473028004
2010-01-25,321.2889978152651,246.3169895647299,127.07060684903307,127.07060684903307,352.9890947586812,102.48482122242835,113.63673521247676
2010-01-26,319.55489994711036,246.07945736835364,126.51873072682613,126.51873072682613,351.08390148762226,102.0553305133301,113.63705076008405
2010-01-27,321.21113715566145,246.76878441082175,127.12389950179423,127.12389950179423,352.90355194850804,102.54082805549105,113.63741136897421
2010-01-28,317.7436368948206,245.15019675692704,125.58091026861476,125.58091026861476,349.09392950120133,101.3644364054723,113.63777197900872
2010-01-29,316.16305752528933,244.23971232070932,124.39024869706846,124.39024869706846,347.35740168780296,100.26275871067078,113.63813259018757
2010-02-01,321.96705931265853,247.41915807244285,126.4173501949404,126.4173501949404,353.73405744269206,101.82190189775164,113.63858331072973
2010-02-02,322.21625206034196,247.69279643997123,128.15045122711967,128.15045122711967,354.00783688432654,103.05433855863342,113.63903403305957
2010-02-03,321.37660959023833,247.6433063199345,127.15408601417897,127.15408601417897,353.08535078160213,102.54082805549105,113.6394847571771
2010-02-04,309.1923308854076,241.50604525012207,123.069070128014,123.069070128014,339.6989057444191,99.37583114264343,113.63989043067849
2010-02-05,311.485897783982,242.81417449445559,123.4082361213904,123.4082361213904,342.21876826321534,99.58124679724048,113.64034115819275
2010-02-08,308.0681910078078,241.10728936847332,122.45085326118672,122.45085326118672,338.46385219302357,98.86233972840121,113.64088197953419
2010-02-09,313.8600146407037,243.96703130466815,124.07821475595203,124.07821475595203,344.82712823135637,100.1040726836598,113.64142280344942
2010-02-10,319.0762588488024,245.4313390039354,123.8120946984025,123.8120946984025,350.5580350895977,99.9079819567898,113.64191858573089
2010-02-11,321.5145554080285,246.95527159545017,125.18218974748318,125.18218974748318,353.2369070741569,100.95367190742877,113.64241437017532
2010-02-12,325.2515585465734,248.4056241562352,124.95230744509809,124.95230744509809,357.34262299955503,100.86961393558431,113.64286510770022
2010-02-16,333.84909808486316,252.60444704216428,127.42255911118674,127.42255911118674,366.7884419333169,102.45680826144692,113.64331584701287
2010-02-17,336.0038742738132,253.9102542320789,127.97715381551825,127.97715381551825,369.15581990616107,102.94227717025761,113.64376658811327
2010-02-18,339.1160591216988,255.50820210485233,128.85714575830082,128.85714575830082,372.57506961482517,103.54918011742156,113.64421733100141
2010-02-19,335.6378113669111,253.77600177797737,129.4041286821427,129.4041286821427,368.753639268135,103.76386343304516,113.64471312547455
2010-02-22,337.63301920036423,254.11696390200257,129.27570886530293,129.27570886530293,370.94570501509537,103.7825705551997,113.64520892211068
2010-02-23,328.51721978641723,250.11710998543109,127.58852499865021,127.58852499865021,360.9304919047447,102.52211138888643,113.6457497666181
2010-02-24,334.54310003491213,252.65249443450605,128.84233017540961,128.84233017540961,367.5509178405979,103.46511260112703,113.64629061369943
2010-02-25,331.3703776956466,251.27498403267612,128.82426993143497,128.82426993143497,364.0651576867381,103.32507642957012,113.6468765050106
2010-02-26,327.22688661702756,249.92469082134068,128.9265405634916,128.9265405634916,359.5128475394003,103.39048454596049,113.64746239934223
2010-03-01,327.30461519732324,249.7368490017151,130.602753354323,130.602753354323,359.59824523861187,104.46413973533049,113.64804829669441
2010-03-02,331.54554540275967,252.32787207358658,131.151410405348,131.151410405348,364.257608379993,104.75350837282112,113.64867923493931
2010-03-03,334.18616825896106,253.82634902505114,131.2399005386032,131.2399005386032,367.1587692599108,104.84691036129274,113.64931017668698
2010-03-04,338.2200275463533,255.29519167147535,131.70805077477107,131.70805077477107,371.59063075508465,105.16433013756512,113.64994112193743
2010-03-05,343.52400029276123,257.6437422754491,133.87433348509626,133.87433348509626,377.4179219200804,106.66746649158327,113.65061710483354
2010-03-08,345.71906448935556,258.47277787055185,134.01290997473558,134.01290997473558,379.8295629316364,106.68617361373782,113.65133812168243
2010-03-09,350.3846721365592,259.7082130426494,134.21156985624773,134.21156985624773,384.955504470514,106.86356676290336,113.65205914310555
2010-03-10,359.81756685737867,263.20931719080454,134.91658117629254,134.91658117629254,395.3190992126237,107.33970119953695,113.65273513859951
2010-03-11,360.4316657543174,263.8479866929383,135.49353837732917,135.49353837732917,395.99378840271964,107.78783221963917,113.65345616888551
2010-03-12,360.6122260027649,264.1874208859891,135.49874520990852,135.49874520990852,396.19216369438,107.79716669181629,113.65413217268892
2010-03-15,358.9574812676014,263.1317632343078,135.37634630556676,135.37634630556676,394.3741529623165,107.82521783059804,113.65489823868481
2010-03-16,365.0080482462265,265.9589614108852,136.73561134798902,136.73561134798902,401.02170135359273,108.68413243764397,113.65561928269385
2010-03-17,367.53100936585014,267.41247319664797,137.70321005514523,137.70321005514523,403.79359135848915,109.32832555126598,113.6562952993633
2010-03-18,367.202686880763,267.4475145972133,137.47620700823683,137.47620700823683,403.4328748148542,109.27231871820327,113.65701635223552
2010-03-19,364.8656864736748,266.52464451255435,136.57485907766608,136.57485907766608,400.8652934044785,108.71920829168373,113.6577374096822
2010-03-22,363.62020926524167,266.1474452224354,137.5489573602652,137.5489573602652,399.4969307299491,109.30047484593588,113.65841343895012
2010-03-23,369.18235805806586,268.9375751828437,138.4840110821686,138.4840110821686,405.6078709757804,110.06917531083648,113.65904443473902
2010-03-24,367.78502788944917,268.1831284703751,137.59921570632005,137.59921570632005,404.072672712992,109.534829273172,113.65967543403102
2010-03-25,364.32643061927445,266.3423680107734,137.10446558403325,137.10446558403325,400.2728316731947,109.35669165690032,113.6603064368261
2010-03-26,367.3374098489855,267.72919212563284,137.32686998770643,137.32686998770643,403.58089027420533,109.29103538480788,113.66093744312434
2010-03-29,372.4982779135513,270.3487670579934,138.36763478973836,138.36763478973836,409.25095728137865,109.98477373878922,113.66161349142588
2010-03-30,373.13843952486826,270.69515859718905,138.4255453567894,138.4255453567894,409.9542806731369,110.05981220530914,113.66233457803752
2010-03-31,373.246266745415,270.6515128841884,138.0135213100641,138.0135213100641,410.07274670599185,109.68478212836084,113.66305566922382
2010-04-01,378.5106319785684,273.53868134548685,139.2262948446543,139.2262948446543,415.8565224678944,110.43478501555697,113.66377676498486
2010-04-05,380.98097373483677,274.35904987603203,140.8588938743154,140.8588938743154,418.57060140062873,111.33474075794196,113.66458792217894
2010-04-06,381.77788001797865,274.4936067850764,141.32052432109654,141.32052432109654,419.44613473481246,111.59724176846062,113.66535405865001
2010-04-07,386.91185058172255,275.72813210933094,140.44549154724103,140.44549154724103,425.0866503893686,110.95979658104436,113.66612020028509
2010-04-08,383.2329384724389,274.7960056348827,140.76442111879592,140.76442111879592,421.04475706596435,111.34409431901923,113.66688634708422
2010-04-09,384.54516993614425,275.3213089702707,141.7774949506179,141.7774949506179,422.48646032887393,112.07535190626052,113.66760746714766
2010-04-12,385.693937634914,275.41905638565134,142.07506173264278,142.07506173264278,423.7485716144582,112.25350861143235,113.668328591786
2010-04-13,387.28039149059106,276.0666853171756,142.25243547421252,142.25243547421252,425.4915535223351,112.33788155012941,113.66904972099924
2010-04-14,395.5775583439597,279.8011660618363,143.93975573369082,143.93975573369082,434.6073633899245,113.6128196472123,113.66977085478747
2010-04-15,398.66097740946634,280.9700546709978,144.06294487668086,144.06294487668086,437.9950091297287,113.7066034136871,113.67049199315066
2010-04-16,393.0785791166323,278.3979242892609,141.7602834203249,141.7602834203249,431.86182145953353,111.89725246778914,113.67121313608888
2010-04-19,392.59479471663013,278.10537643624036,142.11897950437935,142.11897950437935,431.3303042940646,112.31909807237423,113.67193428360211
2010-04-20,400.49742764793314,281.12138759227116,143.79622238131165,143.79622238131165,440.0126534052991,113.32220068676135,113.67265543569042
2010-04-21,399.776889301257,281.1690445948409,144.02670449804742,144.02670449804742,439.221022878074,113.11595466500745,113.67333155368986
2010-04-22,406.5907851060948,283.44623100541344,145.21641479256087,145.21641479256087,446.7072142144877,113.4534750531459,113.67405271464266
2010-04-23,413.82728648789197,286.28826092654464,146.4450458070391,146.4450458070391,454.6577076622879,114.19406711256428,113.67477388017063
2010-04-26,410.14958504450397,284.2802147334912,145.9186441112063,145.9186441112063,450.6171444555743,113.76281068020147,113.67549505027378
2010-04-27,404.9317317123419,282.1521636028026,142.2785652981757,142.2785652981757,444.88446970845297,111.07227792522363,113.67621622495213
2010-04-28,408.2208578971122,283.6908097349759,143.1234040108179,143.1234040108179,448.4981187359766,111.91600731219408,113.67693740420574
2010-04-29,422.81650074829287,290.00258596273744,145.54022742703467,145.54022742703467,464.53384604843694,113.30339812010601,113.67770362391634
2010-04-30,414.5242082967916,286.1992544002072,142.8894973618878,142.8894973618878,455.42339151736485,111.38165173007953,113.67842481260624
2010-05-03,419.18710207224063,288.0772322971877,145.02982279971587,145.02982279971587,460.54635141933466,112.82533570455651,113.67919104234247
2010-05-04,404.31299779076585,281.26172673907456,141.24756512026119,141.24756512026119,444.20468817731205,110.17226491613816,113.67991224046875
2010-05-05,405.0478296389067,282.2636174650865,140.1854391898116,140.1854391898116,445.01202247957235,109.51608397321712,113.68058840163123
2010-05-06,397.16159003050865,279.5736594234756,135.8019266606792,135.8019266606792,436.34768414446665,105.87867495926669,113.68108435478005
2010-05-07,389.2637664491319,275.76478233248724,133.17493300267103,133.17493300267103,427.67061889943477,104.3036593517047,113.68167042546663
2010-05-10,401.46063889629926,281.34994545318114,139.85193915716408,139.85193915716408,441.0709002451664,108.89734590795544,113.68239163932249
2010-05-11,397.3946411289549,279.55731949506696,139.49464689266154,139.49464689266154,436.603729315115,108.58793392529921,113.68311285775387
2010-05-12,405.7805080954439,283.50397388944543,141.8476391549401,141.8476391549401,445.8169909250557,110.10664682184606,113.68383408076075
2010-05-13,400.35265186178304,280.90899891727014,140.0624452278628,140.0624452278628,439.8535932630484,108.7379535916386,113.68455530834319
2010-05-14,394.32420034500296,278.3977076952839,137.09900943507782,137.09900943507782,433.2303423637805,106.76921987387391,113.68527654050122
2010-05-17,389.44490185574875,276.97594937597404,137.37235405621593,137.37235405621593,427.8696260974565,106.82548440708874,113.68599777723486
2010-05-18,385.39343173954745,275.4450919877677,135.31363319198553,135.31363319198553,423.4184161945827,105.37241823818424,113.68676405801534
2010-05-19,386.7902134010331,276.1569953115196,134.33297854531597,134.33297854531597,424.95301183158233,104.77238729507707,113.68753034396082
2010-05-20,374.04988963901917,269.97249150989416,128.93410450400788,128.93410450400788,410.95565934747526,100.81627954854369,113.68829663507128
2010-05-21,377.0202564377448,270.9684045639158,131.13975826103206,131.13975826103206,414.21909847708486,102.28812919520338,113.68906293134683
2010-05-24,370.51280292030236,268.5706857151075,129.38979872111284,129.38979872111284,407.06958466887494,100.97562414261012,113.68982923278746
2010-05-25,371.9499163261147,268.7913001635985,129.5321837211029,129.5321837211029,408.6484913965648,101.07878055906234,113.69059553939321
2010-05-26,368.583390662258,267.16788788117253,129.26721079871987,129.26721079871987,404.9498062419305,100.46937696597776,113.6913618511641
2010-05-27,384.2792825006568,273.79981851764177,133.92004732539965,133.92004732539965,422.1943390119329,103.8349600416825,113.6921281681002
2010-05-28,378.4068522940915,271.43474386372077,132.3335277063158,132.3335277063158,415.7425033227415,102.53182763906669,113.6928494483016
2010-06-01,366.1379366203239,265.9477792610221,129.52245823038348,129.52245823038348,401.8474653124714,100.80689735411619,113.69357073307891
2010-06-02,376.2413492545036,270.4223393888621,133.02294662930947,133.02294662930947,414.280305093761,103.43181201480192,113.69429202243215
2010-06-03,375.73641998377605,269.84985072741335,133.75766175543967,133.75766175543967,413.9065483102777,103.7880777028952,113.69492321740768
2010-06-04,361.16622576489476,262.9110887153706,128.6020491641652,128.6020491641652,396.04747873756065,100.14128649451723,113.6955544158874
2010-06-07,353.17716738285833,259.5561012831373,126.72432383040962,126.72432383040962,386.6719195466041,98.89447589181671,113.69609549999211
2010-06-08,353.76767548926256,259.58847285442107,128.1123244701445,128.1123244701445,387.84433442113857,99.9537857727182,113.69663658667187
2010-06-09,350.215868256488,258.0417385219125,127.76139758817003,127.76139758817003,383.6830892776485,99.41944927950378,113.69708753925721
2010-06-10,365.0614678852449,264.4290669128183,131.89615210308614,131.89615210308614,401.40913930201356,102.32561025066302,113.69753849363114
2010-06-11,368.75696896053194,266.32796865658577,132.64179482342206,132.64179482342206,405.70947285200833,102.82247523286787,113.69789929446942
2010-06-14,367.71276748275153,265.9051416321908,132.69710927057713,132.69710927057713,404.46551772256095,102.66310200545121,113.69821501191774
2010-06-15,383.9069784188678,273.3935028802223,135.89870289518691,135.89870289518691,423.45400609314567,104.99744542793638,113.69862089507609
2010-06-16,384.5806869698754,273.5612250613917,135.68532140269522,135.68532140269522,424.17735003426117,104.95993573912652,113.69907185553173
2010-06-17,389.0514722205197,275.4940375023243,135.92193571995426,135.92193571995426,429.1841665115753,105.12865298317035,113.69947774174888
2010-06-18,389.23101456945307,275.68881283591725,135.95524551508714,135.95524551508714,429.4382708737914,105.24261371711185,113.69997377730604
2010-06-21,388.4727453819479,274.94306770890523,135.35514201103746,135.35514201103746,427.5568525302943,104.94123816142205,113.70051488244277
2010-06-22,383.6543631452568,272.24445590475966,132.78886733138893,132.78886733138893,420.4624741834655,103.20804238270324,113.70110105330136
2010-06-23,386.4053965663579,273.6141938481046,132.4925399963227,132.4925399963227,423.17473773482664,102.88778790475746,113.70168722718186
2010-06-24,380.46041872801084,270.52721736836816,130.21710083958538,130.21710083958538,414.8645875417702,101.1829200538727,113.70227340408434
2010-06-25,388.5407856287216,274.9407124857239,131.13860232162284,131.13860232162284,424.2252055783865,101.6067795374244,113.70285958400878
2010-06-28,383.92251887019427,272.9017051769427,130.71624105672967,130.71624105672967,419.0665122401341,101.28648688167831,113.70362597844336
2010-06-29,368.23961781245754,265.56029585294317,126.3941269207209,126.3941269207209,400.3074912983059,98.15927644669287,113.70430228065369
2010-06-30,366.85784546158436,264.8277138403374,125.07954037408354,125.07954037408354,398.31213899941594,97.22674549618876,113.70511372705656
2010-07-01,371.72667225776917,266.8563178766337,124.75852707100236,124.75852707100236,403.40387220594516,96.79348472930937,113.7058801366848
2010-07-02,373.23743487319035,267.7576823461567,123.97024210691205,123.97024210691205,404.77885711664385,96.26597251790133,113.70664655147888
2010-07-06,369.3558908033437,266.67923162119837,124.30188223773445,124.30188223773445,401.26529826528395,96.89708019046522,113.70741297143886
2010-07-07,389.22718643531806,274.44766071650946,128.31041259948523,128.31041259948523,422.8533155873827,99.94893719207815,113.70813434860938
2010-07-08,395.4543311248254,276.68753084507637,129.47491274703052,129.47491274703052,429.618435985873,100.93795219814889,113.70881067763523
2010-07-09,401.44751798793453,278.9879607412962,130.52179661472798,130.52179661472798,436.12938646497474,101.69154379857468,113.70953206367301
2010-07-12,398.0037715516377,278.03892523380995,130.26535249413521,130.26535249413521,432.3881277621417,101.75748640416948,113.71025345428737
2010-07-13,406.86980134134967,280.8923663104589,132.62270765744108,132.62270765744108,442.020111917748,103.29281618830359,113.71092979591755
2010-07-14,406.2388355966553,280.75223235691465,132.44722948549716,132.44722948549716,441.3346357576432,103.28341490497593,113.71160614157056
2010-07-15,407.7103683990703,281.43068113927603,132.63354434296195,132.63354434296195,442.9332972750863,103.31167602165941,113.71228249124643
2010-07-16,383.4065571277828,273.09286085505795,128.70442215978062,128.70442215978062,416.52983026243,100.46703857570844,113.71295884494519
2010-07-19,385.4641453996768,274.06979966900303,129.63145628909362,129.63145628909362,418.85646587879796,101.06045521491096,113.71372530745208
2010-07-20,397.0199457659306,278.11924637491325,131.44627215445269,131.44627215445269,431.9922655312535,102.18135543217126,113.714446724669
2010-07-21,390.2921971776297,275.2998139911365,129.6676761998264,129.6676761998264,423.9936022661532,100.85320702589877,113.71516814646272
2010-07-22,399.6605813008199,278.3950145453001,132.72493372310504,132.72493372310504,435.3405140380954,103.10443737709731,113.71588957283328
2010-07-23,405.3005737739093,280.1260394124228,134.1390735567778,134.1390735567778,441.93237574692586,103.99930592759026,113.71661100378064
2010-07-26,414.34268309230043,282.9505762033874,135.95085880143282,135.95085880143282,451.85780343698684,105.08250556703914,113.71733243930487
2010-07-27,405.24223351093724,280.2463014080705,135.41113828325965,135.41113828325965,441.9333874259823,105.07309473926136,113.71800882304042
2010-07-28,394.4809090981047,276.63954126901,134.28047020838486,134.28047020838486,430.1977188364825,104.39488520555835,113.71868521079905
2010-07-29,388.4967687513238,274.59574025262947,133.67709015897051,133.67709015897051,423.67176671304975,103.88624237195619,113.71936160258078
2010-07-30,391.36390086952156,275.34039188550287,133.86637632032628,133.86637632032628,426.79849266709266,103.86740162750054,113.72003799838564
2010-08-02,400.5492540763809,278.4917512017323,136.61656446583933,136.61656446583933,436.8154995872314,106.21286433432758,113.72075945565125
2010-08-03,394.62120081081383,276.44730668559885,135.7008184642159,135.7008184642159,430.350712741605,105.70416423402496,113.72148091749389
2010-08-04,401.05284843438574,278.9244214390071,136.74951328586374,136.74951328586374,437.3646900272146,106.41062533996137,113.7222023839136
2010-08-05,402.3752177106791,279.45384672811986,136.58896172671572,136.58896172671572,438.8067883214552,106.29764768437802,113.72287879661528
2010-08-06,403.0007906232975,279.65116801007275,136.11464476075935,136.11464476075935,439.4890014115376,105.86432965079815,113.72355521334022
2010-08-09,404.66627776328306,280.3657282022758,137.08439125150505,137.08439125150505,441.325268326381,106.42947562886711,113.72423163408843
2010-08-10,393.77285537116217,275.261362358597,136.1372785274443,136.1372785274443,428.55233031713476,105.85489973412025,113.72490805885995
2010-08-11,387.96557516704667,272.780846257344,132.0496119956239,132.0496119956239,417.6991551358855,102.95373051035224,113.7255844876548
2010-08-12,384.0127117253145,270.76157588528713,131.40120060928507,131.40120060928507,412.4056773494345,102.32263238223842,113.7263059801082
2010-08-13,385.3593401433549,271.6981121912939,130.9333299303117,130.9333299303117,413.4042220304716,102.02121864874829,113.7269824172178
2010-08-16,386.1136227796605,271.9235111917711,130.89035363126678,130.89035363126678,412.9982371038734,101.97413587650932,113.72770391853985
2010-08-17,392.7854752891122,274.34278450211445,132.95449543620234,132.95449543620234,420.1346424572609,103.22686403825874,113.72847048043336
2010-08-18,393.4393891258514,274.7858884444638,133.22998059009547,133.22998059009547,420.8340875062258,103.41527148281526,113.72919199119593
2010-08-19,391.2011750985549,274.0683090238115,130.83270357916382,130.83270357916382,418.4400294026034,101.61620945410232,113.72991350653587
2010-08-20,389.89760187584017,273.6344364409265,130.59783754622495,130.59783754622495,417.04568998758566,101.28648688167831,113.73058996510281
2010-08-23,391.89345119814317,274.769382513638,129.9289370832359,129.9289370832359,419.1805078313643,100.90032797593807,113.73131148931172
2010-08-24,387.7008094626395,273.2718219530628,127.99265287993144,127.99265287993144,414.69593763385217,99.40264150291492,113.73203301809808
2010-08-25,395.64856732797915,275.84670577797107,128.64686187452693,128.64686187452693,423.19708805606047,99.78879086420508,113.73275455146191
2010-08-26,390.9221685422649,274.1978047822863,127.78295500913768,127.78295500913768,418.1415959646463,99.12003988053021,113.73347608940328
2010-08-27,404.41940316304397,278.9677906659814,130.25908039466594,130.25908039466594,432.5786263497155,100.6553887535645,113.73415256916024
2010-08-30,391.94839871354475,275.0055809755055,128.0089847631359,128.0089847631359,419.2392812743493,99.19540285835282,113.73478398542899
2010-08-31,387.95294213945897,273.390292359947,127.9407685548782,127.9407685548782,414.9656259973269,99.19540285835282,113.73541540520316
2010-09-01,401.9370694507208,278.2853581839987,132.11854965723785,132.11854965723785,429.9234508091259,102.16251468771563,113.73600175598764
2010-09-02,408.4933684246529,280.5481707091361,133.68067346383353,133.68067346383353,436.93625677713794,103.11383866042499,113.73663318252251
2010-09-03,420.2621603091169,284.7225057741459,135.54684833835472,135.54684833835472,449.52449509448854,104.45135017222482,113.73726461256285
2010-09-07,412.49394211728827,281.313978671713,133.64646895910923,133.64646895910923,440.4238857551584,103.27400407719819,113.73789604610869
2010-09-08,413.5072810858813,282.12339082669007,134.51769946811044,134.51769946811044,442.2843347525381,103.99930592759026,113.73852748316006
2010-09-09,416.1070980822501,283.58515968287014,135.13417261723055,135.13417261723055,445.57923166259184,104.47967810005888,113.73915892371694
2010-09-10,416.1607428779963,283.635038799849,135.73735003930602,135.73735003930602,446.2014796623482,105.00718076701683,113.7397903677794
2010-09-13,423.43210432883194,287.0791906278261,137.48697585786198,137.48697585786198,455.2470574163422,106.17513512316587,113.74046688509331
2010-09-14,425.9661438508065,288.14072111560347,137.4652811311605,137.4652811311605,457.90058800371816,106.10924978427157,113.7411434064311
2010-09-15,425.1631805168779,287.815814803682,137.80613170790716,137.80613170790716,457.46827391610736,106.51425897891755,113.7418199317928
2010-09-16,422.2560007630978,286.4828981955635,137.5463224759476,137.5463224759476,454.31356862577803,106.48599786223407,113.74254152724632
2010-09-17,418.6680627538058,285.1332671459314,137.79341078901652,137.79341078901652,450.4995725709579,106.52580776351297,113.74326312727774
2010-09-20,429.5596534119604,288.90064014518737,140.19559188660037,140.19559188660037,462.5610316046729,108.15456816946896,113.74402979404542
2010-09-21,434.01274259723226,290.60751217784724,139.6009753015802,139.6009753015802,467.3562341126502,107.93678290756974,113.74479646598066
2010-09-22,426.1897946434242,287.8754650555459,138.6807169375755,138.6807169375755,458.9322798446902,107.40646462783852,113.74551808031777
2010-09-23,425.31030257590373,287.40949264201447,137.41936754536223,137.41936754536223,457.98521986173074,106.53520904684063,113.7462396992329
2010-09-24,445.7407559060452,294.3628563661589,140.8516923986436,140.8516923986436,479.98526454348365,108.73224601049145,113.74691625490706
2010-09-27,446.21841509069924,294.2846194122734,140.02903455595714,140.02903455595714,480.1602626992572,108.21135764743812,113.74763788269242
2010-09-28,453.4347561939771,297.31513910116075,141.07363817011563,141.07363817011563,488.14024091705903,108.59017687106775,113.74835951505591
2010-09-29,461.1294651025905,300.28955400485677,140.81013839944538,140.81013839944538,496.32075249430363,108.40081498150333,113.74908115199756
2010-09-30,460.0854114785825,300.1708778066307,140.55379199568614,140.55379199568614,495.0182729766358,108.07877569139282,113.74980279351735
2010-10-01,456.8354807751779,298.80944110194,141.04401462033212,141.04401462033212,491.77056135450863,108.5333873930986,113.75052443961536
2010-10-04,447.4841602907581,295.45782027925543,139.9329020290349,139.9329020290349,481.5505441282686,107.71895946787018,113.75111086829286
2010-10-05,455.56427195207647,298.31513780919386,142.88019545960336,142.88019545960336,490.24578412200793,109.8875157924857,113.75165221679413
2010-10-06,454.22228269072974,298.0987244203934,142.54069207923337,142.54069207923337,488.80163097344524,109.87807633135773,113.75223865128577
2010-10-07,452.628113522881,297.40862770636375,142.36197519631418,142.36197519631418,487.0860997919365,109.7454943753124,113.75282508880072
2010-10-08,471.3139804969799,303.93985218429475,143.45609127540246,143.45609127540246,507.19449737865574,110.36104459424776,113.75336644546007
2010-10-11,478.37195744682896,306.25025316832057,143.63031506159618,143.63031506159618,514.7897888822392,110.4652413557586,113.75390780469579
2010-10-12,481.3356055041329,306.93847995709336,143.96940195986255,143.96940195986255,517.9790555898521,110.80609275697452,113.75449425081587
2010-10-13,482.9820290890823,307.7023152298268,145.14376191084145,145.14376191084145,519.7508192488895,111.66787069904412,113.75508069995931
2010-10-14,481.4929040629239,307.07610472975705,144.43309573416866,144.43309573416866,518.1483290821857,111.23226199744533,113.75571223241447
2010-10-15,484.1109016351141,308.22766030765274,144.63057507101053,144.63057507101053,520.9656313853454,111.45953444272294,113.75634376837567
2010-10-18,484.7201762483804,309.26185390211003,145.42774954812026,145.42774954812026,521.8879242605848,112.00876027806036,113.7570203841482
2010-10-19,478.1866999708403,306.090527215444,143.07408989074088,143.07408989074088,513.9985457015744,110.54096702268419,113.75765192737188
2010-10-20,483.1446053188944,308.20731452043424,144.62283013492922,144.62283013492922,519.9653142465775,111.62052068220294,113.7582834741017
2010-10-21,478.3120782617793,305.962687477304,144.86217626452557,144.86217626452557,514.909294876473,111.8667197719869,113.75886994278007
2010-10-22,481.71152814056774,307.4001266439651,145.29175142048058,145.29175142048058,518.6892585770672,112.07510375055847,113.75945641448193
2010-10-25,476.7709266071286,305.4076418088864,145.7625927896851,145.7625927896851,513.5555325785117,112.40651569064643,113.76008797122967
2010-10-26,478.02135030517337,305.90921698248883,145.63018399652486,145.63018399652486,514.9140084067717,112.42541370180254,113.7607195314836
2010-10-27,481.5292988536316,307.2084446594462,145.2613060531504,145.2613060531504,518.5079340514518,112.10346985619282,113.76135109524381
2010-10-28,484.1366733113884,308.43564762213646,145.22524513114948,145.22524513114948,521.3287853327769,112.12244422294957,113.76193757973697
2010-10-29,476.20703960761904,306.23882975505455,145.47195052668118,145.47195052668118,512.8326880137935,112.20765707325356,113.76247897976322
2010-11-01,471.11450814333415,304.36501315798694,145.3436725781678,145.3436725781678,507.0474898737789,112.24553899561651,113.76306547007108
2010-11-02,470.667679497548,304.05392836280475,146.69361046525566,146.69361046525566,507.5835236343404,113.13567349887037,113.76365196340251
2010-11-03,477.5021347739974,307.1871175905331,147.00044866559958,147.00044866559958,515.4673317141369,113.59022793387568,113.76423845975756
2010-11-04,491.52257807224856,313.7743342471042,150.0535996639117,150.0535996639117,533.0750491889715,115.7777395363478,113.76482495913623
2010-11-05,499.231574995578,317.0011226219823,150.99617544786162,150.99617544786162,541.879530759371,116.21334823794658,113.76541146153853
2010-11-08,501.77203017653187,318.2397443977897,150.69986768392732,150.69986768392732,544.1507696718318,115.99556297604734,113.76599796696449
2010-11-09,492.87199736765007,314.8031025182278,149.13414526560507,149.13414526560507,534.4990565196383,115.16222749521275,113.7665844754141
2010-11-10,496.9678598654832,316.5403548029367,149.89077594454702,149.89077594454702,538.9408480038743,115.62625002469626,113.7671709868874
2010-11-11,498.1015605710249,316.69508037600957,149.72998104943576,149.72998104943576,540.1702989784155,115.19065086754756,113.7677575013844
2010-11-12,487.38233319419226,312.36837576264435,147.7794776377091,147.7794776377091,528.5457454429409,113.82697801808158,113.76834401890511
2010-11-15,483.2276207049478,310.67516877695624,147.61830158349747,147.61830158349747,524.0401336056445,113.66596314525135,113.76897562499404
2010-11-16,470.4839925802898,305.8097928252895,145.0886520770101,145.0886520770101,510.22020217183274,111.89517177767196,113.76965231590009
2010-11-17,462.7899633462832,302.8761401969002,145.38612308857358,145.38612308857358,501.8763494304008,111.95198034454128,113.77028392925227
2010-11-18,463.5373935017946,303.0713199560254,147.4737962508166,147.4737962508166,502.6869061572363,113.59965785055357,113.77096062794003
2010-11-19,462.49942236081705,302.5674401331587,148.00143528474845,148.00143528474845,501.5612698895843,113.91222904618587,113.77159224855558
2010-11-22,462.32563379970355,302.67429557879984,148.1007113297542,148.1007113297542,502.0636116464483,113.81753855695361,113.77226895502514
2010-11-23,456.47664312787884,299.12686929230915,146.0205811180253,146.0205811180253,492.99060636899696,112.16980378424084,113.7729456655197
2010-11-24,461.11811555245055,302.04488378149307,148.50854016951737,148.50854016951737,500.7700006357757,113.82697801808158,113.77366745843963
2010-11-26,457.72200053227925,299.88766657814756,147.40259156565764,147.40259156565764,494.8902242379472,112.50121572432879,113.77438925593871
2010-11-29,461.25939632600597,301.2304436479353,147.21862844254207,147.21862844254207,498.1406479989746,112.84214348114536,113.77520120251458
2010-11-30,459.3659403383467,300.35124431816166,146.6002181200904,146.6002181200904,496.0957955793537,112.20765707325356,113.77596808455532
2010-12-01,474.25650574724017,307.02504630278736,149.7910082173121,149.7910082173121,512.1769767128753,114.59406547091888,113.77668989664994
2010-12-02,487.4003763258646,312.54894471723384,152.04289992481478,152.04289992481478,526.3718012723364,116.06186827074512,113.77741171332383
2010-12-03,486.4091844632228,312.3624921758976,152.58845081334212,152.58845081334212,525.3013559639471,116.37437265522688,113.77804336975375
2010-12-06,484.37667377998497,311.2060612702604,152.45551292505726,152.45551292505726,523.2167754762323,116.25125879365979,113.7787201145942
2010-12-07,482.0737626701366,309.1487166605524,152.65572769834375,152.65572769834375,520.842423545,116.31750682165709,113.77935177828795
2010-12-08,491.12020622458226,313.5070093867297,153.0209875810054,153.0209875810054,531.3323408130875,116.74368560657796,113.78002853091071
2010-12-09,497.20565616362876,317.67038626541904,153.738958837726,153.738958837726,538.6731800246121,117.19824004158326,113.78066020186839
2010-12-10,498.5433655236428,318.3425258364826,154.96064993421382,154.96064993421382,541.272602992638,117.88004783296601,113.7812467859076
2010-12-13,494.1107116800332,316.1139509976876,154.82952917062025,154.82952917062025,536.5534992078357,117.95579258879178,113.78192354980175
2010-12-14,494.2980406256998,316.0354133512734,154.86140185394143,154.86140185394143,536.9366405197057,118.05997980585252,113.78260031772125
2010-12-15,491.00087671840475,313.5914808661691,154.0193511831366,154.0193511831366,532.4214062503515,117.52021252054323,113.78323200295667
2010-12-16,496.47741333796506,316.0694026653947,155.19955792696783,155.19955792696783,539.5513446633906,118.20202031192599,113.78381860025453
2010-12-17,500.65776136955583,319.61360223621034,155.62239372876394,155.62239372876394,544.3155775552196,118.32863698667204,113.7843150037647
2010-12-20,503.0739000910932,321.2144483085888,156.22342620214457,156.22342620214457,547.4351326679396,118.61425465528166,113.78494669851955
2010-12-21,502.78319080702266,320.8359591638526,157.28351515685083,157.28351515685083,548.4178423416341,119.36628096589452,113.78557839678133
2010-12-22,509.6348582301023,325.92758541127324,157.7884133070892,157.7884133070892,556.5159396628538,119.73755052951178,113.78621009855013
2010-12-23,507.7122891018812,325.0514767178996,157.29111658480426,157.29111658480426,554.1275677661741,119.56618947279607,113.78684180382592
2010-12-27,506.903041680829,324.2664751422299,157.53997980389607,157.53997980389607,554.5957618630323,119.61381627868954,113.78760876432811
2010-12-28,506.903041680829,324.2664751422299,157.46021752788778,157.46021752788778,555.3901536718081,119.78514870205501,113.78828556606294
2010-12-29,506.903041680829,324.2664751422299,157.69781345275294,157.69781345275294,555.7874159562147,119.87082923041285,113.7888721894139
2010-12-30,506.903041680829,324.2664751422299,157.52549302193987,157.52549302193987,554.9045617093717,119.68041745133976,113.78941371762362
2010-12-31,506.903041680829,324.2664751422299,157.37661436997476,157.37661436997476,555.0368792130339,119.70895535707552,113.78995524841048
2011-01-03,506.903041680829,324.2664751422299,159.2107465539219,159.2107465539219,560.7750777907474,120.94655556544997,113.79063206410204
2011-01-04,506.903041680829,324.2664751422299,158.39782663683735,158.39782663683735,560.4659239176424,120.8798780371991,113.7912637939272
2011-01-05,506.903041680829,324.2664751422299,159.31755613404346,159.31755613404346,563.3791216654956,121.5081891858899,113.79189552725951
2011-01-06,506.903041680829,324.2664751422299,159.01711061439715,159.01711061439715,562.2757529969977,121.2702174120739,113.79257235449174
2011-01-07,506.903041680829,324.2664751422299,158.79774241821636,158.79774241821636,561.1722073151168,121.03220746045757,113.7932040950888
2011-01-10,506.1726854654213,324.2065346515095,158.7801438360608,158.7801438360608,557.6163180513585,120.8798780371991,113.7938809301043
2011-01-11,503.78923639805197,323.82897183372035,159.44896382843953,159.44896382843953,554.9906329218117,121.30827113453829,113.79455776914556
2011-01-12,508.6561058076795,325.7572325659971,160.88168580961974,160.88168580961974,560.352134793723,122.40301001413248,113.79523461221262
2011-01-13,503.9005837434011,323.88120597717676,160.6222871087535,160.6222871087535,555.1132967844047,122.20313014058115,113.79591145930551
2011-01-14,515.2316932196932,328.5053304011689,161.81281719796186,161.81281719796186,567.5960160757414,123.08846378544533,113.79658831042426
2011-01-18,514.5949983433857,328.93134224161815,162.3880948256695,162.3880948256695,566.8946122607127,123.29785947572528,113.79731025333673
2011-01-19,506.4682297897596,325.524062964878,160.36872750486452,160.36872750486452,557.9418993059201,122.08889261758739,113.79803220082933
2011-01-20,509.65070246156813,327.18981522176256,160.21461585796538,160.21461585796538,561.4478148649969,121.92705692205037,113.79875415290203
2011-01-21,509.97764043893255,327.2996013364618,160.41279190503832,160.41279190503832,561.8079803903283,122.20313014058115,113.79947610955494
2011-01-24,512.2898643694307,328.52396734440305,161.30279489799096,161.30279489799096,564.7632679761285,122.89806155082235,113.80019807078804
2011-01-25,511.44194895648735,328.0987461820066,161.30298872170889,161.30298872170889,563.8675660391514,122.96472953462312,113.8009200366014
2011-01-26,513.7727104427333,329.60921883402744,162.3350178042926,162.3350178042926,566.7086931288507,123.44067308225513,113.80164200699498
2011-01-27,516.3974103158946,331.1597707975491,163.28940054555042,163.28940054555042,569.7750986235945,123.7452746620716,113.80231889219866
2011-01-28,505.6533619352798,325.9015836215185,160.24348479799448,160.24348479799448,556.6974295208258,121.58437298641928,113.80299578142842
2011-01-31,505.8938941414108,325.8802091090912,161.4542938302108,161.4542938302108,557.1193369430489,122.498215903669,113.80367267468425
2011-02-01,511.7610707111785,328.40249198344134,163.8992895510433,163.8992895510433,563.5806078896459,124.45930451692055,113.80434957196623
2011-02-02,511.0638164001189,327.5844197962558,163.46832652581418,163.46832652581418,562.8127514992907,124.22133274310454,113.80507156411733
2011-02-03,518.0315488093677,330.35078556796327,164.10213876400516,164.10213876400516,570.4860175829334,124.4973200615846,113.80570337410605
2011-02-04,519.7871985154088,331.3146304949511,164.86660189359077,164.86660189359077,572.4194396136419,124.84954844729455,113.80638028346648
2011-02-07,522.4985674679781,333.0718132539103,165.8258872578384,165.8258872578384,575.4053544281053,125.63016038589356,113.80710228850072
2011-02-08,524.8475469238116,334.24311673986483,166.61766867430924,166.61766867430924,577.9921851688634,126.20134800086245,113.80777920618183
2011-02-09,525.4991212192652,334.613297496565,166.20634288218872,166.20634288218872,578.7097361092011,125.91574942115295,113.80841103120252
2011-02-10,518.346101976699,331.7671891900863,166.67523247980932,166.67523247980932,570.8324215503393,125.96337622704642,113.80895265239879
2011-02-11,519.8134756229302,332.49173273319366,167.7489917535544,167.7489917535544,572.448377469759,126.71541208210937,113.80949427617266
2011-02-14,517.938957010386,331.8277478902796,167.8508243706467,167.8508243706467,570.384050189667,127.02004229527608,113.81008100886285
2011-02-15,519.6025541404517,332.42240915255366,167.34915407473412,167.34915407473412,572.2160986503735,126.62021573702292,113.81066774457788
2011-02-16,521.961703286459,333.14047111797356,168.57388569028694,168.57388569028694,574.8141288365335,127.41989748687948,113.81120937651399
2011-02-17,526.1532162646624,334.8115731268523,169.32115044275977,169.32115044275977,579.4300630437806,127.80063514497495,113.81161566304287
2011-02-18,526.584347448198,335.046079828756,169.79735846835993,169.79735846835993,579.9048494009365,128.0672020912272,113.81206707166731
2011-02-22,517.6699872602577,332.1884235593364,165.88468859138968,165.88468859138968,570.0878452925839,125.49691986279281,113.81260871026288
2011-02-23,513.6599516880992,330.095638777256,164.27016828473563,164.27016828473563,565.6717644010156,124.72580465202223,113.81315035143616
2011-02-24,515.0129603043627,330.49164278694377,164.3982537181175,164.3982537181175,567.1617749979021,124.64014321256454,113.81373710297486
2011-02-25,520.1180806711874,332.8770255598164,166.56004450512026,166.56004450512026,572.7838259985509,125.97287295487489,113.81432385753848
2011-02-28,517.3045993767652,332.25096290688657,167.44988622226435,167.44988622226435,569.6854592236159,126.75351352682415,113.81500081817305
2011-03-01,507.9648839960532,328.3964961770871,164.5968617446445,164.5968617446445,559.4000296100206,124.64014321256454,113.81563268328588
2011-03-02,510.5243876661034,329.2012093548584,165.04834889534797,165.04834889534797,562.2187016755964,124.90671970326686,113.81621944762199
2011-03-03,513.9993191935783,331.137863926567,168.11376233570573,168.11376233570573,566.0454953391076,127.05808647329037,113.81680621498309
2011-03-04,512.1593142340857,330.26218667776675,166.99840588508863,166.99840588508863,564.0191764709105,126.1061421113259,113.81734787613253
2011-03-07,513.022741469724,332.2212685348027,165.51059316480888,165.51059316480888,564.9700320052193,125.11612493799686,113.81784442592054
2011-03-08,523.7176375734224,336.5299705621442,167.41289247631906,167.41289247631906,576.747864264056,126.21085427314098,113.81834097787483
2011-03-09,520.5124157615967,335.16927246430276,167.29089416638726,167.29089416638726,573.2180903900497,126.03002512194705,113.81879241317374
2011-03-10,516.2026245093139,333.0758266561731,164.27536012875845,164.27536012875845,568.4719013716789,123.69771466732867,113.8191535987918
2011-03-11,517.0698526232369,333.49654604207933,165.65664634782155,165.65664634782155,569.4269426508926,124.55442450640636,113.819514785556
2011-03-14,512.283048560114,332.2315308876385,164.43968161900517,164.43968161900517,564.1554397989966,123.8024459180439,113.81992110173378
2011-03-15,514.142742061027,331.78232627171576,162.84068685138786,162.84068685138786,566.2034408168867,122.3839974695754,113.82037254329988
2011-03-16,502.96553425269985,327.25431639571207,160.16442599914407,160.16442599914407,553.8944592791311,120.11832636540755,113.82082398665656
2011-03-17,506.19252032920735,328.6931533310114,162.0087181554384,162.0087181554384,557.448201208196,121.7080786038913,113.82118517872149
2011-03-18,507.90333405657043,330.2700726601165,162.83782087608927,162.83782087608927,559.3322472907035,122.1507692874486,113.82150123851126
2011-03-21,515.6252626478724,333.67103687351135,165.29152304292973,165.29152304292973,567.8360774150203,124.04391096058878,113.82195268634464
2011-03-22,513.2562826609875,333.0084979936131,164.5006925000394,164.5006925000394,565.227220943715,123.61358033988358,113.8224041359686
2011-03-23,518.9997068046318,334.91240495102005,165.10595616327623,165.10595616327623,571.5522086293648,123.96734538205622,113.82281046246086
2011-03-24,521.1830181484094,335.6366022070131,166.7108035725372,166.7108035725372,573.9565961546381,125.15290924860076,113.82321679040363
2011-03-25,526.1793653530793,337.3641333888529,167.34642925103628,167.34642925103628,579.4588599179264,125.5353744521605,113.82362311979695
2011-03-28,521.4674330820526,335.7416283318656,166.73346644616598,166.73346644616598,574.2698101726032,125.22946528268322,113.82411969696192
2011-03-29,529.6894800141935,338.5913815102251,168.05018974998214,168.05018974998214,583.3243992637073,126.07077037933368,113.82457115518083
2011-03-30,532.0356514757846,339.2991762213684,169.43338837120137,169.43338837120137,585.9081376803465,126.94084244852178,113.82502261519038
2011-03-31,528.3781464483362,337.6916688375869,169.29377245082517,169.29377245082517,581.8802836197314,126.76872738024984,113.82542895103018
2011-04-01,523.9243985910625,336.635864924378,170.37022665565453,170.37022665565453,576.9755613412246,127.30415194077325,113.8257450226041
2011-04-04,518.4953131769821,334.13656054892664,170.40120272624688,170.40120272624688,570.9967414718268,127.40930314729195,113.82601595533357
2011-04-05,524.0096148117982,336.5576952122495,170.37822715491544,170.37822715491544,577.0694063252079,127.39018561378401,113.82633202853748
2011-04-06,536.6791992084524,343.3189146035314,170.91974120158304,170.91974120158304,591.0218784545414,127.79177789530178,113.82660296266417
2011-04-07,537.719978287376,343.6197596929656,170.50841876953666,170.50841876953666,592.1680439984805,127.46663665891562,113.82678360382927
2011-04-08,536.9104235122225,342.51079918011715,169.51210395109268,169.51210395109268,591.2765159038034,127.02682839928214,113.82696424528103
2011-04-11,535.4772998960538,342.4539541104856,168.98769218562322,168.98769218562322,589.6982780795414,126.64443000687295,113.82719003621328
2011-04-12,537.2045954819305,343.3365219099391,167.9526453216539,167.9526453216539,591.6004749288262,125.69789734810317,113.82741582759341
2011-04-13,537.6229629511726,342.51897266070284,168.07936245443577,168.07936245443577,592.061205152618,125.68828608687377,113.82768676429983
2011-04-14,536.6166882126838,341.4097671800947,168.23633471518536,168.23633471518536,590.9530377649866,125.78397874336433,113.82800284214326
2011-04-15,539.0924276311961,342.5660942427431,169.2777487874885,169.2777487874885,593.679463838237,126.2428854476056,113.82831892086438
2011-04-18,536.9161014937978,342.1824532955019,167.29842758512513,167.29842758512513,591.2827688223839,124.82784436781525,113.8286350004632
2011-04-19,535.7026544473207,341.8008030191938,168.16057939112957,168.16057939112957,589.9464514210914,125.5448902688891,113.82890594007152
2011-04-20,544.6468442565363,345.77208111462227,170.57453299142324,170.57453299142324,599.7963056172166,127.25631515697803,113.82917688032475
2011-04-21,543.813987610447,345.2317216011731,171.50181209579125,171.50181209579125,598.8791161673907,127.90650218524956,113.8294478212229
2011-04-25,540.7411149118178,343.19543268872076,171.20106366841662,171.20106366841662,595.4950927186078,127.77261263954345,113.82976390395645
2011-04-26,547.5249698829865,346.47375799024434,172.7477215044609,172.7477215044609,602.9658624338059,128.8721332886271,113.8300799875677
2011-04-27,550.8593637111094,348.4341836618625,173.71334791563459,173.71334791563459,606.6378879319267,129.7135147408782,113.83035093061544
2011-04-28,552.1475872491112,348.8194657940568,174.28561327872862,174.28561327872862,608.0565534893435,130.13421501145382,113.8305315777285
2011-04-29,552.7592861270432,348.9561003164508,174.4191991566646,174.4191991566646,608.7301913355972,130.4401528142813,113.83071222512825
2011-05-02,557.2215232804505,350.99906072297375,174.19592941679656,174.19592941679656,609.533825819506,130.23935667352245,113.83093802349511
2011-05-03,557.2215232804505,350.99906072297375,173.39075480594698,173.39075480594698,607.341157354403,129.77084825250188,113.83107351627433
2011-05-04,557.2215232804505,350.99906072297375,172.15374144828135,172.15374144828135,603.3140660104036,128.91037790009307,113.83120900921482
2011-05-05,557.2215232804505,350.99906072297375,171.29375989424955,171.29375989424955,597.8551537162463,127.7439697448568,113.83129934244701
2011-05-06,557.2215232804505,350.99906072297375,172.03431274660468,172.03431274660468,600.4949591287219,128.3080181111667,113.8313896757509
2011-05-09,557.2215232804505,350.99906072297375,172.8400164301456,172.8400164301456,602.8218580160881,128.80520760467422,113.83152516906773
2011-05-10,557.2215232804505,350.99906072297375,174.51335539497407,174.51335539497407,607.967551101956,129.9046900759576,113.83166066254581
2011-05-11,557.2215232804505,350.99906072297375,172.81683076275277,172.81683076275277,601.5688471758533,128.53747623551234,113.83179615618518
2011-05-12,557.2215232804505,350.99906072297375,173.90044598248522,173.90044598248522,604.4328017593494,129.14941865231793,113.83188648988333
2011-05-13,557.2215232804505,350.99906072297375,172.4724194400495,172.4724194400495,599.7790933226686,128.155058754203,113.8320219837915
2011-05-16,557.2215232804505,350.99906072297375,171.68081712667768,171.68081712667768,595.9756151213812,127.34236791888898,113.83220263355652
2011-05-17,557.2215232804505,350.99906072297375,171.4138481573299,171.4138481573299,595.8862324009325,127.32326947428119,113.83238328360822
2011-05-18,557.2215232804505,350.99906072297375,173.16202949692035,173.16202949692035,601.2110482799038,128.46102519038075,113.83260908528986
2011-05-19,557.2215232804505,350.99906072297375,173.6193638950704,173.6193638950704,602.6428245610362,128.7669534487582,113.8328348874194
2011-05-20,557.2215232804505,350.99906072297375,172.23104669110123,172.23104669110123,597.8551537162463,127.7439697448568,113.83306068999686
2011-05-23,557.3221341185587,351.6476761413269,170.03294696313628,170.03294696313628,590.454179407683,126.26199343666346,113.83333164013939
2011-05-24,554.1706009396967,350.06456826601425,169.7059973393563,169.7059973393563,587.054083662122,126.15684223014476,113.83360259092684
2011-05-25,547.9790435294333,347.088383432272,170.1910175941991,170.1910175941991,580.7408318982784,126.57752341182021,113.83387354235923
2011-05-26,548.0886739257376,347.2428964793051,171.11083159997412,171.11083159997412,581.1978543626268,127.16072748943834,113.83409934699701
2011-05-27,555.1303700318634,351.73664612858306,171.939783029872,171.939783029872,588.9426005149832,127.64831526616656,113.8343251520827
2011-05-31,561.0397765183158,355.1738673174956,173.57923712931344,173.57923712931344,596.221083397062,128.977303584046,113.83459610523495
2011-06-01,561.0397765183158,355.1738673174956,169.4027195339975,169.4027195339975,582.8293133361658,126.08033391831268,113.83482191130604
2011-06-02,561.0397765183158,355.1738673174956,169.26164798401751,169.26164798401751,582.2103845186283,125.94644437260656,113.83500256551447
2011-06-03,561.0397765183158,355.1738673174956,167.23832034391864,167.23832034391864,576.4207439929008,124.69400254435949,113.83518322000961
2011-06-06,561.0397765183158,355.1738673174956,165.36904518496135,165.36904518496135,570.321418453608,123.37456822100899,113.8354090272453
2011-06-07,561.0397765183158,355.1738673174956,165.59435924957145,165.59435924957145,569.9681419322205,123.29814580922762,113.83563483492891
2011-06-08,561.0397765183158,355.1738673174956,164.5307552043728,164.5307552043728,567.5811539112913,122.7817815155117,113.83581549042745
2011-06-09,561.0397765183158,355.1738673174956,165.73715482375925,165.73715482375925,571.912508489111,123.71876017975254,113.83604129891732
2011-06-10,561.0397765183158,355.1738673174956,163.32574712576417,163.32574712576417,563.9570583115957,121.99780038603483,113.83626710785515
2011-06-13,558.4445008491867,353.68996457019927,163.43439334330688,163.43439334330688,562.2728555083661,122.09338805357453,113.83649291724086
2011-06-14,564.1549961682001,357.60620735013504,165.79242373091554,165.79242373091554,568.9177980220129,123.64229004572078,113.8367187270745
2011-06-15,552.5248255097288,349.68653484342127,162.82245930250062,162.82245930250062,555.9361585722079,121.44327738090364,113.83694453735606
2011-06-16,558.2513228053338,353.7042026584941,163.16084373022295,163.16084373022295,561.8575414272943,121.71098011671526,113.83717034808556
2011-06-17,564.321432675564,357.56163638021735,163.93278695522795,163.93278695522795,568.1800929904676,122.07418462001587,113.83735100602094
2011-06-20,562.8963618346603,356.30899302416975,165.0759908389195,165.0759908389195,567.1073700325072,122.69868753312521,113.83748650643352
2011-06-21,573.720679081918,362.7977954254618,167.4902317704815,167.4902317704815,578.9766999988113,124.38014284796654,113.83762200700738
2011-06-22,571.7894178737936,361.4512643051079,166.45092208336212,166.45092208336212,576.5982167047413,123.63070308332505,113.83771234532875
2011-06-23,570.5186918158083,360.0213299197439,166.14375343983824,166.14375343983824,575.1130796012579,123.27521049568814,113.83775751677457
2011-06-24,553.8891134473697,351.82306868364105,164.3596938093361,164.3596938093361,557.5462397637416,121.84360979501099,113.83784785520348
2011-06-27,558.1964198598631,354.4253236183499,165.65948486718904,165.65948486718904,562.5032751172843,122.92933871373073,113.83793819370408
2011-06-28,565.7060575650999,357.827428794414,167.82048664212851,167.82048664212851,570.9806873684345,124.53394211653716,113.83807369481558
2011-06-29,573.274581091971,362.0881921181533,169.28966311985323,169.28966311985323,579.2096620469233,125.60043896834803,113.8381640334954
2011-06-30,578.2151604248252,364.135382772459,170.8029080224254,170.8029080224254,584.8700792962399,126.80149347737053,113.83829953487573
2011-07-01,588.9419769332768,369.25097882775935,173.54484180570722,173.54484180570722,596.7400181198809,128.67513583899964,113.83838987373478
2011-07-05,582.003426125169,365.7993904878844,172.9954926328757,172.9954926328757,589.6052330531047,128.5694215099263,113.83848021266553
2011-07-06,583.8326195990975,366.63294418948334,173.27593421987712,173.27593421987712,591.4583184407202,128.7231730562465,113.83852538441603
2011-07-07,593.7635773473887,370.89642581149246,175.24384972440322,175.24384972440322,601.5189888677057,130.05870886688,113.83866088622646
2011-07-08,586.2218573698733,367.4905836075111,173.7232630567984,173.7232630567984,593.8787631141072,129.13628548900942,113.83879638819819
2011-07-11,567.7875334887486,358.871380087554,170.21963422401961,170.21963422401961,575.2036602878749,126.80149347737053,113.8389318903312
2011-07-12,562.5866407389295,356.60528811848144,169.53266081179814,169.53266081179814,569.934836352839,126.25377566514557,113.8390673926255
2011-07-13,569.2910199774077,359.59518308615264,169.86400282596767,169.86400282596767,576.7267844856824,126.67655662583837,113.839112564609
2011-07-14,563.4569841360674,356.9727521094816,168.324262198811,168.324262198811,570.8165476941659,125.80220864301495,113.83915773661042
2011-07-15,577.9236589889151,363.69385053030345,169.08171548716402,169.08171548716402,585.4721782544614,126.53246406299796,113.83924807615053
2011-07-18,563.706925622379,357.2767620946743,167.14960901789476,167.14960901789476,571.069753777964,125.49472463927466,113.83933841576231
2011-07-19,579.5332125862369,363.8789355845313,169.7998486267444,169.7998486267444,587.1027549508539,127.53177753070378,113.8394739185405
2011-07-20,581.0686520537351,364.4189577871274,169.81300305727373,169.81300305727373,588.6582494796414,127.45483971861815,113.8395642583315
2011-07-21,577.2887484892174,362.4176993998363,172.01143110798807,172.01143110798807,584.8289749048962,129.22282501787436,113.83979007425756
2011-07-22,585.235556285228,365.57978561298603,172.11137322101067,172.11137322101067,592.8795795100782,129.30925955778844,113.84001589063156
2011-07-25,575.880668750424,361.68329267206684,171.10390933019096,171.10390933019096,585.429095509257,128.58862494348494,113.84024170745349
2011-07-26,575.880668750424,361.68329267206684,170.13368739295467,170.13368739295467,583.2419610768292,128.1082241376661,113.84055782015962
2011-07-27,575.880668750424,361.68329267206684,166.2910153338672,166.2910153338672,571.2996934578889,125.48512292249534,113.8409190748467
2011-07-28,575.880668750424,361.68329267206684,165.6057255185046,165.6057255185046,569.6374313122172,125.12000952917897,113.84123518943373
2011-07-29,575.880668750424,361.68329267206684,164.8130310452934,164.8130310452934,565.7444510845096,124.26492224661465,113.84168671553746
2011-08-01,565.0030049319059,358.3822004794489,163.54546953220634,163.54546953220634,561.2577383327149,123.7364174123984,113.84213824343209
2011-08-02,547.2473213376196,352.49769532617415,158.89835385831938,158.89835385831938,543.6197528181397,120.57530509073288,113.84240921518138
2011-08-03,552.927818961318,354.32322512388646,159.92922829256884,159.92922829256884,549.2625958137544,121.22862269863026,113.84249955730176
2011-08-04,496.7981805433827,335.7646147298807,151.98667827024434,151.98667827024434,493.5050270275845,115.55012349086735,113.84258989949384
2011-08-05,490.7989050111877,333.8068108647958,151.69263321989774,151.69263321989774,487.54551922418733,115.37716851098847,113.84263507287508
2011-08-08,458.9179571115469,320.9121433466755,140.78830107481903,140.78830107481903,446.49277850748257,107.86342426426367,113.84286089489252
2011-08-09,473.07256906626213,329.24278263579777,147.7897457322566,147.7897457322566,470.95531854100227,112.8789564250995,113.84299640186352
2011-08-10,461.01125514319233,322.5158402877196,141.40199666499416,141.40199666499416,448.6314598249651,107.89223895905174,113.84308674444985
2011-08-11,474.7481125895253,330.69946622736416,148.2744790373617,148.2744790373617,472.32038344145946,112.73485431780901,113.84322225168967
2011-08-12,472.8331449515784,329.42490176386866,149.07417071792207,149.07417071792207,471.99333978258994,113.49391488812999,113.84331259445524
2011-08-15,480.783796252232,332.7687982184888,152.290883918834,152.290883918834,484.194168214839,115.89602390617499,113.84340293729251
2011-08-16,475.17970706597094,330.735884374714,150.98251668112303,150.98251668112303,477.0346986334757,114.90630261079842,113.84353844490869
2011-08-17,476.0343864734543,330.77237206484887,150.91724300115555,150.91724300115555,478.01133732645997,114.98320224508372,113.84358361866633
2011-08-18,457.14246104495254,323.2797815399696,144.38155758575078,144.38155758575078,451.3521400088536,110.02527084047378,113.84362879244189
2011-08-19,452.84570912901006,321.4053195194448,142.50736469689753,142.50736469689753,444.2473204399585,108.22854720203014,113.8437191355301
2011-08-22,444.2789910086511,319.85434131746246,142.83760455270237,142.83760455270237,438.4362096100202,108.3149912863943,113.84376430935941
2011-08-23,453.54845081283537,322.8934956100576,147.52123073161178,147.52123073161178,449.4613476342647,111.87969067964407,113.84380948320668
2011-08-24,464.4299184527072,325.8576019117969,149.70734700205404,149.70734700205404,461.04828899562835,113.45545075431221,113.84389982643826
2011-08-25,466.28595507898643,326.00501231624685,147.0680372278801,147.0680372278801,461.9864006838232,111.72598685557425,113.84394500033932
2011-08-26,479.89803582484205,330.0747529027836,149.36769309935394,149.36769309935394,476.30048083230696,113.34976505858909,113.84399017425828
2011-08-29,505.09815205470323,338.7609251958694,153.81584146830053,153.81584146830053,503.8991292562235,116.60702817034895,113.84408051763326
2011-08-30,509.3915194886063,339.9547085587563,154.28194818917248,154.28194818917248,508.4933341197385,116.91447399628893,113.844125691606
2011-08-31,512.5881067279465,341.3335616074866,155.25926415481615,155.25926415481615,512.2220067977985,117.43336756927576,113.84421603508852
2011-09-01,500.4605005831743,336.88058668467556,153.39079499252725,153.39079499252725,498.860604637193,116.20347927656505,113.84430637864273
2011-09-02,482.4089986502955,329.88599236073463,149.7300304081451,149.7300304081451,477.7631950189152,113.23448719053673,113.84439672226864
2011-09-06,480.81919845193056,327.989534230593,148.65946167859857,148.65946167859857,472.4199711549655,112.40818596941023,113.84448706596623
2011-09-07,516.3849425431673,338.64865653830316,152.95838785602012,152.95838785602012,507.36443229916154,115.57892864120531,113.84457740973552
2011-09-08,501.78671438632836,333.8576776509143,151.3158179537577,151.3158179537577,493.0212144181538,114.37785504328264,113.84466775357652
2011-09-09,488.58922788904033,329.6293259758147,147.38872531257948,147.38872531257948,480.05426923285216,111.38004826246626,113.84471292778225
2011-09-12,491.1521077474428,329.9152079052429,148.25899655825788,148.25899655825788,482.5723792265428,112.1007305990202,113.84475810200595
2011-09-13,497.52178687907093,331.80844911731276,150.27332717490515,150.27332717490515,488.83078912639417,113.12880149481359,113.84480327624756
2011-09-14,507.6384240357928,334.63716547718406,152.77666089786499,152.77666089786499,498.7707030257382,114.69497894160257,113.84484845050709
2011-09-15,526.3811980983046,339.64189635132857,155.4612200301507,155.4612200301507,517.1860674922239,116.67428791005463,113.84489362478453
2011-09-16,524.2790508495409,339.062054016504,155.87526999335873,155.87526999335873,515.1206417650028,117.36483841770962,113.84493879907993
2011-09-19,511.5834528068291,335.8351389169295,153.70968885133982,153.70968885133982,502.64681775705276,116.19619686115487,113.84498397339324
2011-09-20,507.60098614714053,334.3502381054393,153.5207221964572,153.5207221964572,498.7339191237346,116.06099018133787,113.84502914772447
2011-09-21,490.17017367154483,328.4562770488744,149.03010493523576,149.03010493523576,481.60759814187435,112.64201545189201,113.84507432207363
2011-09-22,468.91797903925016,321.7604725083004,145.00910059131684,145.00910059131684,460.7266491126061,109.00099863581174,113.84507432207363
2011-09-23,478.0980927974022,324.6990783620208,145.97632923941964,145.97632923941964,469.7463993446864,109.65770452348713,113.84511949644072
2011-09-26,490.4137984414741,328.1910577932649,149.43949059753726,149.43949059753726,481.84696713369743,112.26535327398022,113.84520984071187
2011-09-27,495.55222040629917,329.24639401494665,151.73072771596134,151.73072771596134,486.8956281776415,113.52095431520337,113.84525501513275
2011-09-28,474.77884426612763,323.71172010154555,147.31946660221445,147.31946660221445,466.48513336269247,111.20299871350356,113.84534535951146
2011-09-29,484.9075397936246,325.89976682290506,148.8108578975103,148.8108578975103,476.43689499023054,112.08188031011446,113.84543570396185
2011-09-30,462.4742903219341,320.42599107002434,144.42165469439504,144.42165469439504,454.39552246922943,109.28100416777502,113.84552604848398
2011-10-03,437.7656687084925,313.61740153854083,139.40825843614422,139.40825843614422,430.1185253204393,106.17110736523261,113.84561639307778
2011-10-04,452.34321044097265,317.70800632036384,143.37494675231113,143.37494675231113,444.44141813948943,108.49870286151204,113.84566156765996
2011-10-05,472.78099086714093,323.00024627495645,146.3173223215059,146.3173223215059,464.5221796200799,110.50762825855878,113.84566156765996
2011-10-06,491.8434107566156,328.1849828996611,149.82920584834096,149.82920584834096,483.2516061557172,112.50683740542524,113.84570674226006
2011-10-07,475.94408540688204,323.7286409051258,148.20270965895293,148.20270965895293,467.6300193985997,111.75349396070149,113.8457519168781
2011-10-10,497.9110373173461,329.43747788623136,152.94689739391148,152.94689739391148,489.21323991333014,115.49116742273029,113.84579709151407
2011-10-11,500.5931543827441,330.05085857549,152.63706405764214,152.63706405764214,491.84850420965853,115.60706568003778,113.84588743632295
2011-10-12,514.9912847533268,333.3477417175412,153.8996848268046,153.8996848268046,505.99511972804044,116.62115395646566,113.84597778120356
2011-10-13,512.059151108411,332.83618143750937,153.49280138994004,153.49280138994004,503.11420628611984,116.38937653075084,113.84606812615583
2011-10-14,522.7908635561478,334.9997626360896,155.56293812543532,155.56293812543532,513.6584509862618,118.37893623858757,113.8461584711798
2011-10-17,513.8209475368823,332.66678796311464,152.9184767081207,152.9184767081207,504.84522663763477,116.11894408221666,113.8463391433792
2011-10-18,523.7876804035966,336.013550713825,155.7985564733521,155.7985564733521,514.6378548616367,118.38857613316722,113.84651981586534
2011-10-19,515.1710845720753,333.8205879313348,154.38621674752972,154.38621674752972,506.17177869977104,116.98812851754742,113.84665532719153
2011-10-20,516.417344896528,334.04343031298185,155.18408970121752,155.18408970121752,507.39626862950996,117.50004509752662,113.84679083867903
2011-10-21,531.4470367215586,338.39783993982866,158.4006001426365,158.4006001426365,522.1634131223038,119.73106030345815,113.84688118427651
2011-10-24,555.1429458279839,344.0172451394403,160.09717520154194,160.09717520154194,545.445388410708,121.19911125898646,113.84697152994572
2011-10-25,519.5967837713006,335.42444372763725,157.16870722364368,157.16870722364368,510.5201672307827,118.84250063446733,113.84701670506561
2011-10-26,543.5588202212427,341.52622364417743,158.58582261643,158.58582261643,534.0636209966532,120.0497590360411,113.84710705084237
2011-10-27,592.3946963107139,353.1324328612488,163.5947559466999,163.5947559466999,582.0464038135542,124.2317266492404,113.8471973966908
2011-10-28,605.6523442516572,356.06762041287357,163.44496683949177,163.44496683949177,595.072459507687,124.20272106545079,113.84724257190034
2011-10-31,587.7365287333232,351.93877644360737,160.34258875161188,160.34258875161188,577.4696077961925,121.20873206466594,113.84728774712781
2011-11-01,571.720015946798,347.72904137344744,156.66788591099092,156.66788591099092,561.7328807000719,117.8283837246892,113.8473329223732
2011-11-02,580.8582713800015,350.12309135875387,158.82631829772095,158.82631829772095,570.7115038125854,119.7503591815176,113.8473780976365
2011-11-03,595.8493596504562,353.40653954028886,161.55851589794293,161.55851589794293,585.4407190999776,121.93311764785044,113.84742327291774
2011-11-04,599.3253381340724,354.2007116754289,160.81832519823587,160.81832519823587,588.8559771850379,121.18943318660651,113.8474684482169
2011-11-07,603.2185939561409,356.23075821582324,161.76693641263176,161.76693641263176,593.1543802309443,121.94272890907985,113.84751362353398
2011-11-08,611.4027247839666,359.24992004400804,163.41054787216845,163.41054787216845,602.1451186654458,123.5073410660559,113.847558798869
2011-11-09,581.7743617580461,349.8664769863544,158.16860496025512,158.16860496025512,570.2680391369147,118.94874945274509,113.84760397422193
2011-11-10,585.5050977075639,350.9509398240974,159.55102543138915,159.55102543138915,574.6136805576732,120.06909609190085,113.84764914959281
2011-11-11,594.84372101414,354.0420143875723,162.52871073386692,162.52871073386692,585.1609213039358,122.32907870382168,113.84769432498159
2011-11-14,584.9406031107696,350.89141435090386,160.9795466834164,160.9795466834164,575.1143949515572,121.17012476409698,113.84773950038831
2011-11-15,583.4675421547571,350.92781917987793,161.8058580477859,161.8058580477859,573.6660794201365,121.76889583979373,113.84778467581296
2011-11-16,557.0621532518919,343.9173052457397,159.19013724095396,159.19013724095396,547.7042652093079,119.83731866618601,113.84782985125553
2011-11-17,549.393211542257,341.1015994634166,156.87049180954403,156.87049180954403,540.1641513109054,117.9346611763172,113.84792019767755
2011-11-18,545.2857297070532,340.04431773495367,157.15179679823993,157.15179679823993,536.1256695952151,117.80909439107982,113.8479653731739
2011-11-21,538.4706622776738,338.01891874386683,154.71469433236504,154.71469433236504,529.4250860481715,115.56842974611858,113.84805571970348
2011-11-22,536.3681022381322,337.3915476228757,153.99536724898525,153.99536724898525,527.3578461633701,115.11448615591833,113.84814606630476
2011-11-23,520.1957432894047,333.730082388788,151.02638060925585,151.02638060925585,511.4571608933215,112.57442165643359,113.84823641297774
2011-11-25,519.721376889832,333.5358837971715,151.02963862258864,151.02963862258864,510.9907632053772,112.36196219767835,113.8483267597224
2011-11-28,542.7787878269784,338.68135940187466,154.8338486280101,154.8338486280101,533.6608409359106,115.61671511906748,113.8484622731994
2011-11-29,544.2200512103163,339.0213606879154,155.50399746226023,155.50399746226023,535.0778930507171,115.9450823795803,113.84855262012333
2011-11-30,582.9175227287865,349.07407861244536,161.5283914337587,161.5283914337587,573.1252995739493,120.71620026279687,113.8485977958706
2011-12-01,579.5242388561933,348.17233500524594,161.30873306097178,161.30873306097178,569.7890182645191,120.6968727513872,113.84864297163583
2011-12-02,570.2711510188495,345.90091622913656,160.77823030331533,160.77823030331533,560.6913697431019,120.5906048442093,113.84873331870313
2011-12-05,587.9852719213371,349.3400182282893,162.28953167766807,162.28953167766807,578.1079174588089,121.90412160851089,113.84877849452212
2011-12-06,590.4523591072325,350.0724059371115,162.53974052721253,162.53974052721253,580.5335609286983,121.94272890907985,113.84882367035902
2011-12-07,594.0098491075942,350.69426547108844,162.66842915636812,162.66842915636812,584.031289925837,122.3967202215305,113.84891401756974
2011-12-08,577.1387684543145,346.2883726328646,159.95937599452475,159.95937599452475,567.4436205274579,119.71171370314832,113.84895919346042
2011-12-09,583.9666892875947,348.1165686077579,162.30271278717066,162.30271278717066,574.156841558663,121.73992843380441,113.84900436936904
2011-12-12,574.566125393017,345.92428622626596,160.49116987777444,160.49116987777444,564.9141943775959,119.96283772917297,113.84904954529559
2011-12-13,561.6250115552654,342.91056509727366,159.26640142901354,159.26640142901354,552.1904736866106,118.84250063446733,113.84909472124006
2011-12-14,556.8130253792634,341.76172565925725,157.9032075392194,157.9032075392194,547.459322346784,117.5772787875647,113.84913989720246
2011-12-15,558.394909146758,342.0390233525614,159.0564612495227,159.0564612495227,549.0146326141653,118.00226451622571,113.84913989720246
2011-12-16,560.4730646672552,342.4747197214697,159.45940532576532,159.45940532576532,551.0578779427165,118.17718565282082,113.84913989720246
2011-12-19,541.6338491129058,338.5758483129398,157.7628231034497,157.7628231034497,532.5351356381447,116.91370089583255,113.84918507318281
2011-12-20,571.2576329585326,345.14069330258866,162.13109966621056,162.13109966621056,561.6612801252063,120.4515040287601,113.84923024918108
2011-12-21,567.5744288832364,344.5307480813584,162.87698948319908,162.87698948319908,558.0399488789533,120.68479902203745,113.84927542519723
2011-12-22,588.4242616884512,348.73845490011774,163.93638747237404,163.93638747237404,578.5395327937009,121.75389196426978,113.84932060123135
2011-12-23,591.3609476553609,349.24563817898854,165.31083983060057,165.31083983060057,581.4268864224968,122.8424746735631,113.8493657772834
2011-12-27,592.3066503432262,349.5807146269631,165.69656350750188,165.69656350750188,582.3567025888619,122.9396467198159,113.8494561249243
2011-12-28,582.9970054966841,346.8914064289321,163.8988642611748,163.8988642611748,573.2034471392329,121.3263101451873,113.84950130103009
2011-12-29,590.4082901159805,349.118276970851,165.47274048051028,165.47274048051028,580.490232236682,122.58006910754524,113.84959164877856
2011-12-30,585.7199120653102,346.88507035747193,164.55773359212728,164.55773359212728,575.8806125734616,121.97745161846672,113.84968199659869
2012-01-03,617.5688317651519,356.1969191963121,165.98371483362524,165.98371483362524,607.1945136526906,123.92130295487584,113.84977234449053
2012-01-04,623.6545751512674,357.16034606342123,165.74244260059064,165.74244260059064,613.178024810444,124.11568522518172,113.84986269245408
2012-01-05,627.2146828213329,357.7561194297115,166.34451989970947,166.34451989970947,616.6783275039883,124.44616180916196,113.84995304048932
2012-01-06,627.8658021782904,357.31342582668105,166.02836013616428,166.02836013616428,617.3185089395503,124.12546828651256,113.85004338859625
2012-01-09,633.0554466437072,358.01880532390294,166.28938673653033,166.28938673653033,622.4209744221465,124.42675794215165,113.85008856493508
2012-01-10,634.470583463623,358.5674951113094,167.76054150569436,167.76054150569436,623.8123388643331,125.50557667901433,113.85017891314956
2012-01-11,639.9889139681026,360.1514292431285,167.5759923384871,167.5759923384871,629.2379689066806,125.5735522524759,113.85026926143576
2012-01-12,639.0626241233689,360.1431946607597,168.05999735122984,168.05999735122984,628.3272394740326,125.87489917481547,113.85040477722491
2012-01-13,634.340053258701,358.6829994124798,167.51148411352807,167.51148411352807,623.6840013896781,125.22370043483559,113.85054029317534
2012-01-17,627.7050302724291,356.6857391101988,168.0794581743361,168.0794581743361,616.67563316335,125.70971337730079,113.85067580928711
2012-01-18,643.1971759616392,361.6508735585537,169.55166249876646,169.55166249876646,632.7687953102516,127.09952847553276,113.85081132556019
2012-01-19,654.1068632596221,364.929888281993,170.09996849909385,170.09996849909385,643.910579418102,127.77014062697303,113.85103716379629
2012-01-20,652.8436092053776,364.652538367099,169.94269797090053,169.94269797090053,642.9641039737836,128.24642777480787,113.8512630024804
2012-01-23,652.4173046354565,364.3980258957288,169.91382022103167,169.91382022103167,642.3393268217858,127.91599891307803,113.85144368278063
2012-01-24,661.6013443908773,366.9981181889742,169.7249341648692,169.7249341648692,651.2889663111407,127.77014062697303,113.85162436336758
2012-01-25,672.370597203804,370.4421937020387,171.16101087772915,171.16101087772915,662.5628148358002,128.83927174700565,113.85180504424127
2012-01-26,664.1921546410816,368.0751264633792,170.67541397587655,170.67541397587655,654.0961107538157,128.1784044790959,113.85203088444858
2012-01-27,668.681903508457,369.46498909824857,170.1365521795091,170.1365521795091,658.4794149789934,128.12005925576386,113.85230187974477
2012-01-30,663.8531356717758,368.0908988862516,169.54521390748894,169.54521390748894,654.9510826191444,127.68268483090051,113.85252772093759
2012-01-31,665.0266152564304,368.55823237377695,169.69633015047577,169.69633015047577,655.9801268036439,127.63411312444923,113.85279871741635
2012-02-01,669.6875668191466,371.1620171586003,171.31535307433603,171.31535307433603,663.4376582811159,128.75183503983328,113.85306971454013
2012-02-02,675.5582133006642,375.62903875498364,171.28178912824885,171.28178912824885,669.7353795181114,128.95592401586939,113.85343100893168
2012-02-03,685.7261932429783,381.7119260033944,173.2746391765211,173.2746391765211,684.3827301378519,130.7637096719544,113.85379230446975
2012-02-06,691.6440946279063,384.94845253503564,172.70641473725985,172.70641473725985,689.7224806918084,130.67625387588186,113.85415360115431
2012-02-07,696.1622311994118,387.8411717534646,173.16749679474626,173.16749679474626,694.8729967473132,131.00670182651186,113.8545148989854
2012-02-08,695.4287419814735,387.4916081520085,173.28552415284022,173.28552415284022,694.9081996890524,131.3954854560238,113.85492134010758
2012-02-09,693.1713181629532,386.4089614073621,173.5022227683109,173.5022227683109,692.9853512631469,131.56069034243865,113.85532778268069
2012-02-10,692.497100927556,385.34013884046067,172.49827130332443,172.49827130332443,690.399708970696,130.5887694464591,113.85573422670473
2012-02-13,690.2655652406945,384.6739635532769,173.2908423066965,173.2908423066965,689.8708433505985,131.56069034243865,113.85623094396048
2012-02-14,689.2208821969308,384.18269185487463,173.23516114449686,173.23516114449686,688.8267576990364,131.3954854560238,113.85677279273463
2012-02-15,686.9278681522521,383.0341783577637,172.42313740110188,172.42313740110188,686.5350548929351,130.78317080566518,113.85726951452133
2012-02-16,697.2375231743621,386.9646367247157,174.0012925662482,174.0012925662482,696.8388144355056,132.23132158277906,113.85772110422168
2012-02-17,700.5713504293541,388.3389205072557,174.42849776219262,174.42849776219262,700.170735272647,132.5812402115699,113.85812755678948
2012-02-21,696.0915115348477,386.4601743908065,173.95444164182373,173.95444164182373,695.6934581319997,132.63958543490193,113.85848886723129
2012-02-22,699.303495832116,387.6419447038932,173.57755614971887,173.57755614971887,698.90360568617,132.21190817131867,113.85889532253987
2012-02-23,700.226591856034,388.1807889216906,174.20925357163017,174.20925357163017,699.8261738462836,132.79505498223634,113.85930177929941
2012-02-24,702.4033182019285,389.37628508985273,174.61431051944606,174.61431051944606,702.001655451631,133.0866188432451,113.85975337706031
2012-02-27,701.5189800492071,389.1459224047702,174.74492198543422,174.74492198543422,701.1178229993889,133.31020713079226,113.86029524259791
2012-02-28,700.597797742813,388.4141858267786,174.89253069961933,174.89253069961933,700.1971674624574,133.6989525825039,113.86074684429914
2012-02-29,695.7674792346844,386.5303897534019,174.4309780608908,174.4309780608908,695.3696111266687,133.174122361568,113.86110816305283
2012-03-01,700.548164982837,388.99513274230156,175.2254219805601,175.2254219805601,700.1475630845099,133.8642242800693,113.8614694829531
2012-03-02,694.5009130838187,385.82209024995456,174.7234053935166,174.7234053935166,694.1037692497783,133.45602723909698,113.86178565460473
2012-03-05,678.9147850190684,378.98756082784496,174.52584120790908,174.52584120790908,678.2632207842215,132.91166907329975,113.86214697665491
2012-03-06,672.3834067780033,375.5526151316687,172.18678915090376,172.18678915090376,670.4737830123287,130.96781773689062,113.86250829985171
2012-03-07,673.2651332785161,376.29574724652343,173.05927389582578,173.05927389582578,671.9481940907992,131.88144113178853,113.8628696241951
2012-03-08,681.9922529508077,380.6814011510465,174.5071775622613,174.5071775622613,681.5217736607659,133.19355486192853,113.8632309496851
2012-03-09,683.6983449309731,381.7165471032129,175.31667281783047,175.31667281783047,683.561268990179,133.70867837713425,113.8636374219221
2012-03-12,676.0908722154593,377.25543427199915,175.67034523872786,175.67034523872786,675.9148436795342,133.71844234956492,113.86404389561014
2012-03-13,681.6001505410588,380.14100579679075,178.09492362595407,178.09492362595407,686.0423714180238,136.12879777247807,113.86440522482648
2012-03-14,675.5927581997651,376.77280308436184,177.43935036515302,177.43935036515302,679.7576067735421,135.98301584197367,113.86481170125546
2012-03-15,680.0118835557424,379.01448996819386,178.2777657933515,178.2777657933515,685.6841617097512,136.77024208447733,113.86517303290832
2012-03-16,684.6500675570694,381.3713688549673,178.2308402835065,178.2308402835065,690.6838492717117,136.95967078519232,113.86557951207821
2012-03-19,685.1033875884572,380.403484188523,178.4810755332561,178.4810755332561,690.8480162837425,137.49660336882818,113.86603113473832
2012-03-20,681.76068271408,379.39743473924165,178.0098550904176,178.0098550904176,687.477282649489,137.09629958807108,113.86648275918972
2012-03-21,679.1823601353567,378.064187346651,177.93899826859038,177.93899826859038,684.8773406974861,136.87183321111664,113.8668892430351
2012-03-22,666.9379097758917,373.11210258526245,177.11372463460742,177.11372463460742,672.5302199642247,135.88584379572092,113.86725058128073
2012-03-23,672.0197909793477,375.12017049413714,177.53151957655191,177.53151957655191,677.6547130144708,136.32511756614997,113.86761192067299
2012-03-26,676.7410169007252,378.0782576814492,179.79950430153707,179.79950430153707,682.9553168820647,138.238455295657,113.8680184085493
2012-03-27,676.4670272176987,377.7419813786238,179.67864595641993,179.67864595641993,682.4120733152872,137.8089073198583,113.8684248978767
2012-03-28,663.0404611526596,370.8163620023258,178.6587261964935,178.6587261964935,668.4490811063813,137.12560104981316,113.8688313886552
2012-03-29,663.2069371663295,371.4655430679192,178.62996022630028,178.62996022630028,668.4713512321638,136.8913516115279,113.86914758074944
2012-03-30,662.2656108322675,371.64840501235784,179.43751773637388,179.43751773637388,667.8740472052464,137.45747112350492,113.86946377372169
2012-04-02,666.2221052595658,374.21479581179153,180.66024668550332,180.66024668550332,673.8104282285386,138.46296939486183,113.86982512013716
2012-04-03,666.4418125082686,374.00053561020763,180.0895114517901,180.0895114517901,673.0009794444275,137.89682124953458,113.8701864676993
2012-04-04,661.7757227611617,371.16530046251114,178.66508396005293,178.66508396005293,665.8079093751596,136.53011326494354,113.8705478164081
2012-04-05,660.8371929272613,370.57042180275147,178.3932054849551,178.3932054849551,664.7372681685972,136.46178454682902,113.87090916626362
2012-04-09,652.4622548684722,365.91643573088703,176.47088407050322,176.47088407050322,653.7984047567113,134.92914629761714,113.87131566591053
2012-04-10,657.2075744647409,370.14752098087786,173.6092574892624,173.6092574892624,648.9264707461332,132.66442009400708,113.87172216700858
2012-04-11,661.6737661148521,374.1297264427138,175.1233494805991,175.1233494805991,657.9583559359085,133.7382470834785,113.87212866955777
2012-04-12,659.6799320507776,372.3519574793612,177.15168364256127,177.15168364256127,663.3861177650075,135.48559728166427,113.8725351735581
2012-04-13,655.0143600366082,368.19197783385016,175.68857808038143,175.68857808038143,651.8738763024357,133.87489497525743,113.87294167900959
2012-04-16,642.5089718624765,364.64617374420476,175.89807927465023,175.89807927465023,641.9984618121351,133.78702876783152,113.87330303646164
2012-04-17,660.6347763157826,372.45540575614433,178.2775744551611,178.2775744551611,660.1098642792446,135.76865703765276,113.87366439506037
2012-04-18,659.0549872457578,371.59386851954093,177.4832387978887,177.4832387978887,658.5313304418049,135.3098744112625,113.87398060057497
2012-04-19,657.8468229275535,371.23033483193615,176.80487342667917,176.80487342667917,657.3241260791092,134.44111947618532,113.87429680696756
2012-04-20,660.5766601044074,373.55809404272077,177.5732172748267,177.5732172748267,660.0517942445166,134.66561448648997,113.87465816871989
2012-04-23,657.8114833924927,371.28065079777053,175.85751298286536,175.85751298286536,657.2888146233263,133.53322275133473,113.87501953161892
2012-04-24,639.9453985464964,366.5674562764247,176.4914934064685,176.4914934064685,639.4369254014747,134.0409015954789,113.87542604593914
2012-04-25,653.77873933842,372.9490169224238,178.6089583708679,178.6089583708679,653.2592748145796,135.87607982329024,113.87583256171054
2012-04-26,662.924439513666,376.1438486153931,179.84557755272908,179.84557755272908,662.3977082090313,136.82297517116302,113.87623907893311
2012-04-27,662.9643618303779,375.71004059909376,180.6092253771595,180.6092253771595,662.4375988051839,137.047508359268,113.87664559760691
2012-04-30,658.16995283096,374.27874038593416,180.12966157188188,180.12966157188188,657.6469992373645,136.53988678182426,113.87709726415821
2012-05-01,665.3286985351508,377.68368638592545,181.23630587446917,181.23630587446917,664.8000569094967,137.38918058319072,113.87750378589556
2012-05-02,663.8648179679574,376.52619826019856,180.66482426064445,180.66482426064445,663.3373394789672,136.97918918560356,113.87786515782471
2012-05-03,649.3577784816592,370.2421437619135,179.087070901812,179.087070901812,648.8418266635526,135.93466365787424,113.87827168230332
2012-05-04,635.519956344773,364.14128850455364,176.8332995402519,176.8332995402519,635.0149994661693,133.7382470834785,113.87858790061145
2012-05-07,639.3227525399409,365.7931796517017,176.6887674979816,176.6887674979816,638.8147741227099,133.83585817443495,113.87903957486648
2012-05-08,631.2806908137824,362.19652530739864,175.94660869799696,175.94660869799696,630.7791022736058,133.2989255907991,113.87944610353756
2012-05-09,627.8044444082083,360.8409266689544,174.73773900040717,174.73773900040717,627.305617944213,132.50821562401663,113.87985263365987
2012-05-10,627.8561597785905,360.8439677494609,175.07924170199075,175.07924170199075,627.3572922237819,132.7815495853748,113.88030431293116
2012-05-11,625.1357288803455,360.47456474735327,174.70546411741535,174.70546411741535,624.6390228631582,132.38126489351782,113.88075599399394
2012-05-14,616.1151359456401,356.19845548335877,172.89999361883034,172.89999361883034,614.4013796807182,130.91704126247114,113.8812076768482
2012-05-15,616.1151359456401,356.19845548335877,172.166166174044,172.166166174044,610.8736884809747,130.1653585520611,113.88161421325904
2012-05-16,616.1151359456401,356.19845548335877,171.65697190429592,171.65697190429592,608.5371238542363,129.66748185814788,113.88206589951727
2012-05-17,616.1151359456401,356.19845548335877,169.0347779904221,169.0347779904221,599.5120287621608,127.74440878956044,113.88251758756701
2012-05-18,616.1151359456401,356.19845548335877,167.84620973900374,167.84620973900374,594.3810736699849,126.65110157747807,113.88287897540663
2012-05-21,616.1151359456401,356.19845548335877,170.1046376904414,170.1046376904414,604.5971609570674,128.82795202921213,113.88328551778373
2012-05-22,616.1151359456401,356.19845548335877,170.39425700125693,170.39425700125693,605.6510875942603,129.05252339511742,113.8836920616121
2012-05-23,616.1151359456401,356.19845548335877,170.64351364400247,170.64351364400247,605.9717582898131,129.12085211323193,113.88409860689175
2012-05-24,616.1151359456401,356.19845548335877,171.2254413004219,171.2254413004219,607.1627056921543,129.37461995192842,113.88455030300378
2012-05-25,616.1151359456401,356.19845548335877,171.23127294401166,171.23127294401166,605.1928138289018,128.9548741263607,113.88495685134721
2012-05-29,616.1151359456401,356.19845548335877,172.8914896576949,172.8914896576949,612.5229544413403,130.51678520396442,113.88536340114194
2012-05-30,616.1151359456401,356.19845548335877,170.52761949967106,170.52761949967106,603.6351040777428,128.62295633041856,113.88567963914244
2012-05-31,616.1151359456401,356.19845548335877,170.41166205168324,170.41166205168324,602.306687983594,128.33989657443004,113.88599587802105
2012-06-01,616.1151359456401,356.19845548335877,166.73019058335626,166.73019058335626,587.142444474087,125.10868981138543,113.8863121177778
2012-06-04,619.0059859687683,359.22863683264046,166.67572221687274,166.67572221687274,589.756771507864,125.05013461015169,113.88667351765879
2012-06-05,621.4145688470765,361.75330874542004,167.7783101155758,167.7783101155758,595.9440546334012,125.9970585913747,113.8870349186866
2012-06-06,625.7109664709956,366.25678442189786,171.19718961695276,171.19718961695276,611.6689095485659,128.82795202921213,113.88744147589969
2012-06-07,622.6514125626064,363.0497659349231,171.3283549480353,171.3283549480353,609.0688613212334,128.90605426420737,113.88784803456413
2012-06-08,622.391025392198,362.77682860671285,172.62973660895835,172.62973660895835,613.0289184764823,129.93107093597553,113.8882545946799
2012-06-11,624.8868673773525,365.392965346455,170.72331057906976,170.72331057906976,606.9122844090293,128.281303195396,113.88866115624703
2012-06-12,624.8868673773525,365.392965346455,172.4046295979895,172.4046295979895,613.8861451135652,129.7553480655738,113.88911287045539
2012-06-13,624.8868673773525,365.392965346455,171.27623092246085,171.27623092246085,609.9603907628081,128.9255726646186,113.88956458645538
2012-06-14,624.8868673773525,365.392965346455,172.97562520319556,172.97562520319556,616.426203637852,130.2922329269593,113.8900614513025
2012-06-15,624.8868673773525,365.392965346455,174.62679129938547,174.62679129938547,622.7309006426955,131.6248385914186,113.8904680193198
2012-06-18,624.8478119481414,365.3363819906291,175.16490784301374,175.16490784301374,623.3837803851509,131.87988538642568,113.89091974069467
2012-06-19,626.4051590390832,367.59245207982065,176.5100358209413,176.5100358209413,630.2095611105094,133.1555870395149,113.89132631177591
2012-06-20,626.4051590390832,367.59245207982065,175.84972960973636,175.84972960973636,629.3159662978836,132.93970112318135,113.89173288430854
2012-06-21,626.4051590390832,367.59245207982065,172.56579499420621,172.56579499420621,616.9686422456238,129.9566786955371,113.89213945829256
2012-06-22,626.4051590390832,367.59245207982065,173.39235687547102,173.39235687547102,621.111360280973,130.9575288197056,113.89254603372798
2012-06-25,626.3653273772909,367.53474945123196,171.0927542229101,171.0927542229101,611.9039722918096,128.8576639023076,113.89299776334484
2012-06-26,626.3653273772909,367.53474945123196,171.73307040837113,171.73307040837113,614.9794924999014,129.5053216513082,113.89344949475338
2012-06-27,626.3653273772909,367.53474945123196,173.17724746341176,173.17724746341176,620.5244663905594,130.67300876285506,113.89385607486541
2012-06-28,626.3653273772909,367.53474945123196,173.3130576059281,173.3130576059281,618.7536299248984,130.30009755382426,113.89426265642886
2012-06-29,626.3653273772909,367.53474945123196,177.1039467540767,177.1039467540767,634.1770983990872,133.54804528230716,113.89466923944374
2012-07-02,626.3653273772909,367.53474945123196,177.59170890201733,177.59170890201733,636.0873501079816,133.95031521978055,113.89512097748184
2012-07-03,626.3653273772909,367.53474945123196,178.40374286755062,178.40374286755062,640.281364910519,134.83351090782705,113.89552756356079
2012-07-05,626.3653273772909,367.53474945123196,177.74600625249562,177.74600625249562,637.3922151446169,134.22509993755068,113.89588899268549
2012-07-06,626.3653273772909,367.53474945123196,176.48310094759242,176.48310094759242,631.3348131850394,132.94950327341232,113.89625042295712
2012-07-09,625.1869075557918,366.5804966357658,176.09907169963046,176.09907169963046,629.3515103463191,132.78269491938423,113.896657013068
2012-07-10,623.318502189946,365.0675131971384,175.08282899795236,175.08282899795236,622.6595249357218,131.6248385914186,113.89706360463032
2012-07-11,622.2361885856617,364.19108531450803,175.22593054473887,175.22593054473887,621.6509068166671,131.64441425853033,113.89751535216513
2012-07-12,623.5919250334476,365.28892351928926,174.7063792316295,174.7063792316295,620.3664622918545,131.00662547091125,113.89796710149169
2012-07-13,625.4831207065592,366.8203619238918,177.262178283898,177.262178283898,631.4027593704948,133.20462642402003,113.89841885261004
2012-07-16,623.5839820874752,365.2835222707066,176.70869061104045,176.70869061104045,628.1847258398991,132.89065219422613,113.89887060552014
2012-07-17,623.9678857109716,365.59397359217354,177.94381638493311,177.94381638493311,632.3511400441896,133.8031493440147,113.89932236022203
2012-07-18,625.643086192074,366.94865787033586,179.06947739104544,179.06947739104544,638.1438672090994,134.79420686240232,113.8997289612992
2012-07-19,630.3546080699148,370.7587240004081,179.3623171614149,179.3623171614149,644.3539687459161,135.14753285987132,113.90013556382785
2012-07-20,626.1200589743993,367.3343714232011,177.7062451783565,177.7062451783565,634.9666205261535,133.91113525220683,113.900542167808
2012-07-23,624.0105042364489,365.62843791275714,176.0158337234675,176.0158337234675,627.5534351964512,132.55697821946947,113.90099392913976
2012-07-24,624.0105042364489,365.62843791275714,174.50667210345796,174.50667210345796,622.164703651918,131.4187261919658,113.90144569226334
2012-07-25,624.0105042364489,365.62843791275714,174.60286340907754,174.60286340907754,622.3041008983491,131.44817082045904,113.90189745717875
2012-07-26,624.0105042364489,365.62843791275714,177.2320686449297,177.2320686449297,632.570606430643,133.61674623397474,113.90239437583035
2012-07-27,624.0105042364489,365.62843791275714,180.3773781481034,180.3773781481034,644.2305873868232,136.07966294347213,113.90289129664987
2012-07-30,624.0105042364489,365.62843791275714,180.52683672322036,180.52683672322036,644.2305873868232,136.07966294347213,113.90338821963729
2012-07-31,624.0105042364489,365.62843791275714,179.37872797058276,179.37872797058276,639.7245996368699,135.1278712927089,113.90388514479264
2012-08-01,624.0105042364489,365.62843791275714,178.60301724262143,178.60301724262143,639.1671913931181,135.0101309565362,113.90433691938358
2012-08-02,624.0105042364489,365.62843791275714,177.32533105723041,177.32533105723041,634.754014646137,134.07794360623492,113.90474353836184
2012-08-03,624.0105042364489,365.62843791275714,180.21302193802796,180.21302193802796,647.3430997128901,136.73711329825366,113.90515015879168
2012-08-06,625.2988766258062,367.18062540932,180.2141527020315,180.2141527020315,649.9547424798598,137.0020099657421,113.90560193840003
2012-08-07,625.5909198046468,367.53246986083485,180.52526550238423,180.52526550238423,653.1036351699536,137.68892403791705,113.90609887321312
2012-08-08,628.0598216022042,370.50692522135523,180.8840171007463,180.8840171007463,656.3622013539226,137.85568466969474,113.9065958101942
2012-08-09,631.4578808570142,374.60080031020425,180.7743459693257,180.7743459693257,660.3846418247953,137.9735490837185,113.90709274934328
2012-08-10,630.9534908828583,373.99312710752577,181.24014698795185,181.24014698795185,660.7946202541563,138.1991894280326,113.90754453665649
2012-08-13,624.4960980098028,370.9646305603433,180.9974725032994,180.9974725032994,653.3443808182133,138.1304598430148,113.90804147994454
2012-08-14,617.8689219945477,367.4930237189528,181.0377549014477,181.0377549014477,646.4621967729413,138.15007368792683,113.90853842540062
2012-08-15,619.8536275316621,368.2601272785932,181.28341367847835,181.28341367847835,648.9128005257204,138.30710852507417,113.90894505937754
2012-08-16,621.6120699977743,369.4395092331345,181.95607749757514,181.95607749757514,653.1914785478116,139.32762021640514,113.90935169480609
2012-08-17,619.0965171207968,368.26921727936855,182.23166382321688,182.23166382321688,651.0072155288838,139.51409968204572,113.90975833168625
2012-08-20,621.7725598292809,368.77476720973505,182.17471619378009,182.17471619378009,653.3471565624751,139.52392092117688,113.91025528463241
2012-08-21,614.4050262613019,366.3105350293713,181.50848045819467,181.50848045819467,645.3610009795619,139.10190351649035,113.91075223974664
2012-08-22,616.3952738526542,367.16157695144113,181.2929939935771,181.2929939935771,647.4862525105215,139.160802317927,113.91124919702892
2012-08-23,602.7164460541712,361.47412852320946,179.88366342874227,179.88366342874227,632.4521792246414,138.02255983487336,113.91174615647927
2012-08-24,604.4589726294383,362.4309753253948,180.97848299206686,180.97848299206686,634.7688486184397,138.85659206056374,113.91219796224918
2012-08-27,596.7827203456068,359.80292557156235,180.8663203991373,180.8663203991373,626.725294758132,138.8860271446069,113.9126949258387
2012-08-28,596.7784704245823,359.918151640512,180.7352566813727,180.7352566813727,626.6423323360588,138.74867296352215,113.91314673537167
2012-08-29,598.4273097107483,360.6522944922352,180.92831243075528,180.92831243075528,628.4361173957803,138.85659206056374,113.91368885501157
2012-08-30,593.7457614935503,358.9510229083729,179.9965043774588,179.9965043774588,622.9461223473426,137.85568466969474,113.91414066848675
2012-08-31,599.8109435892771,361.2650144228536,180.6302120768991,180.6302120768991,629.6933586341597,138.5131636578265,113.91454732246272
2012-09-04,599.6115857645956,361.40569946805107,180.66402781180673,180.66402781180673,629.3759861051573,138.38561162697275,113.91499913934285
2012-09-05,597.7443962317102,360.0917501432891,180.35824057136682,180.35824057136682,627.4161102765298,138.2678331129997,113.91549611515303
2012-09-06,603.8130132916722,364.6104365880503,183.57129479349229,183.57129479349229,633.7859702610359,141.0742259474847,113.91599309313136
2012-09-07,604.7838730226488,365.6518038333911,183.93056109172204,183.93056109172204,634.8050229529115,141.62372857187444,113.91649007327787
2012-09-10,600.396336192229,363.04491244141525,183.17769499975293,183.17769499975293,630.1996911268146,140.81915051912742,113.91694189786347
2012-09-11,603.9468716446045,364.2506745658731,183.55379384829084,183.55379384829084,633.9264732714435,141.21162785081987,113.91739372424114
2012-09-12,607.7495575767674,366.6857549529464,183.6902544659986,183.6902544659986,637.9179225116236,141.68259873996078,113.9178455524109
2012-09-13,611.4842991237394,370.2187633886648,186.27989165599806,186.27989165599806,641.8380546434539,143.84142926994596,113.9182973823727
2012-09-14,614.8554576432919,371.9628734806374,186.47832723837402,186.47832723837402,645.376555679678,144.47916079086457,113.91879437257208
2012-09-17,611.5480437973678,371.3978310290312,185.72904812756354,185.72904812756354,641.9049635687918,143.9885474234614,113.91929136493971
2012-09-18,607.733290280565,369.41305508756966,185.43597159970017,185.43597159970017,637.9008477154861,143.87081663173876,113.919743200636
2012-09-19,609.9012294544053,370.6866233545879,185.72904723803236,185.72904723803236,640.1764022373552,143.94929110028707,113.92024019714306
2012-09-20,613.7633208771932,372.4168756546054,185.7218844066931,185.7218844066931,644.2302058251327,143.95912188386828,113.92073719581835
2012-09-21,613.5739671093488,371.925706717784,185.63824845981688,185.63824845981688,644.0314526369201,143.8989536705712,113.9212341966619
2012-09-24,609.1425242674359,369.27980318668097,185.72661459094684,185.72661459094684,639.3800353282617,143.68194150912836,113.92173119967372
2012-09-25,601.0041548400516,364.7631585038144,183.99160901536249,183.99160901536249,630.8376815691752,142.15283470644565,113.92222820485378
2012-09-26,601.2282078585026,364.29551947634695,183.43356822430627,183.43356822430627,631.0728564603469,141.35381152364454,113.92272521220212
2012-09-27,609.1902262574786,368.63579328779934,184.4466527542472,184.4466527542472,639.43010521973,142.68552000979642,113.92313189682345
2012-09-28,599.9636794792098,363.44555510459116,184.10040628860875,184.10040628860875,629.7455575645781,142.02461456408633,113.92358374775239
2012-10-01,602.1833337186561,364.77065364757505,184.3245116853426,184.3245116853426,631.2807809070598,142.39951101873356,113.92399043543854
2012-10-02,601.6040604356845,363.7460288799717,184.63220720022525,184.63220720022525,631.1646652168411,142.54743090605558,113.9243971245765
2012-10-03,603.058720865449,366.2438097514555,185.41512948844596,185.41512948844596,634.6256236718408,143.12946101631405,113.92480381516627
2012-10-04,604.7271514785609,369.1742735407453,186.62670668956596,186.62670668956596,639.7864082098556,144.15539395528978,113.92525567272651
2012-10-05,604.5902049006394,369.00082842042286,186.93108087544357,186.93108087544357,639.6753633172518,144.1652151944209,113.92575269328275
2012-10-08,605.350838868598,368.4864362616034,186.58989569069539,186.58989569069539,638.5328624411308,143.67205345884665,113.92624971600735
2012-10-09,601.0048741072858,366.1601977630878,184.9940809035246,184.9940809035246,633.1614124812527,142.25146705356048,113.92670157930242
2012-10-10,595.048058063725,363.05248957254497,184.13494762002344,184.13494762002344,626.3752682423343,141.34396165116314,113.92715344438972
2012-10-11,594.988344353585,363.0232137180894,184.4210637255006,184.4210637255006,626.3559982143784,141.42282744216467,113.92760531126923
2012-10-12,585.143563404596,360.1555029637756,183.73286153024227,183.73286153024227,615.7149803534085,140.95925350183487,113.92810234207623
2012-10-15,596.152517877001,364.20867447540024,185.08927233412527,185.08927233412527,627.4510851382311,142.13315405038304,113.92859937505162
2012-10-16,603.3386395851091,367.69474309481734,186.78911984203347,186.78911984203347,635.0144849872244,143.57339247838158,113.92900608064272
2012-10-17,607.9334080927375,368.75754993403194,187.8552280498601,187.8552280498601,639.8504831581912,144.22445759606035,113.92950311756086
2012-10-18,602.9262853079313,366.90763908187324,188.19687362606965,188.19687362606965,634.5804817230966,143.84959931921347,113.92995499375981
2012-10-19,586.3935537849629,361.26145785201504,185.68818372619666,185.68818372619666,617.1797662630206,141.4524343263093,113.93040687175106
2012-10-22,586.755938762575,362.4911274376992,185.40955610070841,185.40955610070841,617.5611767924104,141.47215316017218,113.93085875153457
2012-10-23,590.3133344433189,363.11256021603714,183.5207835456578,183.5207835456578,621.3053390884915,139.50908884575435,113.93135579653533
2012-10-24,589.4847060786348,362.8537395520772,182.99536823298806,182.99536823298806,620.4332069561826,139.11449264614438,113.93185284370453
2012-10-25,585.277290890375,360.88124595022805,183.7612081522112,183.7612081522112,616.0048985177614,139.51891008488548,113.9323498930422
2012-10-26,588.063970010717,362.2845267373329,183.6553893108871,183.6553893108871,618.9378809099477,139.4399679382833,113.9328921040711
2012-10-31,604.792490477053,367.88243039822544,184.2174715309814,184.2174715309814,635.5994034666325,139.4399679382833,113.93338915794274
2012-11-01,608.9852864757191,370.21031267302556,185.96692755841642,185.96692755841642,642.4560431811237,140.90000155574535,113.93379588063253
2012-11-02,611.9320157412244,372.2848575971411,184.7253099153986,184.7253099153986,643.4592681659258,139.64716840504508,113.93420260477424
2012-11-05,618.8943951842731,373.78948594835845,184.5203202534988,184.5203202534988,650.3077813617558,139.93325375170858,113.93469966436318
2012-11-06,625.9393566851683,376.2619832342164,186.0079184305943,186.0079184305943,657.7103258331144,141.02822169810466,113.9351515611731
2012-11-07,621.7712162556425,374.6282134642862,182.51723080366853,182.51723080366853,653.3306219996001,137.83204306684942,113.93560345977538
2012-11-08,612.2896602133472,371.92234961388885,180.75430137402435,180.75430137402435,643.3678081145489,136.1747542996077,113.93605536017
2012-11-09,615.6441105161091,372.6059180803391,180.70392444692507,180.70392444692507,646.8925211367565,136.29312456948566,113.93646209237768
2012-11-12,614.026640644592,371.4797012227019,180.52079327677498,180.52079327677498,645.1929529200293,136.40161633353196,113.93686882603733
2012-11-13,611.0598270928778,369.95684224715995,180.33650678058058,180.33650678058058,642.0755520297613,135.92815434292044,113.93736589725816
2012-11-14,601.1646920447148,366.31608679274837,178.15917824175088,178.15917824175088,631.6781670000748,134.09324335971132,113.9378178046431
2012-11-15,600.8921583171565,365.6751011347385,177.939765205993,177.939765205993,631.3918002061699,133.86639087023718,113.93817936796908
2012-11-16,600.7171162109727,364.66237612613816,179.19027682780478,179.19027682780478,631.207873441599,134.52735358264775,113.93845056831944
2012-11-19,613.1429538026646,369.84443881236376,181.63117849701428,181.63117849701428,644.2644125518113,137.2500034121409,113.9388573090776
2012-11-20,608.2942549871781,367.0661314696958,181.8502783825918,181.8502783825918,639.1696070507022,137.30919809152994,113.93921887570227
2012-11-21,612.1767429150153,368.00979140538277,182.097240090506,182.097240090506,643.2491594431002,137.5656860984989,113.93967079043664
2012-11-23,619.7828314635923,372.5143861075113,183.972262214672,183.972262214672,651.2413122358126,139.4399679382833,113.94012270696345
2012-11-26,622.9412059801388,375.5163683910921,183.75177564831867,183.75177564831867,654.7499287360499,139.1440804413888,113.94057462528268
2012-11-27,618.330005315753,373.22941082931453,183.15502752800538,183.15502752800538,649.489426962499,138.43375383317044,113.94102654539435
2012-11-28,625.3667469653699,377.63082518159194,184.43590256977757,184.43590256977757,657.5350258558275,139.5485169690301,113.94147846729844
2012-11-29,625.4072692254964,377.9053235205909,185.23394788806115,185.23394788806115,657.9585300998258,140.19965844230947,113.94188521886569
2012-11-30,623.7057100457721,377.53294206889285,185.7351894263449,185.7351894263449,656.1879808480342,140.22916988195328,113.94224679509895
2012-12-03,620.2781354906624,376.268922881992,184.901071949923,184.901071949923,650.5315136274353,139.53868618544885,113.94269872184292
2012-12-04,637.3735647585352,383.1511034224256,184.75897503750278,184.75897503750278,668.179038533688,139.34141194676909,113.94315065037932
2012-12-05,639.5574446440685,384.0305191813337,185.65203785650755,185.65203785650755,670.9102806393377,139.5879928145562,113.94360258070823
2012-12-06,640.424411462546,384.2763640297553,186.12883538406152,186.12883538406152,672.6535416816728,140.06149298296802,113.94405451282961
2012-12-07,641.1464578962723,384.78852629083127,186.69175303347473,186.69175303347473,674.1577609731012,140.4856865222725,113.94446127359289
2012-12-10,642.2999146179945,385.05197708221385,186.9131700499681,186.9131700499681,675.2943122201035,140.54478575716075,113.94486803580824
2012-12-11,645.1734105271555,386.6135639428215,187.71675921376212,187.71675921376212,679.4640438159481,141.50181731101725,113.945229621507
2012-12-12,650.3284356742361,388.1890741303382,187.78208388614826,187.78208388614826,684.9643711963911,141.57086186288768,113.94554602574459
2012-12-13,651.5575538327726,387.1838091685399,186.91114780949374,186.91114780949374,685.2127975473044,140.7026795948152,113.94581724362935
2012-12-14,648.5139301009183,386.7394681237989,186.49499123156647,186.49499123156647,681.3860728676038,140.1798823417461,113.94599807398578
2012-12-17,653.7839392169068,389.2305779114477,188.5421010617619,188.5421010617619,687.2801319877467,141.82730214760625,113.94622410103747
2012-12-18,664.1879216878798,392.6021182002037,190.46357240184082,190.46357240184082,698.2171556999126,143.405677401596,113.94649532053623
2012-12-19,656.2280480627314,389.93113262907264,189.3688163435365,189.3688163435365,689.8494631526614,142.34028770599429,113.94672134857427
2012-12-20,656.7638769926717,390.53178604598986,190.45462416035653,190.45462416035653,690.4127449275752,143.1590392671084,113.94699256925658
2012-12-21,644.3445498599725,386.46534234104735,188.89017685238963,188.89017685238963,677.3571216872976,141.85957193332285,113.94726379058446
2012-12-24,642.4543069434053,385.69437963602667,188.54994097784666,188.54994097784666,675.3700334104836,141.42249338641193,113.94753501255794
2012-12-26,635.5413964903745,383.0721242775885,187.34273501955082,187.34273501955082,668.1029445091115,140.82635657893695,113.94794178574598
2012-12-27,637.9969834627138,383.9950454256792,187.23884665113036,187.23884665113036,670.6843418748501,140.63761507862768,113.94830338119878
2012-12-28,629.3701749045887,380.77436236133394,185.37365930151518,185.37365930151518,661.6155444192825,139.11756595906976,113.94834859652774
2012-12-31,650.9927027977211,388.53894370558237,188.1131243709516,188.1131243709516,684.3458883951544,141.4820793882542,113.948574628242
2013-01-02,671.5108774120254,398.1332198258807,192.42407382033883,192.42407382033883,705.915298273833,145.1083118511623,113.94893622570302
2013-01-03,676.0730590445287,397.6862357916142,192.30622589225925,192.30622589225925,710.7112203001443,144.78041226870337,113.94929782431151
2013-01-04,683.1474170642067,399.7705788871191,193.6080402715635,193.6080402715635,718.1480284287082,145.41627307740654,113.94961423984574
2013-01-07,689.6516399199413,401.015773943219,192.73269122581135,192.73269122581135,724.985490890881,145.01889944282365,113.9499306562586
2013-01-08,684.3186713517681,399.8911675971048,192.08441692753496,192.08441692753496,719.3792911640863,144.6016351742764,113.95024707355007
2013-01-09,687.8531215009411,401.64775197054746,192.89594952073227,192.89594952073227,723.0948265563098,144.9691824023629,113.95051830262447
2013-01-10,697.271116473843,403.59066221167666,194.12361973770214,194.12361973770214,732.9953463454452,146.1215888493335,113.95078953234446
2013-01-11,717.9236468543248,408.0342711246207,194.07408803572304,194.07408803572304,754.7059956201582,146.11169125460174,113.95110595202085
2013-01-14,714.6750095135799,407.28280869485104,194.2939459736626,194.2939459736626,751.2909164687771,146.01231444038075,113.95146755751465
2013-01-15,712.599304594871,407.24394150977935,194.83819673722957,194.83819673722957,749.1088641653714,146.11169125460174,113.9518743447412
2013-01-16,705.4763388061463,404.7741309631566,194.48400196580556,194.48400196580556,741.6209578804868,146.09187697623804,113.95223595267335
2013-01-17,709.6412080183854,407.5368615865724,196.06418307625307,196.06418307625307,745.9992114443907,147.03561311113472,113.95255237636621
2013-01-18,712.0108171842314,408.4552281900163,196.9791761266734,196.9791761266734,748.4902259869211,147.36348406024342,113.95291398644997
2013-01-22,709.592523963042,407.46558846435323,198.13274786671238,198.13274786671238,745.9480330932945,148.1582408738593,113.95327559768126
2013-01-23,728.0002544255818,412.3207763375822,197.97833950938224,197.97833950938224,765.2988715936143,148.39672804797956,113.95363721006007
2013-01-24,771.6439403734895,422.0057295996607,198.76171804789402,198.76171804789402,811.1786132627624,148.436480682558,113.95399882358639
2013-01-25,809.0320659241257,432.96369834180854,199.86554115002863,199.86554115002863,850.4822949867188,149.27099967520238,113.95436043826022
2013-01-28,808.6069477306143,433.2811356578299,199.4578554333936,199.4578554333936,850.0353961404471,149.09216531407492,113.95467686785237
2013-01-29,805.7664483687172,432.9432582630614,200.4092705172861,200.4092705172861,847.0493656504749,149.67825181561687,113.95499329832317
2013-01-30,805.8497762930356,432.0774372260318,199.83753918013375,199.83753918013375,847.1369628265275,149.09216531407492,113.95530972967265
2013-01-31,799.4626119264972,431.153415709841,199.4305736749781,199.4305736749781,840.4225562687279,148.72462763043853,113.95562616190078
2013-02-01,800.5870204197051,432.2663068914186,201.19674936821917,201.19674936821917,841.6045730961002,150.2545075335776,113.9558974037787
2013-02-04,785.9561072608961,428.24091016937416,199.20447023266343,199.20447023266343,826.2240546652988,148.56561709212482,113.9562138376387
2013-02-05,793.0954397701688,431.2588411340166,200.8652197011845,200.8652197011845,833.7291662089602,150.06574694436816,113.95653027237739
2013-02-06,791.0560173461349,429.97127948972343,201.2444155656621,201.2444155656621,831.5852553101278,150.17505953112124,113.95684670799473
2013-02-07,783.8668376132391,427.1647485177702,201.11178157562537,201.11178157562537,824.0277426529242,149.97639180272998,113.95716314449078
2013-02-08,787.7534330561548,429.03559161677043,202.11465997562303,202.11465997562303,828.1134652728306,150.8109298842745,113.95747958186551
2013-02-11,799.2241986379908,429.96581782658916,202.05020604712954,202.05020604712954,840.1719280312268,150.78108438887793,113.957886390554
2013-02-12,807.9114760759348,436.9324594114747,202.8401026549476,202.8401026549476,849.3042924501447,151.02947870218003,113.95829320069471
2013-02-13,795.161287252299,433.35692834641304,203.0167781751511,203.0167781751511,835.9008560364674,151.15854830059635,113.95874519108318
2013-02-14,796.1941879730763,433.1460289043973,202.81294963755937,202.81294963755937,836.9866767505039,151.2976586604956,113.95924235774383
2013-02-15,800.7413512799585,432.7576197535406,203.0472686132744,203.0472686132744,841.766810997098,151.11887202161856,113.95969435189693
2013-02-19,799.5706461797904,434.01701427286497,204.22493815524655,204.22493815524655,840.5361255863701,152.25147373467556,113.96023669305976
2013-02-20,783.5488608006946,427.01037225384135,202.03865561654618,202.03865561654618,823.6934745062387,150.35386525889848,113.96077903680363
2013-02-21,778.5248541362179,424.2481027667805,200.73261541332315,200.73261541332315,818.412066144319,149.43983145264716,113.96136654942626
2013-02-22,794.9508480161493,430.3509610546093,202.64627141370468,202.64627141370468,835.6796350836102,150.90032320371301,113.96195406507775
2013-02-25,783.6615778375194,423.42996423171246,201.02794820255826,198.71735284182907,823.8119665267664,148.0291140087425,113.9624964169947
2013-02-26,770.0049965193921,422.3481298807448,201.47131084322723,199.79666864536276,809.4556991916185,149.04250554031466,113.96312910095672
2013-02-27,794.403223386438,431.2188970260767,203.27199362257505,202.7754408052132,835.103953263958,150.92015657097687,113.963626286743
2013-02-28,790.0072211296393,430.9010943579516,203.31295500413614,202.62930644983956,830.4827247050401,150.62208339501436,113.96412347469834
2013-03-01,801.1547973464133,431.9227204679022,203.4123600072741,203.04049842723632,842.2014397025127,151.11887202161856,113.96462066482277
2013-03-04,797.7024644337122,431.01782569834285,203.4440695859679,204.0130709016096,838.5722287696948,151.9236123300169,113.96511785711628
2013-03-05,812.3202766543999,435.3999697455124,204.07658248024165,206.0498738592935,853.9389750443738,153.28470817796162,113.96547950707459
2013-03-06,812.2735695565488,435.80106723949314,204.01576070340172,206.2047280718554,853.889874938895,153.49328304553475,113.96593152596594
2013-03-07,825.1337554181231,439.13404835186236,204.0096799747042,206.4860419881582,867.4089440168482,153.77143695418272,113.96638354665015
2013-03-08,830.8374324209657,439.9842118351975,204.14391140412505,207.29731660455013,873.4048451826438,154.42715021904988,113.9668355691272
2013-03-11,828.2936432705561,439.15249007510107,204.0199668148371,207.80007409801271,870.730726657896,155.0134466984936,113.96728759339707
2013-03-12,826.5531188295104,438.810368288439,203.888518411228,207.29595960256395,868.9010275848312,154.66557058201963,113.96773961945983
2013-03-13,828.1878873900245,439.0521996788953,203.98013786181664,207.62189705706373,870.6195524439538,154.88417666662562,113.96814646477488
2013-03-14,835.7663377045715,442.13156590425973,204.26801128407533,208.79275224575608,878.5862797066076,155.70875034228783,113.96859849424415
2013-03-15,825.7791397150618,437.8141516400396,203.78577340065044,208.0842815949559,868.0873941563759,155.50317243203946,113.96900534262524
2013-03-18,824.6097784315848,437.0066010345076,203.4747005065589,206.89473929297603,866.8581214119092,154.64502138099985,113.96932181288349
2013-03-19,815.5396254071859,434.1536167551245,203.29844968336792,206.30691785414948,857.3232650261364,154.28582554673235,113.96963828402052
2013-03-20,822.574711034108,437.1194050886549,203.5913655678483,207.83154226051488,864.7187886665726,155.3635275829358,113.96995475603633
2013-03-21,814.964045005745,433.2200482357738,203.28836194166996,206.0124086640712,856.7181951390638,154.03629544387084,113.97027122893091
2013-03-22,823.4719023230996,439.1853370664817,203.56998787989582,207.70747005653914,865.6619469647942,155.27363795209317,113.97058770270431
2013-03-25,818.0384006978411,436.77254670233077,202.75082054716538,206.9038448107987,859.9500634354494,154.62506393588498,113.97094937002028
2013-03-26,818.5081248020298,436.6782450208678,203.6014396492285,208.2060907439378,860.4438535470744,155.8624255330074,113.97126584567675
2013-03-27,808.5316595786268,434.8576491808368,203.8238462013423,208.4334586501547,849.9562506492051,155.8624255330074,113.97167270357981
2013-03-28,812.449979547588,436.9290684067243,204.96535013755184,209.7679081518351,854.075323180512,156.3414137602146,113.97198918124484
2013-04-01,810.6603997965724,438.12858833127785,204.19783916270018,208.92746751882385,852.1940554807364,155.72272341720327,113.97235085300818
2013-04-02,805.993075771745,438.7466679282099,204.92046265896,209.66682841344542,847.2876041603582,156.4911184597014,113.97266733255628
2013-04-03,802.2993889341035,438.1542942978951,203.51731999397933,208.23118617176402,843.4046736920196,154.90442044524286,113.9729386149963
2013-04-04,801.6942379409097,438.39536461794245,204.92182037731456,209.66821757925902,842.768518183255,155.53311337193682,113.9732550961765
2013-04-05,798.3436039834319,437.27630137955913,204.41901246392482,209.15376363389052,839.2462166851542,154.83462188181622,113.97357157823552
2013-04-08,816.880421738318,440.9488459484976,205.90267584703736,210.67179161379042,858.7327561808638,155.88235434477207,113.97388806117335
2013-04-09,832.7916425664974,445.19645837568964,206.92439471269185,211.7171755218315,875.4591780075849,156.42122445177395,113.974159346519
2013-04-10,822.2380383901061,445.8748817110637,209.06615696165426,213.90854524708448,864.364866819726,158.33724417175316,113.97447583108895
2013-04-11,824.4210511159995,445.5025161448866,209.93503587719664,214.79754912758142,866.6597247756741,158.85616637809022,113.97479231653772
2013-04-12,804.1990643532072,441.9804613130086,208.95573073881118,213.79556133314645,845.401677739472,158.4670105150252,113.9750636040357
2013-04-15,775.2937952294561,432.3093780913457,203.575526788156,208.2907411511391,815.0154660464959,154.79464018043592,113.97533489217942
2013-04-16,756.7494180285149,432.7024088883263,205.58069397003126,210.34235199569488,795.5209798014538,157.0799251295158,113.97560618096888
2013-04-17,765.7437029198204,432.01616692541813,203.34707600210788,208.056998990216,804.9760809999262,154.7846757745536,113.97587747040406
2013-04-18,752.9647926474859,430.16367951442453,202.56595487301772,207.2577855411635,791.5424516129007,153.81674445870703,113.9761035567255
2013-04-19,753.9594298589121,430.67085138335165,203.713745579001,208.4321613642673,792.5880484116959,155.15396009255446,113.97632964349545
2013-04-22,775.2252827399749,435.4745540907671,204.8129191992866,209.55679403320974,814.9434433644002,155.84251581014294,113.97655573071384
2013-04-23,813.5781318154999,445.03231243431327,207.39527633279607,212.1989636974215,855.2612755924378,157.44908536966562,113.97678181838072
2013-04-24,814.5584471623481,445.1028352725498,208.82974871957464,213.66666131961088,856.2918167552855,157.54892986194048,113.97705311061422
2013-04-25,826.6551102820209,447.95723988484025,210.57649218017525,215.45386283518408,869.0082445027429,158.18750129446605,113.97727919926771
2013-04-26,832.9224450296524,449.5852337730755,210.36598307821518,215.2384779234609,875.596682049439,157.90810660730784,113.97750528836968
2013-04-29,819.48091783584,446.6026031043586,211.2303025801234,216.1228167852298,861.4664869960926,158.96590846509687,113.97773137792015
2013-04-30,847.6718114301053,450.309815540551,212.4824411664451,217.40395739325714,891.1017225962914,159.34509992227953,113.97795746791905
2013-05-01,823.827640275226,446.0754805992369,210.54672990658256,215.4234112081015,866.035910918365,157.94804058643774,113.97822876295089
2013-05-02,834.0676469080347,448.9135813816202,212.109962195613,217.0228510681411,876.8005575974834,159.4150321080073,113.97845485393644
2013-05-03,835.87265588503,450.07944299498155,213.7838243035912,218.73548315391423,878.6980450295458,161.03159470676252,113.97868094537047
2013-05-06,847.1671290352183,451.66805010637944,213.82170782280292,218.77424413082804,890.571183128795,161.44063165934176,113.97886182788112
2013-05-07,836.6768352448727,449.7185392120126,214.85090159567872,219.82727607981823,879.543425993227,162.25903007580297,113.97904271067883
2013-05-08,845.6393370504727,450.3333153958717,215.279019226472,220.26530976699445,888.9651157203732,162.99740782280307,113.97922359376358
2013-05-09,852.1570153401353,452.76669064666265,214.49765506309825,219.46584765450078,895.8167229968359,162.53841521851112,113.97940447713539
2013-05-10,849.9126738407649,453.96178728949957,215.44723392231862,220.4374206499831,893.45739412779,163.06729228628043,113.97958536079426
2013-05-13,850.1709846442,453.6983400029109,215.10319797357295,220.0854161439528,893.7289393163906,163.1970204517522,113.97981145447082
2013-05-14,867.365138094382,459.4057790480597,217.57756670921168,222.61709618407738,911.8040239793961,164.88348660288491,113.98003754859587
2013-05-15,860.07865252343,459.60142465201795,219.0295368695081,224.1026968630441,904.1442200831286,165.7715785938219,113.98021843325942
2013-05-16,850.3191125347182,456.5136419789738,217.63188648921056,222.67267411828996,893.8846564425537,164.99324777879173,113.98035410372685
2013-05-17,856.5467122246752,459.1955435858177,219.80610990631064,224.8972568769396,900.4313231318689,166.5899388324828,113.98053498889277
2013-05-20,851.5200844469408,457.62989696296177,219.42093825908418,224.5031638877826,895.1471593656673,166.57995533770028,113.98076108445305
2013-05-21,849.1214441557005,457.0798694210637,219.76786784678958,224.85812905520942,892.6256263070097,166.81936832347822,113.98094197026485
2013-05-22,843.7971911930746,455.17199544651623,217.26832375219922,222.30069054471537,887.0285887241153,165.5819876374556,113.98112285636371
2013-05-23,845.2818455637723,455.3130504298781,216.37418780314047,221.385844627538,888.589308391031,165.10295168799806,113.98134895309008
2013-05-24,835.8628220153078,454.1406209783722,215.87075548553352,220.87075181550816,878.6877073279362,164.9633354722446,113.98152983983482
2013-05-28,856.7505079123855,457.0068719558175,216.71985491366593,221.7395180763012,900.6455601584252,165.95120514430587,113.9817559373685
2013-05-29,829.5766013074915,453.93279459791756,214.5705943922796,219.54047640371198,872.0794162112303,164.87354128590277,113.98198203535067
2013-05-30,850.4097968980766,457.1387535802369,215.317825926222,220.30501530714497,893.979986959992,165.48222904523143,113.98216292310009
2013-05-31,841.7531844733631,453.6950559516363,212.68711734407535,217.61337427851484,884.8798586562131,163.10724535431052,113.98234381113659
2013-06-03,847.2141279394352,455.9233870740648,213.48700574905524,218.43178969091775,890.6205899911475,164.00532084002998,113.9825699102849
2013-06-04,855.5064199879956,457.77256803938525,212.32612483497473,217.2440204644447,899.337732202444,163.21698744131714,113.98275079896727
2013-06-05,840.2958926482673,452.6756566771764,209.59025673577798,214.4447842150576,883.3479034370372,160.93172158113742,113.9829768989229
2013-06-06,849.6901535871325,456.36151858506383,211.53691364007918,216.43652956756185,893.223473194416,162.38870097457425,113.98320299932702
2013-06-07,861.0440842838383,459.14740072252755,213.99461313558598,218.95115427477714,905.1591151087133,164.45432994953947,113.98338388901409
2013-06-10,845.8796678879945,458.40627191044075,213.79109793763615,218.74292525980013,889.2177597512595,164.45432994953947,113.98360999022553
2013-06-11,818.1976167963293,450.1153207607273,211.66729575463327,216.5699315913791,860.1174368666693,162.75801392592533,113.98383609188548
2013-06-12,814.9826343385116,449.1931864702012,210.05321293734613,214.91846340364432,856.737736884143,161.41073844169483,113.98406219399392
2013-06-13,832.5773531473945,454.61783363195394,213.38999994388007,218.33253703823033,875.2339096101673,163.8656664464762,113.98428829655087
2013-06-14,833.9588862911254,453.5812646549439,212.543986584291,217.46692832547032,876.6862247014589,162.83774826188406,113.98451439955632
2013-06-17,848.6596777366179,454.86142115417675,214.10502054320958,219.06411893769743,892.1402015872851,164.09513411527195,113.98474050301029
2013-06-18,857.3045928585802,458.4455243104488,215.6336513364328,220.6281558624218,901.2280332846525,165.39235850328896,113.98496660691276
2013-06-19,851.4107306620897,455.82325544258833,212.38095917856566,217.30012488056593,895.0322029111297,163.10724535431052,113.98519271126372
2013-06-20,817.2534634592259,445.51670655773444,207.01984781915345,211.81483951221358,859.1249104504984,159.0657147795714,113.98541881606319
2013-06-21,812.5055936569748,446.4276777800659,208.0290552317691,212.84742217706224,854.1337866424401,159.57633331433988,113.98564492131118
2013-06-24,800.1542270612885,440.93335850500046,205.7882294416396,210.55469440186965,841.1496058528655,157.55996324623163,113.98591623464098
2013-06-25,805.8195781269778,446.29020497226037,208.03386738896157,212.85234579339263,847.1052174771702,159.07473428489592,113.98618754861657
2013-06-26,808.9946990535583,447.5043035767287,209.9962723953208,214.86020400534082,850.4430136489622,160.64975943690797,113.98645886323796
2013-06-27,810.8267403301548,448.62173488621016,211.63219372927213,216.5340165332497,852.368918362826,161.5927892824988,113.98673017850514
2013-06-28,807.5349816152598,447.18022524565527,210.94962471289446,215.83563785998172,848.9085085418772,160.93063351382844,113.98691107378981
2013-07-01,809.3268802914021,447.04853583405213,212.02493451422575,216.93585397642852,850.792213975392,161.8736060927188,113.98709196936153
2013-07-02,806.3608313505835,446.0652661710109,211.65461585122577,216.5569579961732,847.6742014558898,161.72307102607516,113.98722764801053
2013-07-03,811.2267895345803,447.6385851731469,211.4957640381834,216.39442685898862,852.7894638267426,161.79335635645583,113.98745375684655
2013-07-05,818.8240608774514,451.1673941822942,213.6414126314932,218.58977294405858,860.7759764008039,163.5388835646765,113.98763465327953
2013-07-08,821.2533322235936,453.28511817797573,215.118806155071,220.10138584199868,863.3297098764388,164.47181538208392,113.98786076292292
2013-07-09,839.0988734313127,460.44364583069154,216.87252785388756,221.89572722567334,882.0895557229499,165.6555944364637,113.9880416600018
2013-07-10,837.6159979081802,459.97731232796207,217.25491501033628,222.28697122970453,880.5307060416917,165.7158008275611,113.98822255736776
2013-07-11,852.8272480499949,464.34160653468,220.08383044468818,225.18140997571462,896.5212946414775,167.97292964890835,113.9884034550208
2013-07-12,853.6442154253377,465.37176646669644,220.57680036710207,225.68579806265635,897.3801188062741,168.04319589038886,113.98858435296093
2013-07-15,863.7303514545591,468.00873621057144,221.21565541577675,226.3394502657279,907.9830114220099,168.68523195829303,113.98876525118813
2013-07-16,842.1038220011484,464.4880321633995,220.16988948562658,225.26946231531852,885.2484608685346,168.05321756297164,113.98890093182882
2013-07-17,852.1188401322257,464.99724578880677,220.45351619248277,225.5596583811889,895.7765919071021,168.48456943983527,113.98903661263104
2013-07-18,872.8454710173899,469.14551100062414,221.890681867812,227.03011167385188,917.565138177418,169.4075177624602,113.98917229359475
2013-07-19,852.0489613272887,466.54949967560225,222.39696100664852,227.548117245157,895.7031329072714,169.70847336234655,113.98930797471995
2013-07-22,845.6172437836425,464.5352194281991,222.73530213497438,227.89429502739208,888.9418905194582,170.03951306888143,113.98948887409554
2013-07-23,832.6881422362678,460.14199058908696,222.34438375421402,227.4943221989152,875.3503749055902,169.67837016679786,113.98957933293418
2013-07-24,830.7815095543822,460.05173203388665,221.00951086950508,226.1285310014892,873.3460571445451,169.05637744405925,113.98971501454389
2013-07-25,834.360706012629,461.6984145369346,221.95110319336052,227.0919324775525,877.1086313937387,169.4676859757573,113.989805473562
2013-07-26,833.9102113422703,460.7939360164857,222.16084622500586,227.3065335752481,876.6350559234164,169.64834332684978,113.98994115544087
2013-07-29,832.4872446513981,460.0707115728554,221.5576140835117,226.68932937678503,875.1391844642792,169.12664368553976,113.99007683748125
2013-07-30,846.7755264636361,463.56355510560735,221.72170264249831,226.85721855337243,890.1595170554335,169.12664368553976,113.990257738077
2013-07-31,841.0573241771948,460.9601355441128,221.7995313704592,226.9368499495699,884.1483464126287,169.24699920103407,113.99043863895984
2013-08-01,848.4642990429439,464.8867885066133,224.52254324221636,229.72293219570312,891.9348127939527,171.20324877809563,113.9906195401298
2013-08-02,851.5336527370957,467.15654101867614,224.85915097237,230.06733643081463,895.1614228182985,171.49410634979856,113.99080044158681
2013-08-05,857.9525069532812,468.85326894263176,224.56386128720015,229.76520724884057,901.9091428344769,171.24331637952665,113.99102655750997
2013-08-06,849.8921932575631,465.8033674163124,223.6963462837276,228.8775988713312,893.4358642352948,170.2703169606882,113.99120745961292
2013-08-07,844.8372936422314,463.6097718203987,222.82741919494666,227.9885457018073,888.1219801423769,169.71849503492936,113.99143357634344
2013-08-08,848.7085785428375,465.53990721984746,223.71633214483762,228.8980476447611,892.1916077943462,170.34052593546824,113.99165969352251
2013-08-09,842.3462658750421,462.4967116194053,223.33194546163537,228.5047578009567,885.5033261958304,169.8488913119066,113.9918858111501
2013-08-12,851.007133314745,464.91899499039044,223.0218536024201,228.18748359712754,894.6079275175103,169.64834332684978,113.99215713933474
2013-08-13,841.1583845677575,464.8741895416354,223.409080905935,228.5836798556641,884.2545845662422,170.14990417849341,113.9924284681652
2013-08-14,840.7821964710898,465.3527205258511,222.24684403963388,227.39452327041843,883.8591227183423,169.27706421878247,113.99265458731776
2013-08-15,830.9903301307731,461.15140036723415,219.23233174013643,224.31018886648462,873.5655765066688,166.90962064342384,113.99288070691885
2013-08-16,826.9947062692282,459.57093153619,218.39989114399924,223.45846728939114,869.3652394683726,166.35783689546525,113.99310682696851
2013-08-19,830.4326971915337,460.97410892833375,217.15167893914483,222.18134400564006,872.9793736082921,165.29448971218045,113.99337815805944
2013-08-20,851.5337069630297,468.1205142443897,218.41973889730068,223.4787747561601,895.1614798224629,166.10708510299366,113.99355906389435
2013-08-21,845.1713092677655,465.4290632196478,216.94574293506065,221.97063811384083,888.4731088401512,165.08380552113985,113.99373997001636
2013-08-22,852.5298595165953,468.16549687841035,218.8333544767469,223.90197049561795,896.2086696009613,166.58854534277128,113.99387565657847
2013-08-23,858.7379831205641,469.6512900760228,219.62969374175694,224.7167545629052,902.7348623597534,167.1504080300131,113.99401134330209
2013-08-26,862.9091532033455,469.0310823824757,218.534395064709,223.59608658859878,907.1197396151833,166.52835804057403,113.99419225014184
2013-08-27,835.2126127176878,462.3963058194293,215.13712743214646,220.12013147631484,878.0041849819706,163.84986083714563,113.9944183727931
2013-08-28,839.3117848825899,463.4264367504309,215.39215931570646,220.3810704058709,882.3133755532609,164.43172869175274,113.99455406016271
2013-08-29,848.4792148078154,465.5135992643826,215.85951926777727,220.85925534458636,891.9504927582875,164.69254033460743,113.99464452302094
2013-08-30,832.7118666086965,461.88014399152706,215.16303951333836,220.14664373287837,875.3753147807327,164.17091704889805,113.99478021065973
2013-09-03,834.6358964850571,462.0893598991354,215.9027203942485,220.90345709512727,877.3979210701399,164.9132843760311,113.9948706736974
2013-09-04,854.4395052152206,466.51640228473786,217.66895052771255,222.71059663368993,898.2161547486897,166.27758715920228,113.99496113680688
2013-09-05,834.5297288653171,464.2421875907521,218.06951869460718,223.12044275655376,877.2863140218002,166.48829043914301,113.99505159998814
2013-09-06,847.1754818810451,466.95105727098417,218.24287049049858,223.29780972504832,890.5799639272175,166.56855926430615,113.99514206324119
2013-09-09,878.3845126398382,472.0828243340293,220.3911212401441,225.4958182375738,923.3879689767215,168.1635895836835,113.99523252656604
2013-09-10,903.1755805369338,476.68197827263947,222.1509426914735,227.2964006561693,949.4491910324995,169.4075177624602,113.99532298996269
2013-09-11,893.5400156595629,474.2036740931141,222.98123173699224,228.14592084845012,939.319954287057,169.93918180965255,113.9954134534311
2013-09-12,881.7768103039226,470.6443479290776,222.0434727360761,227.18644148271423,926.9540687942028,169.48782476542365,113.99545868745359
2013-09-13,888.1850191909796,472.59864749157896,222.75450032939756,227.91393789020736,933.6905980747737,169.86899192377268,113.99550392149403
2013-09-16,889.5817432659943,474.25766172786075,224.32659021079238,229.5224405020799,935.1588823947835,170.8521084596947,113.99559438510605
2013-09-17,898.0577988478177,475.87666438221333,225.21949969645598,230.43603154852832,944.0692031438502,171.61448095419303,113.99563961920035
2013-09-18,910.330518129817,478.9866197377756,228.16012693149779,233.44476956286493,956.97070717603,173.60081463790314,113.99568485331258
2013-09-19,908.2404333081869,478.29876973630337,227.81218035488158,233.0887638510396,954.7735382247763,173.30989979949973,113.9957300874428
2013-09-20,902.6806951288328,476.55603241567536,226.06830338769007,231.3044952225679,948.9289504940031,172.09819368418923,113.99577532159094
2013-09-23,894.4702760304069,474.31463004396016,225.14382359102524,230.35860263388278,940.2978759399239,171.30188112521049,113.99586578541832
2013-09-24,900.5332674280179,475.25210286459946,224.94053738426547,230.15060791398793,946.6715007386331,170.8985899315787,113.99595624931749
2013-09-25,913.2785194163506,478.4738384326397,224.28866983715835,229.48364181712176,960.069747381477,170.4046837288983,113.99604671328845
2013-09-26,916.1105109960691,479.1015465996968,224.84921595215891,230.05717129576274,963.0468341986121,171.05981478231067,113.99604671328845
2013-09-27,911.4873986725339,477.4392617776043,223.7956959106007,228.97924963329248,958.1868597371421,170.27360025151535,113.99613717733119
2013-09-30,873.5827721109372,473.0751052714537,222.7151645772456,227.87369104374855,918.3402144105465,169.36630482701972,113.99622764144574
2013-10-01,886.4957372938336,476.2984171838741,224.35025027173916,229.54664857712683,931.9147669238499,170.70709008519663,113.99631810563206
2013-10-02,891.1340646064127,477.5155965871927,224.17031238990373,229.36254297582997,936.790735904382,170.54575070106372,113.99640856989019
2013-10-03,906.775390217751,476.1191417754969,222.1176717442555,227.26235908759702,953.2334346092478,168.9732261949723,113.99654425962872
2013-10-04,913.9245531665579,478.0038944032234,223.6426587918534,228.8226678702955,960.7488802485873,170.25338510624834,113.99667994952877
2013-10-07,894.9044919530862,474.4168379020606,221.9419008848158,227.08251702522833,940.7543386315702,168.7816499929896,113.99681563959032
2013-10-08,884.5019627296241,469.9277819356819,219.84257551257892,224.9345670992253,929.8188426231018,166.8158559658492,113.99704176744542
2013-10-09,879.2150758224644,472.07382570988545,220.24219301610472,225.34344053946435,924.2610855211007,166.93686050394888,113.99726789574906
2013-10-10,882.3137981713877,474.6740948975572,224.8051352557968,230.0120696027423,927.5185688840479,170.53569085068062,113.99749402450128
2013-10-11,905.1017399953994,478.68488051941006,226.23093971256228,231.47089852840816,951.4740360117587,171.63446703265814,113.99785577720014
2013-10-14,902.2423575269947,478.74500423962564,226.74746174932196,231.99938424353795,948.4681549516605,172.31998761512156,113.99821753104696
2013-10-15,892.0616892621604,474.2203322952744,224.74234929436463,229.9478293934844,937.7658868030122,171.0699891660947,113.99885041332138
2013-10-16,908.4823972169041,479.4888313363768,227.73733558531944,233.0121855276561,955.027898996194,173.45907955423218,113.99930256457108
2013-10-17,908.5033675007805,481.7045194321614,229.80880686399027,235.13163620384952,955.0499436788572,174.61836754970966,113.99952869735934
2013-10-18,926.2708576374996,486.90346054841956,230.8511010767434,236.19807202497756,973.7277395587647,175.79781342375364,113.99970961295506
2013-10-21,941.5404459196341,489.08339902642484,230.74179010214038,236.08622919064865,989.7796552153563,175.80785418523658,113.99989052883791
2013-10-22,923.1458765800381,490.1513671358239,232.34420385630992,237.7257580365405,970.4426521395116,176.8260370307483,114.00007144500785
2013-10-23,914.1564331282707,487.7217019893242,231.38530521284528,236.74464939206237,960.9926404285671,175.9792534197526,114.0002523614649
2013-10-24,923.9131876510808,490.2002501912377,231.77238185441283,237.14069149902076,971.2492758917155,176.5639273426829,114.00038805577869
2013-10-25,923.2413801183186,489.97503372451837,233.0155656490036,238.41266990451868,970.5430487391484,177.37043337434585,114.00056897273818
2013-10-28,902.5437826490778,486.4600834102261,233.07524051184234,238.47372695594802,948.7850233928428,177.6526627631775,114.00074988998482
2013-10-29,907.8650246413345,487.8168598978076,234.45761946519917,239.8881245571194,954.3788957402692,178.600254855906,114.00093080751857
2013-10-30,955.8364420620263,492.62220057858394,232.9520443885546,238.3476773652563,1004.8080973753279,177.7131745766774,114.0011117253394
2013-10-31,959.1799115540142,493.9134493106868,232.57722978138608,237.9641813058175,1008.3228673412325,177.2091512569134,114.00129264344737
2013-11-01,992.1253966850858,503.97839625371194,233.20166969231502,238.60308448786392,1042.9562928677215,177.6325621513114,114.00147356184245
2013-11-04,993.5435154036347,506.53089676871906,234.1802164060821,239.60429629105684,1044.447067971842,178.25751365357445,114.00169969893716
2013-11-05,992.5041901786856,506.34227820132605,233.53810061749365,238.9473078228452,1043.354493598362,177.693035787011,114.00192583648045
2013-11-06,936.0913097870235,497.3629310519265,234.71462811799705,240.1510860418232,984.051336154895,178.600254855906,114.00215197447231
2013-11-07,933.4570556328126,494.56079800379223,231.77854242894898,237.1469947647243,981.2821177110095,176.342190678451,114.00237811291275
2013-11-08,950.9869903173739,499.4353759616664,234.5565449074691,239.98934130951676,999.7101871404494,178.7212021273052,114.00264946607159
2013-11-11,966.4635448877688,503.7670805693716,234.80693395943163,240.24552987025527,1015.979672867794,178.75147712295535,114.00292081987631
2013-11-12,956.6485284984495,501.15815727246206,234.21831357711432,239.64327586839224,1005.6617905294896,178.3885971309574,114.00328258979621
2013-11-13,965.5554649205548,501.8153017403587,236.13769337932916,241.60711232683803,1015.0250680170388,179.82001648708305,114.00364436086414
2013-11-14,957.1632435763238,499.0957188611025,237.6030171541512,243.1063759166195,1006.202876697928,180.71725206119558,114.0040061330801
2013-11-15,961.432958654705,500.37549715429526,238.62699540595784,244.15407154269255,1010.6913478373916,181.50352385869135,114.00436790644409
2013-11-18,953.9215920567815,498.3931319265598,237.68754566199243,243.19286227293387,1002.7951412817324,180.86841706154442,114.00477488251586
2013-11-19,975.3677805003468,494.1348234088023,236.90561801902734,242.39282362953986,1025.3401111716053,180.47522389609608,114.00513665831936
2013-11-20,977.6360503707398,494.61146053609957,235.84900949307385,241.31174194722905,1027.7245943661221,179.91078420733294,114.00549843527088
2013-11-21,992.7471027720325,498.6438604565744,237.6784238189339,243.18352914983538,1043.6098516596458,181.36243779762577,114.00581500686351
2013-11-22,947.6312470397922,495.3296429802756,238.57486141237717,244.1007300220616,996.182514549569,182.26965686652076,114.0061315793352
2013-11-25,951.2446516062762,496.2705994324232,238.15346029121523,243.66956841224803,999.9810495370649,182.08812142602102,114.00649335944397
2013-11-26,954.1976441341668,497.131376283909,238.12658395303566,243.642069564586,1003.0853367068576,182.1385352113375,114.00680993379932
2013-11-27,976.7636255823078,500.0037758740024,238.58012460352234,244.1061151191892,1026.807471463927,182.58210398430205,114.00712650903374
2013-11-29,994.624567813393,501.91397226240565,238.15579879382028,243.67196107922788,1045.5835073951698,182.46123306850347,114.00739787349491
2013-12-02,995.0457692623625,500.6739613100464,237.42213446619553,242.9213036256122,1046.0262888250527,181.98740838878896,114.00762402234128
2013-12-03,995.2874268855433,500.87385729747797,236.71441473871675,242.1971917007186,1046.2803276185941,181.20104114679242,114.00789538798666
2013-12-04,986.5626235772667,500.4995176978905,236.40412624320493,241.87971630610454,1037.108514715907,181.18090235712603,114.00816675427795
2013-12-05,979.8550339656385,498.72635952533267,235.44181322272124,240.89511420083994,1030.0572661350361,180.38455162034697,114.00843812121516
2013-12-06,976.3731024793216,498.0380431437215,238.52287802916274,244.0475426002332,1026.3969401650302,182.40075943280388,114.00870948879827
2013-12-09,970.7198317605705,496.82699445019483,238.75522265746667,244.28526879254838,1020.4540278163427,182.86440972873433,114.00902606930741
2013-12-10,969.3423557207308,494.65933766052353,237.9403689020975,243.45154140245657,1019.0059776920082,182.20920231972133,114.0093426506956
2013-12-11,950.0728090563331,485.98620094025097,235.07697641079238,240.52182704223702,998.7491684000665,180.1627767783148,114.00965923296289
2013-12-12,944.0366352809785,485.92103654252617,234.47299184139257,239.9038529881403,992.4037352069602,179.56802391610123,114.00997581610928
2013-12-13,918.6243863784134,485.39909855025553,234.64418192973025,240.07900817963187,965.6895063429412,179.54790421533502,114.01029240013473
2013-12-16,951.4945381837113,490.67357253335615,236.09970840568107,241.56824754560185,1000.2437388899523,180.6668382758791,114.0106089850393
2013-12-17,956.8533735128957,492.396190107861,235.56109618787633,241.01715999686942,1005.8771306443505,180.09220511443175,114.01092557082295
2013-12-18,982.9623269965338,495.5422128093767,239.30930283243313,244.85218256711556,1033.3237592932433,183.1667969961325,114.01124215748571
2013-12-19,987.9713120324755,496.4596367330553,239.01929304604965,244.55545557689302,1038.589376403309,182.9551774489842,114.01151353174313
2013-12-20,995.0682077068853,498.10691210299467,240.53557325087672,246.10685584901344,1046.0498768886127,184.01936454387598,114.01183012003855
2013-12-23,1004.8025719911849,501.07584251885,241.5265687663133,247.12080479289918,1056.2829749640164,185.0025765242988,114.01214670921307
2013-12-24,1003.2016888128618,501.01890145941655,242.36161509323057,247.9751924546839,1054.6000715824912,185.40796749694792,114.01246329926668
2013-12-26,1014.2857478966552,504.04163676109613,243.2055545629951,248.83867924220337,1066.2520151881938,186.35055829783514,114.01277989019944
2013-12-27,1009.1082714936048,502.7647946958395,243.3206198354547,248.95640965538004,1060.8092741659623,186.34040300295126,114.01309648201128
2013-12-30,1011.255367952271,503.40378751975396,243.6761897866548,249.320215314316,1063.0663757082086,186.3099562071997,114.01341307470226
2013-12-31,1032.7100933646325,515.3810664136462,244.4621987566278,250.12442981637398,1085.6203199528939,187.1918061277851,114.01372966827233
2014-01-02,1024.066212342018,511.77790922564026,242.04235778855508,247.64854051543512,1076.5335753362783,185.39775493536354,114.01404626272152
2014-01-03,1017.2017542631455,509.8315616081349,242.26268804214598,247.87397405620754,1069.317421234783,185.36740358411282,114.01436285804985
2014-01-06,1000.3265485240587,505.8974108105309,241.54607415888708,247.14076196918478,1051.5776253603663,184.8301655780744,114.01458902071221
2014-01-07,996.4083332277569,504.60680213413167,243.0224926164747,248.65137721666588,1047.4586628645543,185.96536338155286,114.01476996020844
2014-01-08,999.8997421023704,505.3922968064337,242.96838339566202,248.59601471860924,1051.1289517906505,186.0059082054878,114.01499612367833
2014-01-09,995.5451048428947,504.22327942135803,243.55544479052742,249.1966736237679,1046.5512075376548,186.12748541059224,114.01517706382063
2014-01-10,986.1199982410499,501.79801583366486,244.63113243860548,250.2972763386439,1036.643211759916,186.63429570977922,114.01540322809805
2014-01-13,958.9025513970169,493.4368318777268,241.44754787641892,247.0399536219248,1008.0312968178908,184.15115431056478,114.01553894044591
2014-01-14,996.1585836192696,504.49053896734074,243.7348142439201,249.38019763068823,1047.1961174981284,186.15793220634376,114.01571988144966
2014-01-15,989.2072020208499,502.11598813113056,244.65476264393243,250.32145386655586,1039.8885864073807,187.1613975098339,114.01590082274055
2014-01-16,960.2165709259523,492.3732313744744,244.36733621672175,250.02737007124554,1009.4126392784641,186.91810947732398,114.0160817643186
2014-01-17,960.3839523711655,492.8360511729822,243.57065808850749,249.2122392920071,1009.5885964026118,186.12748541059224,114.01630793039061
2014-01-21,963.5747374650214,494.3545389433148,244.09289352605413,249.74657074165708,1012.9428592850503,186.6748405337142,114.01648887261473
2014-01-22,975.2156558995638,496.8226240274409,244.36422328787003,250.02418504076618,1025.180192566339,186.7965131833194,114.016669815126
2014-01-23,940.7180434904926,493.48493868256145,241.9598205413248,247.56409154129122,988.9151175353319,185.26607970207573,114.01685075792444
2014-01-24,912.2802741380106,488.42207242562455,236.76235692942893,242.2462443279841,959.0203576588177,181.31316934631877,114.01703170101001
2014-01-27,900.804747573463,486.9905282048489,236.02583856961073,241.49266673710991,946.9568899918726,180.42131684205071,114.01725786896637
2014-01-28,919.4186308470372,492.499171310546,237.98963998210996,243.50195369874362,966.5244434077455,181.49565923182638,114.01748403737135
2014-01-29,907.9292329209951,488.88136019165177,235.8706337954353,241.33386711147105,954.446393689167,179.75238451382432,114.01766498146195
2014-01-30,891.2891834428683,485.33581388205164,238.5759007215321,244.10179340368566,936.9538021530276,181.65778126086576,114.01775546266033
2014-01-31,902.3107163449985,494.2639505609674,237.4871331949739,242.98780785431205,948.5400160890206,180.59355598817365,114.01784594393054
2014-02-03,883.4854789723981,488.6880168745162,232.05859254808487,237.43353140198474,928.7502799850122,176.52922372219618,114.01807211350206
2014-02-04,878.5431120319408,487.79820358644054,233.61325667353807,239.02420464272612,923.5546941050073,177.76580267441219,114.0183435040164
2014-02-05,874.4428037351721,486.4121111175962,233.1606702552779,238.56113542226683,919.2443091928769,177.54282523167004,114.01866011127734
2014-02-06,882.424040312055,488.4358190646286,236.1596929941293,241.62962149650212,927.6344592087304,179.88409792491245,114.01897671941745
2014-02-07,899.7026042804713,492.97590839276097,239.04154419465553,244.5782221063857,945.7982791076955,182.1139105301341,114.01933854028819
2014-02-10,906.4597632367735,495.68123311346835,239.46037919905237,245.00675816306304,952.9016366862132,182.44842441649766,114.01965515031216
2014-02-11,911.9272461562199,498.0541854839783,241.8129744965091,247.41384424981993,958.6492425191416,184.44504701739274,114.01988132347246
2014-02-12,923.7139060304964,502.9289544392796,242.070388205288,247.67722017240732,971.0397842075627,184.53621560454593,114.02010749708143
2014-02-13,927.6230969054327,505.06054749447316,243.7222791450624,249.36737219399345,975.1492599216796,185.48905714481785,114.02024321502876
2014-02-14,930.3143804872908,506.29830031619184,245.0638964263663,250.7400640016625,977.9784296586595,186.51277577137532,114.02033369827316
2014-02-18,943.1297070341027,511.02297306374345,245.51443757181747,251.20104057672356,991.4503410841812,186.7356768585168,114.02055987277947
2014-02-19,935.6964488413807,507.1202806642753,244.1797015912652,249.83538945442746,983.6362447668075,185.49917426190143,114.0208312692153
2014-02-20,947.9208913055061,512.3433133136142,245.80678908936088,251.50016353726096,996.4869985499059,186.5938272414449,114.02105744470857
2014-02-21,945.8512364080739,515.8891461662578,245.84068993035535,251.53484958920325,994.3113062366624,186.3809478268862,114.02128362065054
2014-02-24,957.3748628725467,518.3622017227685,247.09278721633783,252.81594794029357,1006.4253381704646,187.41468812602645,114.02150979704113
2014-02-25,956.8665751175647,517.5237505114713,246.8135806444053,252.53027438846905,1005.8910086246053,187.34379195084074,114.02173597388038
2014-02-26,944.1065439570701,512.9016720261291,247.1023594547123,252.82574189075953,992.4772256083743,187.35392815682448,114.02196215116827
2014-02-27,948.7400678583115,513.4909180471241,247.97394363685137,253.71751369721204,997.3481450779286,188.3370828705468,114.02214310236556
2014-02-28,947.3041600491306,512.7262609727185,248.9880902824754,254.75514999753614,995.8386694707451,188.8134463739823,114.02236928046105
2014-03-03,941.9199462420543,511.51299050678796,247.33640506795558,253.06520846621117,990.1785989887294,187.48566065681277,114.02259545900519
2014-03-04,955.459536958909,516.7580944454644,250.98172046417588,256.7949566220316,1004.4118817856212,190.12088332358368,114.022821637998
2014-03-05,951.5034251275905,515.0799840402761,250.78518334675843,256.5938673138204,1000.2530811505924,190.29317973640713,114.02309303981737
2014-03-06,936.3401313440088,509.4393391586006,251.28375877404275,257.1039907402817,984.3129059217061,190.72901750480779,114.0233192197972
2014-03-07,932.1869313529745,507.3630580167643,251.6759666893074,257.5052829714481,979.946919443928,190.810145330478,114.02359062280091
2014-03-10,933.5625854856653,507.62213041198544,251.2876593580548,257.1079816695823,981.3930543168918,190.70876418174046,114.02381680376776
2014-03-11,923.865484899374,504.4438471501179,250.12687740244337,255.9203136936532,971.199129120706,189.76619246975338,114.02404298518326
2014-03-12,926.5346575229794,505.20779186569155,250.50475858885702,256.3069473604152,974.0050550589403,189.8168353218718,114.02426916704742
2014-03-13,907.9188053095924,498.44811470669333,247.91013287527332,253.65222495139713,954.4354318259104,187.68844204318808,114.02449534936025
2014-03-14,910.5049981528941,498.71471021049103,247.8051151176016,253.54477477344855,957.154126569038,187.1613975098339,114.02472153212172
2014-03-17,908.247016544124,498.6386241337415,249.7374247899433,255.5218405835469,954.7804587485028,188.85399119791725,114.02499293846328
2014-03-18,924.1567601823608,503.7363736322557,251.32993750710008,257.15123906470296,971.5053277024205,190.20204932705423,114.02521912221181
2014-03-19,914.0654270065717,500.9172087788831,249.6539090187152,255.43639042084087,960.8969716677096,189.1884287286802,114.02549052973777
2014-03-20,912.3733746490637,501.0930393894788,250.9225992749982,256.73446606844766,959.1182281136981,190.29317973640713,114.02576193790973
2014-03-21,901.9977504200845,496.3802420286166,250.70306643869435,256.50984841473354,948.2110155595178,189.55518376741014,114.02603334672771
2014-03-24,889.7445125436063,492.16955876812193,249.2641968361393,255.0376517284989,935.3299910499372,188.7712408157336,114.02630475619172
2014-03-25,889.0534042394095,492.77243251913796,250.01049356859417,255.8012341785815,934.6034742635273,189.66715925573524,114.02653094254242
2014-03-26,867.3605000783348,486.2139730613377,248.18940262907654,253.93796314851087,911.7991483376277,188.30293282816467,114.02675712934176
2014-03-27,868.8865024092262,486.24156589346376,247.89003084717248,253.6316573203182,913.4033344004497,187.90596006048509,114.02693808814861
2014-03-28,863.0847242629818,484.323646238408,249.25422550449028,255.02744944096392,907.3043059432953,188.83230620733812,114.02711904724265
2014-03-31,877.9560326748453,489.84356540766305,251.6513341094082,257.4800798519742,922.9375361208034,190.3797478986223,114.02734523520859
2014-04-01,900.9854097149052,497.39925632043474,253.15676226215507,259.02037671689055,947.1468082400391,191.6420968660512,114.02752619494875
2014-04-02,903.8292732078024,498.1367734678037,253.97308606343174,259.8556082020786,950.1363752200639,192.28344573354968,114.02761668397274
2014-04-03,873.7959086342175,489.41336438314465,253.74013331859229,259.61725980803897,918.5642708442768,192.02887616104655,114.0277071730685
2014-04-04,841.3234394418673,478.69823226002967,251.37666243435325,257.1990462342648,884.4280959189365,189.75878597649222,114.02784290006173
2014-04-07,821.7779801230866,471.6552794351068,248.55568731433826,254.31273171607432,863.8812377681189,187.66160304956634,114.02797862721648
2014-04-08,837.6709664836584,475.5691321127992,250.0024320398468,255.7929859287833,880.5884908962033,188.4353334396585,114.02811435453279
2014-04-09,855.1499537780501,481.32626702928417,252.0648826025937,257.9032069513192,898.9630026792408,190.46118114669505,114.02829531549354
2014-04-10,820.2008082515965,470.6087725226792,247.51612945295315,253.249095625658,862.223260526733,186.46039582934256,114.02847627674146
2014-04-11,803.171255975365,465.3154213596714,245.11258012758654,250.78987531429456,844.3212102712321,184.78068714886564,114.02865723827657
2014-04-14,804.1592441383106,465.80832424842606,246.92570930244713,252.6450001693932,845.3598173618939,186.23636849709175,114.02883820009886
2014-04-15,806.0449518114275,466.59761090547795,248.5869693421541,254.34473829791284,847.342138035024,187.51910440988908,114.02901916220834
2014-04-16,820.1575220504301,470.56327436306714,251.18738633219118,257.0053861208725,862.1777565853448,189.4839439920216,114.029200124605
2014-04-17,818.6486355505906,469.69505207131533,251.15771583266104,256.9750283935224,860.5915632719906,189.748592503808,114.02933585337526
2014-04-21,828.2788308057467,472.4574467188585,251.57403407805563,257.40098939805017,870.7151552861336,190.41029013887461,114.02951681627451
2014-04-22,844.4642851034654,477.4792813021716,252.39270243481857,258.23861974329566,887.7298607549492,191.27564724972376,114.02965254542173
2014-04-23,834.6757575261906,474.0869400540182,252.40662859018343,258.25286845613556,877.4398243656594,190.82770711862312,114.0297430361331
2014-04-24,833.0649770880046,474.9765802827428,252.79164428447498,258.6468018801774,875.7465166446322,191.21460094701942,114.02978828377779
2014-04-25,807.3870038409432,466.6805171341488,251.17673872839097,256.99449189737743,848.752949223021,189.64677231036683,114.02992401324813
2014-04-28,791.1504753658768,461.9739002571162,251.72844044274603,257.55897212145095,831.6845528247667,190.24740455382894,114.03005974288003
2014-04-29,806.6963572670893,466.891648595469,252.18235203910325,258.02339721376967,848.0269178234066,191.13305316554573,114.03015023391457
2014-04-30,817.5060854604799,469.87746671150126,253.06393041687778,258.9253947013189,859.3904753748569,191.70318134655585,114.03028596381574
2014-05-01,828.2243130606332,473.6046937523842,253.2721784563392,259.1384661798362,870.6578443599863,191.72356829192424,114.03042169387848
2014-05-02,821.2835425066033,471.55663328235477,252.79926473261568,258.65459883306335,863.3614679635511,191.44866904075317,114.03051218520024
2014-05-05,833.5570957436462,475.82254391789036,253.0777393744871,258.93952350187027,876.2638486779153,191.81517592378108,114.03064791553224
2014-05-06,809.2087652065903,468.1854417478343,251.24645278613784,257.06582067144916,850.6680473414175,190.14564162708822,114.03078364602582
2014-05-07,800.4947204773282,465.1708379416858,253.6342089609294,259.50888203143813,841.5075442265077,191.2654728659397,114.03091937668094
2014-05-08,796.3606788958645,463.99142243027325,253.3162635982253,259.1835724213487,837.1616977268915,191.06181339015717,114.03105510749766
2014-05-09,808.4673336390239,468.1898267621132,253.47044565500917,259.34132564142544,849.8886290121338,191.34688702511232,114.0311908384759
2014-05-12,836.2049048748837,478.4869078048333,255.5774752596148,261.49715824515243,879.0473165792146,193.20984914710317,114.0313265696157
2014-05-13,828.7849599334921,476.37562388150866,255.50720588315605,261.4252612900824,871.2472156089009,193.38294729373322,114.03146230091707
2014-05-14,821.5479875634938,474.16619675161553,254.4044197712118,260.29693245698525,863.6394616900731,192.46666099726332,114.03159803238002
2014-05-15,813.1724763391928,472.01225792986696,252.33573213618743,258.18032989916475,854.8348366229638,190.77677793300236,114.03173376400451
2014-05-16,819.6620521885072,474.0848823846547,253.43487243786376,259.30492847777236,861.6569016489168,191.4384946569691,114.03186949579056
2014-05-19,826.587673110121,476.57260639099474,253.95409092299613,259.8361730963859,868.9373522314216,192.1409089160721,114.03200522773817
2014-05-20,815.6651347332629,473.3715991155719,252.14429673126318,257.98446046926153,857.455204740494,190.92947004536381,114.03214095984733
2014-05-21,819.3495521749791,474.1281606918277,253.6248080952015,259.4992634229503,861.3283909014659,192.5379771282525,114.03232192719824
2014-05-22,825.5920562235136,476.56074488682054,254.28936653639693,260.17921436026967,867.8907255644276,193.00618967132064,114.03245765968437
2014-05-23,831.0452834942839,478.13942143614497,255.42022835258786,261.3362691868008,873.6233453698381,193.77990097251265,114.03263862753788
2014-05-27,846.5014722547257,483.4995267114704,256.7972635775515,262.7451992881944,890.0797615219454,194.971010164553,114.03281959567857
2014-05-28,842.1889903269016,481.8569286140984,256.7629216406207,262.7100619236559,885.466256251197,194.82845425817527,114.03300056410647
2014-05-29,847.8263019106428,483.90078638549477,257.93725300052364,263.9115931350462,891.9601555549069,195.83631000870167,114.03318153282157
2014-05-30,843.7839960159228,482.4174077139932,258.6708172579345,264.6621482006218,887.8889142535025,196.15190679500898,114.03336250182386
2014-06-02,843.1920996706017,482.24481878982516,258.9433136295276,264.94095613051104,887.3660240291366,196.37589594945945,114.03354347111333
2014-06-03,836.7553091165837,480.16115200982586,258.91129517694804,264.90819606684545,880.5920169628245,196.27403757821796,114.03372444069002
2014-06-04,851.1615503892438,484.509514630418,259.63730515740696,265.6510218833805,895.7529856724682,196.67114396819863,114.03390541055388
2014-06-05,854.1489839672931,485.71834895259303,261.4107983338739,267.4655926914773,898.896927672447,197.95380352539536,114.03408638070496
2014-06-06,859.3017134245753,487.54255374019215,262.6773140983823,268.76144348175245,904.3196030665741,198.90059388431726,114.03426735114321
2014-06-09,856.1203207407979,486.45952035120365,262.9087794224384,268.99827000338354,900.971540652586,199.10421518229947,114.03444832186868
2014-06-10,868.9069105697168,490.3508253307649,262.3672312135517,268.4441784601725,914.4280061268378,199.1245639498676,114.03462929288135
2014-06-11,870.2355632009181,490.8028454924902,261.15140648618126,267.2001928123425,915.8262654358676,198.43226680784818,114.0348102641812
2014-06-12,860.438055774549,487.7314934312338,259.51929034411125,265.530273612132,905.515477166232,197.02732375624123,114.03499123576826
2014-06-13,868.7783123086813,490.45221835299884,260.3530885377752,266.3833842314134,914.2926707416544,197.62801326640383,114.03517220764252
2014-06-16,863.1245382888247,486.1158544630996,260.5612389250515,266.5963557959263,909.4107431474661,197.79095611814998,114.03535317980398
2014-06-17,866.9148843093177,489.6506987733149,261.4263572743133,267.4815120079435,915.3000354034675,198.34065917599136,114.03553415225262
2014-06-18,868.6590932485201,492.2623639593746,263.50275286937324,269.60600105749455,922.1716507563015,199.79643596871824,114.03566988856228
2014-06-19,867.2473683408027,491.7770834811225,264.0956165714908,270.2125966628904,921.4616175629858,200.02046330096906,114.03576038404887
2014-06-20,868.9453175184735,493.67007942119295,264.6753474503052,270.8057552626566,924.6526071216329,200.4264842073234,114.03585087960727
2014-06-23,874.5148641623099,495.75038494980026,264.4285782194514,270.55327036528683,930.4042343710062,200.36511339331636,114.03598661629391
2014-06-24,916.7692988964841,508.138930175504,263.1517566875199,269.24687510550433,975.3591077627666,199.15806496964436,114.03612235314212
2014-06-25,918.5036467046756,508.9976474324595,264.0189381191428,270.13414218497576,977.2042960045455,200.05831658998176,114.03625809015192
2014-06-26,923.5194139254136,510.5583867173016,263.98939215675887,270.1039118793,982.540615891188,199.91503530539808,114.03643906403664
2014-06-27,926.0486303404991,511.4474436174161,264.64297523585947,270.7726332432945,985.2314719974369,200.30370440150907,114.0365748014234
2014-06-30,918.2033891230185,507.90392441592917,264.77918213948556,270.911994969892,976.8848492611867,200.2014260744641,114.03675577581075
2014-07-01,928.4543068984821,511.20092288184753,266.61066980769857,272.78590353758676,987.7908929378896,201.54140959883438,114.03684627215905
2014-07-02,930.731832470244,511.7116178501515,266.41772274765094,272.5884874396188,990.2139728907789,201.74598534182445,114.0369367685792
2014-07-03,934.2043213668155,513.0807351967951,268.0204000838024,274.22828597257563,993.9083850792687,202.7382645498222,114.0369820190784
2014-07-07,914.9254608114375,506.8100720989272,266.28623564970775,272.4539548387961,973.3974318300591,202.03243337759096,114.03716299411198
2014-07-08,883.169201927701,494.1458332124566,264.5585548335621,270.68625749646213,939.6116622062206,200.73337645515878,114.03729873236044
2014-07-09,884.4106943013214,494.73198442147014,265.5936951243099,271.74537369651347,940.9324971155988,201.6334562753948,114.03743447077046
2014-07-10,880.2097843285023,493.37910486354036,264.26424690491814,270.38513281045,936.463111188504,200.83561660440347,114.03752496765738
2014-07-11,886.4095498595733,496.13420341678864,264.647350457791,270.77710980407244,943.0590975331628,201.11181390078525,114.0376154646161
2014-07-14,898.77013192162,500.9834271217608,265.3025587678227,271.44749404257993,956.209632030749,202.12446096525122,114.03775120340313
2014-07-15,892.0501036274217,499.33149414920916,264.7639301068464,270.89638966981903,949.0601334501797,201.74598534182445,114.03784170054139
2014-07-16,896.4124497998695,501.2849542737187,265.53042529875614,271.6806384158771,953.7012728029399,202.49276220489395,114.03793219775145
2014-07-17,886.3249928863337,497.46471751792734,262.29853254553814,268.3738885942773,942.969136608344,200.1912135128797,114.03802269503335
2014-07-18,898.1709587731494,502.48822738667724,265.15886951112304,271.30047665672004,955.5721663257006,202.2370282094812,114.03811319238704
2014-07-21,899.4767944120777,502.2628682628999,264.38444995257566,270.50811999992214,956.9614566141114,201.85849531935398,114.03824893176652
2014-07-22,904.0996276668138,504.65726578127163,265.71512962801967,271.8696208650109,961.8797305180291,202.7382645498222,114.03838467130757
2014-07-23,892.8463859199289,501.23009635010243,265.9371435389476,272.0967770599752,949.907305347496,203.18830445994016,114.03852041101018
2014-07-24,914.4253499343808,507.89824900965357,266.6868052183788,272.8638023959027,972.8653593671008,203.1984979326244,114.03865615087439
2014-07-25,916.408134457549,507.7746390899287,265.5573241483223,271.70816029633403,974.9748616658044,202.2471835043651,114.03879189090013
2014-07-28,912.0211835585995,506.25867249716526,265.47198801445126,271.62084760776133,970.3075451230833,202.3290557971415,114.03897286880597
2014-07-29,907.4491328789085,504.9451540186083,263.799500960228,269.90962242472506,965.4432992577848,201.4596518394589,114.03906336691371
2014-07-30,912.5053002869627,508.21083897162265,263.5953899777861,269.7007838257012,970.8226012673038,201.49027043531186,114.03924434525038
2014-07-31,896.267789880199,503.0577721573761,258.68331324435434,264.67493361895066,953.5473678125043,197.51126555303932,114.03938008597628
2014-08-01,892.4977032884441,501.19665847346494,258.12972787367846,264.1085261093257,949.536338757813,196.90767453005276,114.03951582686372
2014-08-04,895.5023651275018,502.9480024611794,259.8173585159654,265.83524563606767,952.7330255295016,198.32951125829925,114.03969680591844
2014-08-05,910.4678758906335,510.75954709108606,257.7087126153441,263.67775929969304,968.6549671158004,196.40647636751208,114.03983254718288
2014-08-06,909.3489084002257,510.51269922192034,257.88378050619383,263.8568821113209,967.464487532362,196.46788535931944,114.03996828860889
2014-08-07,910.0909256742424,510.70916800374727,256.63584178148744,262.5800386420624,968.2539263881356,195.4040418646305,114.04010403019649
2014-08-08,923.5278493308739,515.8249489425982,260.04099576383516,266.0640627676881,982.5495903949736,197.66466395470664,114.04023977194565
2014-08-11,928.9901018939133,517.6738528215187,260.7451656993684,266.78454268039127,988.3609300555337,198.23750275953913,114.04042075214925
2014-08-12,915.3620679416002,512.4163697608626,260.30992138970424,266.3392172462779,973.8619420851812,197.96132455205748,114.04055649427539
2014-08-13,924.6562344314868,515.2019445975982,261.8578174339606,267.92296564359185,983.7500894586653,199.3012508097273,114.04073747498164
2014-08-14,927.7604048190358,515.2478055511756,263.1825677718154,269.27839983583164,987.0526442706422,200.2423144986019,114.0409184559751
2014-08-15,929.4815189116047,516.1580349314199,262.98449298400897,269.07573724172505,988.8837530432706,200.2014260744641,114.04105419869367
2014-08-18,928.1997055131764,516.9932086797745,265.42630827521,271.57410983484993,987.5200202327217,201.87899679812332,114.04118994157383
2014-08-19,931.4040443130215,518.2636539012539,266.8095298187819,272.98936954230345,990.9291451200281,202.9325322867271,114.04132568461556
2014-08-20,930.9782389773173,518.1926214596392,267.85464653010257,274.05869323668327,990.4761269912439,203.4747334068065,114.04150666654247
2014-08-21,930.5391717191061,517.8792514717677,268.5392897348139,274.75919414061445,990.0089993837508,204.06803551260805,114.04159716666098
2014-08-22,928.458553481282,517.2351178699765,267.9705451736818,274.17727632351284,987.7954109155482,203.75081616978736,114.04173291018742
2014-08-25,933.0889386119769,519.673958239622,269.22428782186233,275.46005814666336,992.7217193282634,204.78406015752353,114.0419138927606
2014-08-26,935.2549441823902,519.8980248177745,269.2843421038586,275.52150340535246,995.0261521480693,204.91695708042147,114.04204963666406
2014-08-27,940.5786305247893,522.9849272340922,269.3772796680197,275.61659358846725,1000.6900699594333,204.83514205434554,114.0422306197399
2014-08-28,943.1299682696126,524.3120273097643,269.160907000947,275.3952092997932,1003.4044611474756,204.72259389901572,114.04236636402034
2014-08-29,945.1974930704996,525.196059796843,270.14495410534727,276.4020488936133,1005.6041193902829,205.3056452654326,114.04250210846234
2014-09-02,951.3684863237294,526.8538675818236,270.0817914563809,276.33742327198837,1012.1694946496043,205.2034242050881,114.04263785306595
2014-09-03,947.0794056379581,525.1778852331881,270.160974599213,276.4184404540007,1007.6063031074881,205.0908760497583,114.04277359783113
2014-09-04,950.4268137893813,527.1258208764741,270.08256953078546,276.3382193681445,1011.1676407655226,204.7942345413076,114.04290934275788
2014-09-05,955.8342761560303,528.9211805990917,271.39329724722324,277.67930614714703,1016.9206886430464,205.71481584031295,114.04304508784621
2014-09-08,963.4270040607927,532.0453982251529,270.64218062835107,276.9107921724879,1024.9986601933465,205.18294181521887,114.04313558918555
2014-09-09,955.2035131383835,528.9859501423676,268.797309069652,275.02318971676635,1016.2496141918814,203.88382762608623,114.04322609059669
2014-09-10,961.8803282484458,530.9438371335532,269.1782538017521,275.41295788703013,1023.3531378769417,204.6510677901248,114.04331659207966
2014-09-11,959.8012706963182,529.7810227881472,269.6997412845054,275.94652405776515,1021.1412098362977,204.88622395116755,114.04340709363444
2014-09-12,949.6232726690635,525.576928158649,267.8011483762258,274.00395595908935,1010.3127461359713,203.68959806698163,114.04349759526107
2014-09-15,943.3098924751356,521.9849633698209,267.50376103978437,273.69968054006597,1003.5958841289992,203.53608513191338,114.04358809695951
2014-09-16,952.0085284022099,526.3468824751474,269.16238013463214,275.3967165541873,1012.8504411770992,205.07041274878924,114.04367859872974
2014-09-17,951.7609114533675,527.2389308683094,269.3205036693759,275.55850254469834,1012.5869992767425,205.34662913407118,114.04376910057181
2014-09-18,955.9875315315215,529.9871644264192,270.4581775231696,276.7225271891807,1017.083738416287,206.44112940241337,114.04385960248571
2014-09-19,946.9521477379047,526.5416282690625,269.9806122395113,276.2339005430874,1007.4709122823358,206.25503171477595,114.04395010447142
2014-09-22,928.6696010325072,519.0332362066629,267.45666118396406,273.6514897578437,988.0199463046661,204.66219661891674,114.04399535775353
2014-09-23,935.7947486066944,521.3729884825299,265.56527004491255,271.7162902357045,995.6004549331752,203.49061537173773,114.0440406110536
2014-09-24,951.490679120872,527.6185596779044,267.38056858377104,273.57363470158816,1012.2994966661854,205.08358408989804,114.04413111318296
2014-09-25,936.572825056239,521.4033263153592,263.56731082210206,269.6720543008911,996.4282574703159,201.77440871415925,114.0441763665369
2014-09-26,949.9495975148251,526.8796889109052,265.5964970123181,271.7482404818241,1010.6599260762093,203.37755181610368,114.04422161990883
2014-09-29,949.395068716428,526.5529396386203,265.02600379379726,271.16453350494896,1010.069957896991,203.00757075324705,114.04431212218181
2014-09-30,941.9449083930817,524.1679615238869,263.9700108163123,270.08408162843403,1002.1436652796277,202.4732915267331,114.04440262452661
2014-10-01,922.2815158024904,515.7197055623158,260.68790291445424,266.725953575412,981.2236049374743,199.72937666246423,114.04449312694325
2014-10-02,916.3751958542771,512.5870430494566,260.9944942534598,267.03964618001714,974.9398179893454,199.7601670584186,114.04453838044084
2014-10-03,923.4670047029487,515.469734694404,263.6751411198646,269.78238216295745,982.4848572477397,201.9594374233879,114.04458363395639
2014-10-06,915.8281038568329,512.8139772057111,263.2280837342402,269.32497003853456,974.3577618895897,201.72300230603457,114.04467413651668
2014-10-07,899.3272481311919,505.2549098768635,259.02647289307265,265.02604152810477,956.8023529800028,198.60914455670945,114.04476463914878
2014-10-08,913.2046080281581,509.79939648225445,263.5658397829858,269.6705491895823,971.5666010667353,202.08277080730684,114.0448098927541
2014-10-09,883.0126206149782,497.491193135301,258.03380745992877,264.0103839878943,939.4450739384268,198.0748271523952,114.04485514637739
2014-10-10,865.5479559215813,488.31496070496246,255.06859840831737,260.97649479319307,920.8642599940333,195.81391872881667,114.04490040001862
2014-10-13,858.830756542359,486.52405042999345,251.1816339984229,256.99950055160446,913.7177711215667,192.59724816324217,114.04494565367783
2014-10-14,872.0996778512349,491.9753549972753,252.75084877350594,258.60506146398023,927.8346959186533,192.89530225030452,114.0450361565254
2014-10-15,875.1728070564162,493.76819137343546,251.241027875882,257.0602701094736,931.1042257373473,191.5900605242213,114.04512665944479
2014-10-16,887.5740482941792,498.82172669919584,251.74392004142223,257.5748102584394,944.2980178978995,191.42572418276362,114.04526240717237
2014-10-17,893.3769890145994,499.3502605323171,254.73797479107336,260.63821327495685,950.471818755195,193.68661351744197,114.0453529102713
2014-10-20,912.1852536817437,505.4225869277244,257.1586140142205,263.1149193201462,970.4821008036815,195.56721378317854,114.04544341344206
2014-10-21,935.3251609699242,513.8531411235513,262.24363706840523,268.31772162864246,995.1008564202583,199.4415924036867,114.04553391668463
2014-10-22,924.9717906809065,508.84224543785353,260.31195539256504,266.3412983606951,984.0858125923406,198.02340165537032,114.04562441999903
2014-10-23,947.8361573869659,517.5973127288598,263.3819982228125,269.48244949298936,1008.4114181038108,200.32542756988852,114.04566967394553
2014-10-24,970.0390487486487,523.0937789606656,265.45505950634697,271.6035270017235,1032.033274043306,201.86691352432348,114.04571492790998
2014-10-27,969.1498850929677,521.895298136805,265.18529654596506,271.3275157942889,1031.0872848278032,201.58947544943143,114.04580543136802
2014-10-28,1015.278183242841,531.4244861969709,268.3433467123267,274.5587126877564,1080.1635963712108,203.9016757477337,114.0458959348979
2014-10-29,971.5932163068402,525.8288000192883,267.70253267656983,273.9030561235628,1033.6867668955383,203.59339001018677,114.04603168354116
2014-10-30,995.544310338553,530.0526830016934,269.92523520970025,276.17724087105427,1059.1685513890125,204.89853629176923,114.04607693764927
2014-10-31,1008.7817965064099,534.5892195122583,273.1004056797233,279.42595460848963,1073.2520320566618,207.24167969722714,114.04612219177531
2014-11-03,976.4033423335392,531.1612372360341,273.3104369514944,279.6408506225276,1038.80430326513,207.35468598616075,114.04621269555656
2014-11-04,971.193615738731,526.4525364031352,272.68480510739346,279.0007278997643,1033.261628254834,206.63537805041815,114.04634844457686
2014-11-05,952.6420784537862,522.9697638206517,274.63676653734024,280.9979006412858,1013.5244807787443,207.94048615420033,114.04648419375874
2014-11-06,999.86116927658,530.5874325771078,275.30361423140647,281.68019385512827,1063.7612964637005,208.77291491227746,114.04661994310221
2014-11-07,973.7511953625772,529.4377319385814,275.51581904617086,281.89731375573933,1035.9826602341439,208.96819436089075,114.04675569260726
2014-11-10,970.5194564568586,528.9400584353136,276.6621441826953,283.07019006387895,1032.5443841276053,209.6259405936247,114.04684619689122
2014-11-11,971.5592267698513,528.9364210059123,276.8085126889804,283.219948756077,1033.6506051212398,209.83150895942302,114.046936701247
2014-11-12,976.6838797500321,529.6281390340112,276.6391457232214,283.04665891431154,1039.1027695472949,209.60534367035453,114.04702720567462
2014-11-13,974.6857195730644,527.9709150561154,276.3651262604847,282.7662926154555,1036.9769089521371,209.8417024321072,114.04711771017405
2014-11-14,988.2570279125072,532.2525532327577,275.93279179531373,282.32394442362516,1051.4155460324425,209.89312792913205,114.0472082147453
2014-11-17,971.4890082303117,526.7365759433231,276.55334365608553,282.9588695005348,1033.5758989850765,210.02669296353554,114.04734396495058
2014-11-18,980.2643157069231,529.2340190461925,277.91968670880385,284.3568597776938,1042.912027584752,211.23935352385394,114.04743446970139
2014-11-19,962.6741424707852,524.3224822412682,277.64582165700904,284.0766514662445,1024.1976839721945,210.90022012365216,114.04747972436611
2014-11-20,989.1145317601649,529.2220703248863,278.27798864994554,284.72346070489675,1052.3278520932604,211.27023936430908,114.04757022922465
2014-11-21,1006.8288657259467,531.9170022335134,280.0492716474148,286.53577014185186,1071.1742914234974,212.40060767604763,114.04761548394325
2014-11-24,988.3155294505145,528.853903701267,280.7763057444593,287.27964379554913,1051.4694749362125,212.9966967612722,114.04770598890953
2014-11-25,995.1271393272956,528.54169596582,280.6059979508929,287.1053913345316,1058.620270118818,212.84257298139892,114.04779649394763
2014-11-26,969.9935641234142,522.9083052709325,281.2682046054783,287.7829360131823,1032.2202252597863,213.38719839179836,114.04788699905754
2014-11-28,930.637764040972,509.5028149293089,281.5735490218143,288.09535281390737,990.0711385606526,212.9350396137628,114.04797750423928
2014-12-01,924.4643221323505,506.1176761435919,279.50154640398745,285.97535849168474,982.937392468736,211.45521080683721,114.04811325536025
2014-12-02,922.1700094014069,505.34064318510826,281.2335558804132,287.7474847546856,980.4979627154496,212.8220142359291,114.04824900664278
2014-12-03,938.0703530888195,509.90647386322934,282.74810500514417,289.2971138514498,997.4040152144929,213.64415407682117,114.04829426163074
2014-12-04,927.3935971842955,506.87719571435474,282.3802970660733,288.9207867484871,986.051946391965,213.4076998705677,114.04838476713566
2014-12-05,914.5329256750505,503.14474028772497,282.93968604724915,289.4931322917807,972.3778276444334,213.75714127685464,114.0484752727124
2014-12-08,868.4063544127868,489.8083414414919,281.7884467957289,288.31522804796197,923.3337157251399,212.32866161135325,114.04861102442584
2014-12-09,890.2220682687115,496.1725033626344,281.8609848376922,288.38944621534506,946.5292900474952,212.1848840153654,114.0487920179145
2014-12-10,857.3154337769828,486.9243724323943,277.52701411182267,283.95509210185617,911.5412859375964,208.78324200726274,114.04892777000498
2014-12-11,850.96038007641,485.0919269785173,279.0750166970241,285.53894950781506,904.7842702649618,209.8417024321072,114.04906352225704
2014-12-12,833.1784407489629,480.07172390261053,274.76775052585003,281.1319184796569,885.8776097729241,206.4503684300897,114.04915402837243
2014-12-15,825.670828960506,478.17929259214026,273.3257694124924,279.65653821383574,877.8951358381894,205.0321967706735,114.04933502272281
2014-12-16,826.2404846301712,478.5678246290545,271.43628407100107,277.7232886313209,878.5008226615103,203.38789799998912,114.04947077545962
2014-12-17,875.3439940228471,491.74461064778194,276.8708166142682,283.28369576427195,930.7101663084044,207.3752447316306,114.049606528358
2014-12-18,895.0796341058915,497.0623585045797,282.90364481419647,289.45625627203924,951.6941006123091,212.5033823144967,114.04978752342652
2014-12-19,947.8781156517553,510.626147029533,284.00538768182474,290.5835176972063,1007.8321262067354,213.40754715936646,114.04996851878226
2014-12-22,925.4843242142324,505.5227429459317,285.6081019673012,292.2233540353079,984.0219104568023,214.38927020557696,114.05019475207318
2014-12-23,920.9952709374456,504.696640397796,286.6981498834226,293.3386496306149,979.248921151644,214.67858157636712,114.0503305058333
2014-12-24,917.2549082582024,503.888492311483,286.7808247441906,293.4232394057003,975.2719776928176,214.69931212193836,114.0503757616472
2014-12-26,923.9054146397424,505.3497625231083,287.5134800372414,294.1728644534925,982.3431336528326,215.39159017505762,114.05042101747907
2014-12-29,916.6870567238487,504.9327222339242,288.16355233617054,294.8379937206591,974.6682091177371,215.6810160792487,114.05055677150852
2014-12-30,935.0606474795592,506.31737857224164,286.8183408889535,293.4616244990414,994.2039434401267,214.52365606268717,114.05069252569959
2014-12-31,931.022984691867,505.3415538933913,283.7646769001105,290.33723157471627,989.9108954152467,212.39493827270078,114.05087352249157
2015-01-02,927.3108048188241,504.8026736193824,283.7344918358012,290.30634736424236,985.9639173465125,212.28124478336153,114.05096403004332
2015-01-05,904.4387172469948,498.1498385883699,279.08915276491865,285.5534129951746,961.6451528685989,208.44746825348875,114.05109978471914
2015-01-06,895.643598728263,496.36984910122703,276.84297500043067,283.25520928324556,952.293736425274,206.484174872269,114.05123553955654
2015-01-07,884.508189764098,495.6021339811649,280.32368575781624,286.81654022919497,940.4540043888195,209.05716772452578,114.05137129455554
2015-01-08,898.2416745857543,498.6644970887352,285.02879882177115,291.6306330759783,955.0561425535145,212.7669427589741,114.05150704971611
2015-01-09,894.7883538007648,498.218811070847,282.6212762092661,289.1673474482388,951.3843966067093,211.06184584128744,114.0515975577706
2015-01-12,871.2674602021823,492.8188997205798,280.56854319090155,287.06706904775365,926.3757886282012,209.408460754128,114.0517333132005
2015-01-13,861.5227456782859,491.7573032179789,279.85352172866794,286.33548626539607,916.0147135113405,208.81949182866225,114.05186906879197
2015-01-14,847.7270311408172,490.1812748765659,278.468678640178,284.91856745481726,901.3464095540558,207.55878450664687,114.0520500674511
2015-01-15,836.714492759295,489.3504070698183,276.6019651252918,283.0086171397329,889.6373197578943,205.6574727842392,114.05218582341962
2015-01-16,869.8664674071914,497.39594289774584,279.9346599473634,286.41850380672037,924.8861819751296,208.35444804302026,114.05232157954971
2015-01-20,870.2660674654137,496.54435344085937,279.8029274636112,286.28372013646634,925.3110570404574,208.7988376386916,114.0524573358414
2015-01-21,894.7587322132146,502.5874550019377,281.2797951573527,287.79479502530455,951.3529014312543,209.85286943869949,114.05259309229469
2015-01-22,902.2121480777492,504.05389979584294,285.59841998703587,292.2134478011099,959.2777515087265,212.9735801031812,114.05272884890957
2015-01-23,882.1177548061926,500.64556426646305,284.04727051406365,290.6263706191954,937.9123726047286,211.80591208053454,114.05281935793366
2015-01-26,903.4581440851513,506.1771467371236,284.89078729557446,291.48942492816013,960.6025577097025,212.30189897333216,114.05295511481785
2015-01-27,918.2232434695004,508.03515826697736,282.45372874556404,288.9959192518193,976.3015608415034,209.50155732019712,114.0530456240215
2015-01-28,873.310124537698,499.3294998410944,279.0298596724323,285.4927465566593,928.5476530339678,206.81481371190057,114.05313613329699
2015-01-29,867.1640925249759,498.02877244368943,281.6385256865999,288.16183446756605,922.0128798296543,208.72647161819376,114.05327189055824
2015-01-30,912.2023836562614,503.33564236944545,277.284857527113,283.7073266886951,969.8998770733357,206.10178602430992,114.05336240001326
2015-02-02,945.3002751152209,510.8540005172579,280.2827280817339,286.7746338918199,1005.0912352988672,208.6541437754962,114.05345290954011
2015-02-03,966.9815683163833,518.7230581340432,284.4977277371679,291.08726132810193,1028.1438867579786,211.67150713452415,114.05354341913879
2015-02-04,944.8973591767997,513.6212938824359,283.5568947937681,290.1246368212569,1004.6628346214001,210.86549741426532,114.05358867622759
2015-02-05,954.6765621943642,517.1956693818938,286.54042218610897,293.17726864591674,1015.060579655341,212.99419611535154,114.05367918593402
2015-02-06,960.4608686744467,516.9656079612836,285.0807419580389,291.68377931866195,1021.210747912411,212.40520810098565,114.05376969571226
2015-02-09,974.6805388416929,521.7511502684747,283.68754518347293,290.2583133340112,1036.1782751203523,211.45459996203218,114.05381495289085
2015-02-10,947.9641623626242,515.0957193776342,286.76292292676516,293.4049229465541,1009.1246929873054,213.70722380294222,114.0538602100874
2015-02-11,949.5886103208031,513.8582947880451,286.57230176298987,293.2098866172454,1010.9261529667414,213.83124438726685,114.05390546730192
2015-02-12,961.9026172464384,517.0267930151119,289.43433602230505,296.1382112861192,1025.251372384606,215.88761524565552,114.05399597725973
2015-02-13,971.0428183028397,520.7961884389811,289.7476974130817,296.4588307503682,1035.50202621557,216.77631808139756,114.0540412345281
2015-02-17,982.7412311255055,521.772022231182,290.0951625406277,296.8143438618048,1047.6624408805963,217.1173603716151,114.05413174459366
2015-02-18,975.283436955802,519.6610451631796,290.78931437376764,297.5245736329231,1039.7119747803104,217.13803365048588,114.05422225473104
2015-02-19,975.858344988207,519.8985213793596,290.1599417373965,296.8806234736965,1040.3248620118977,216.98295542560467,114.05431276494025
2015-02-20,985.0100051982668,522.719673446687,292.0219046160889,298.7857131183975,1050.0810932252766,218.28502839426176,114.05440327522129
2015-02-23,981.0234248772445,521.996301085796,292.08027240571107,298.8454328221931,1045.8311540372104,218.25402802040563,114.05449378557417
2015-02-24,1000.1532693977291,527.5141870079659,292.54906136455406,299.32507986632123,1066.224741859962,218.87399731972752,114.05458429599888
2015-02-25,1006.92175567209,528.785190014768,292.34400240056095,299.1152713286075,1073.4403634566488,218.68801416549104,114.0546748064954
2015-02-26,1000.9637406201052,526.9627326913836,291.7833820422644,298.5416658870477,1067.0887539032194,218.429703168557,114.05481056558814
2015-02-27,996.495453006697,524.9402221581813,291.349589086031,298.09782542259916,1062.325285190038,217.6856751071102,114.05490107626422
2015-03-02,998.8079110780724,525.7114655613243,293.0723815165435,299.86052115455976,1064.790507357135,219.0599422961637,114.05499158701211
2015-03-03,987.924336310295,522.1502692413333,291.65616627419126,298.4115035485973,1053.187948976983,218.16096963213684,114.05508209783187
2015-03-04,983.2337594049105,520.9715781878256,290.0300902108818,296.74776432739304,1048.1875062417116,217.24130460033905,114.05512735553123
2015-03-05,983.3342969039762,521.3953872179536,290.96858700518044,297.7079985752741,1048.2946853834178,217.47896140730245,114.0552178664587
2015-03-06,967.6677906215435,516.975427699452,286.406808904652,293.0405606149392,1031.5932285888075,214.4202514905329,114.05526312421192
2015-03-09,958.8262343284587,514.2162678826066,287.8510883701144,294.5182924672738,1022.4885806637736,215.3089734151751,114.05535363524713
2015-03-10,937.4896902932032,507.1868512765362,283.54622554324914,290.11372044966146,997.6455894712024,211.81623917551983,114.05544414635418
2015-03-11,936.5910882248697,506.8647411577066,283.3556111789756,289.9186910773447,996.389673360266,211.32019501602178,114.05557990636268
2015-03-12,939.9390067344996,508.0460948688059,287.5914996902161,294.25269119690705,1001.5726773641438,214.00695771321847,114.05571566653275
2015-03-13,931.0930378368577,506.28489510225165,285.77327717208357,292.39235502656965,991.3544868476007,212.6945958273764,114.05585142686441
2015-03-16,943.6650574533389,511.80414002891365,289.8276394842115,296.5406244389688,1005.2321007599367,215.53626494935284,114.05607767182487
2015-03-17,952.6904565240372,512.2958851399918,288.71828479434294,295.40557488660914,1014.8463391980106,214.89558419335987,114.05630391723409
2015-03-18,949.6778878364167,513.9734754078426,292.31485353644524,299.0854473187862,1011.637223075058,217.47896140730245,114.05643967826597
2015-03-19,953.6524523668315,515.6957332500504,290.9687048829978,297.7081191833763,1015.871098029904,216.4869685328071,114.05657543945944
2015-03-20,977.5015517885698,521.5962985893673,293.8330787983835,300.63883769941117,1041.2761717089531,218.39790106089424,114.05662069775134
2015-03-23,985.5676069079103,521.9021190712651,293.4094443777102,300.205391062424,1049.868476222529,217.97233312077844,114.05675645916027
2015-03-24,1003.2634396878565,522.5431607221917,291.91087448430545,298.67211130778634,1068.7188289187359,216.7474938421594,114.05684697138058
2015-03-25,970.2140554907427,510.3565605443938,287.7004077636187,294.3641217980424,1033.5132211208338,213.5713490116197,114.05702797793955
2015-03-26,964.6735979856462,508.0207085697735,287.0044537711231,293.65204812597045,1027.6112904590696,213.06276344471803,114.05716373983329
2015-03-27,954.1799056862475,510.27248675867617,288.22920436778196,294.9051663839855,1016.4329637089828,213.55059937714827,114.05734474689497
2015-03-30,964.2179360425113,513.934702068871,291.7043671221099,298.4608208240845,1027.1259000032976,216.15589064847188,114.05752575424393
2015-03-31,952.0920438509066,509.44962454221934,289.9100125003788,296.62490537813215,1014.2088846014022,214.2667194665645,114.05766151673015
2015-04-01,938.1312460928551,504.67983884665466,288.7113029953972,295.3984313753052,999.3372498537051,213.50904284150496,114.05779727937795
2015-04-02,937.7081232368711,504.3759135494706,289.78409665233465,296.49607306844575,998.886521415642,214.2771420060506,114.05788779242421
2015-04-06,945.8379490341346,507.5472866138539,291.3754534851352,298.12428889266334,1007.5467571639596,215.71993834667026,114.05802355534136
2015-04-07,947.3108457694763,507.9735465909685,290.35295875425845,297.0781111488171,1009.1157493267785,215.14902752075372,114.05811406856719
2015-04-08,955.6078855520099,510.65360150665646,291.4235400012135,298.1734891881572,1017.9541085145112,215.87564650525667,114.05824983175366
2015-04-09,955.5923967062207,510.7815969600615,291.99687861732156,298.7601074676912,1017.9376091380979,216.83049238004511,114.05838559510175
2015-04-10,961.783019421488,512.8175279113739,293.038637586126,299.8259956475555,1024.5321233970808,218.01379421192095,114.05847610861487
2015-04-13,960.2402393208597,511.6555406109149,291.71622357857433,298.4729518996778,1022.8886885053084,217.02769980757432,114.0586118722323
2015-04-14,955.9917139812707,509.90585120009143,291.99177379154395,298.7548844039891,1018.3629788602228,217.4429215638047,114.05870238592499
2015-04-15,990.2666172186944,516.6341353560346,292.9038791112661,299.6881158982178,1054.8740615929883,218.41857433976503,114.05879289968951
2015-04-16,980.5073329107146,515.5216212921334,292.6399936250869,299.418118298985,1044.4780574288634,218.3563254363508,114.05888341352585
2015-04-17,980.0947414711125,512.8423767997797,289.3471507205654,296.0490065992726,1044.0385475028459,215.84451250909945,114.05892867273359
2015-04-20,985.1382589323721,514.8899279608754,291.69248327517266,298.4486617236012,1049.4111165227093,217.81652951769127,114.0590644368897
2015-04-21,990.9038896770177,516.9860768714788,291.50694467134707,298.2588256764456,1055.552911283328,217.55709227564793,114.0592002012074
2015-04-22,999.4237123871071,519.5813825256339,292.47900444488533,299.2534002889641,1064.6285883080534,218.62620430678038,114.05933596568671
2015-04-23,999.9222834232868,519.9151137936415,293.1554527083144,299.94551644046334,1065.159687352273,219.1763464093254,114.05947173032763
2015-04-24,994.5402401641902,518.3467837281942,292.9789929438123,299.76496951661915,1059.4265062738905,219.68489379842674,114.05960749513012
2015-04-27,992.572439217912,516.8417678888245,291.5207756803275,298.27297703912103,1057.3303211248474,218.77154719258112,114.05969800961293
2015-04-28,981.418978568826,510.5700107932305,292.19454816143093,298.9623554318505,1045.449181105441,219.46689855862581,114.05978852416754
2015-04-29,979.5190778224085,509.3502365568942,290.67004885820285,297.4025456906521,1043.4253261333067,218.56395540336612,114.05983378373443
2015-04-30,969.9520094847805,505.15165558490816,288.06672791094826,294.7389266490459,1033.234078585049,216.37384771047255,114.0598790433193
2015-05-01,985.5472344350785,512.0602195890642,291.1981995679496,297.94292942197904,1049.8467745991609,218.71966356195253,114.05992430292211
2015-05-04,987.3674507308552,513.0310358836789,292.33607814833164,299.10716353492586,1051.7857463099278,219.34241984069743,114.06001481765631
2015-05-05,968.1218285307846,505.21073293174095,289.0118323171344,295.7059215542573,1031.2844920971052,216.83049238004511,114.06006007731297
2015-05-06,967.5959425690917,505.3431664534222,288.26891962083255,294.94580152133994,1030.724296034045,215.93787631977074,114.06015059215493
2015-05-07,978.4814425026676,509.53946798772563,289.68734721778407,296.39708272443744,1042.3199929178322,216.79937747278805,114.06019585186549
2015-05-08,975.828088317691,508.1367046472366,293.079355498723,299.8676566680469,1039.4935273404988,219.65374071336936,114.060241111594
2015-05-11,976.9715474983701,508.8385266531634,292.206865463722,298.9749580273769,1040.7115886274446,218.60541649450863,114.06033162657963
2015-05-12,976.2559816305243,506.9859003637787,291.1984527010645,297.9431884181611,1039.9493374718195,217.95154530850672,114.06046739240566
2015-05-13,981.8559251084678,508.24802239404,291.1582256182981,297.90202959609616,1045.9146351184884,217.99302548854936,114.06055790757084
2015-05-14,985.889763978768,512.2741456101321,294.06378630653546,300.8748888526138,1050.2116516178194,220.26620807492927,114.06060316744302
2015-05-15,987.2161558228202,512.6507889282011,294.4568025302644,301.277008114278,1051.624580547736,220.50493386030152,114.06069368271596
2015-05-18,997.5675748892838,516.7623342236122,295.48188170623104,302.3258301641057,1062.6513518071374,221.19003448696145,114.0607841980607
2015-05-19,1000.77364528223,518.5985390208008,295.63585964304116,302.4833745363839,1066.066594165462,221.11728668846044,114.0608747134773
2015-05-20,1001.8652372526946,519.9470857432095,295.4090423802218,302.2513037343389,1067.2294042970611,220.9616167076744,114.06096522896574
2015-05-21,1003.0234133631898,520.7926511382375,295.6841972693187,302.53283175828886,1068.463142682739,221.6051417097909,114.06105574452599
2015-05-22,1001.4297385869554,520.0842837403738,295.1788125007833,302.0157412726817,1066.7654926207927,221.07580650841777,114.06114626015804
2015-05-26,978.1160533423835,513.6256867894452,291.89336582236865,298.65419711039345,1041.9307648646302,218.69883757188043,114.06123677586196
2015-05-27,983.8522091727212,515.2342259509328,294.04152631349086,300.8521132738282,1048.041161694601,220.7748127307311,114.06128203600353
2015-05-28,983.1107726365833,515.6105300871079,293.7898935877929,300.5946522333954,1047.2513520042712,220.5257025836731,114.06132729616306
2015-05-29,974.148065156192,511.6981981880602,291.81227020706115,298.57122315923635,1037.7038953109775,219.15561586375412,114.06137255634056
2015-06-01,986.487600365865,512.473858759141,292.1855760214509,298.9531754792528,1050.848492330068,219.60181890494042,114.06146307222404
2015-06-02,980.0973401733925,513.8326881323337,292.8896705901691,299.67357827949405,1044.0413157508933,219.3839381985404,114.06150833245539
2015-06-03,978.7940973255144,513.2627860911575,293.8857527605694,300.69273169539537,1042.65304611494,219.96513794164198,114.06159884844664
2015-06-04,984.8199229267804,510.46642244133477,291.1821023423095,297.92645935255655,1049.0720114884386,218.10725346709305,114.0616893645097
2015-06-05,982.9285476399101,509.7093523783359,291.37050261331666,298.1192233488008,1047.0572381979268,217.7336073354062,114.06182513195186
2015-06-08,954.761518479003,502.0074499183797,289.1981157021799,295.896519633249,1017.0525223594528,216.39455916714363,114.06191564819451
2015-06-09,956.4815878933747,502.84141125775005,288.8636775174831,295.5543351945852,1018.8848133584733,216.36346334878675,114.06200616450897
2015-06-10,967.8291097386972,507.9600513623951,291.82379583225537,298.5830157408503,1030.9726756067334,218.95829390282393,114.06209668089528
2015-06-11,968.0670651827458,508.534612882065,292.939357823893,299.72441636844155,1031.2261558527373,219.6641632528555,114.06214194137804
2015-06-12,965.5385561764725,507.5824943725113,290.8161221040884,297.5520022836341,1028.5326806624767,217.98260294906328,114.06223245787211
2015-06-15,955.6013636485781,502.5184168716269,289.88142541209726,296.5956561559934,1017.9471611059626,217.0485257976464,114.062322974438
2015-06-16,962.79926435503,505.88335984924515,291.3249885819403,298.07265512187615,1025.614670664634,218.23180854062207,114.06236823501058
2015-06-17,963.4276757236249,506.51232844794305,292.4927989723486,299.26751432514044,1026.2840811458263,218.58468594893736,114.06241349560112
2015-06-18,969.4720381422826,511.48819410570593,295.6014831397824,302.448201804895,1032.72279272455,220.85788762421745,114.06245875620962
2015-06-19,970.7695740513387,512.966218130859,294.3361266974591,301.1535371890145,1034.104983086872,219.87738626761703,114.06250401683609
2015-06-22,981.0072826227383,516.3584481125697,295.86457821011754,302.7173906806802,1045.0106250971514,221.0038604437234,114.06254927748049
2015-06-23,975.877224361046,513.8078675066449,295.9583831669111,302.81336834696646,1039.545869140903,221.16029398051577,114.06259453814286
2015-06-24,969.0181604377163,511.5564139016447,293.6943198972161,300.4968648659335,1032.2393029154853,219.55409665454619,114.06263979882318
2015-06-25,966.8501539214383,511.4152538861318,291.9282529947395,298.6898923391122,1029.9298502896768,218.88661508273177,114.06268505952147
2015-06-26,960.8817402978195,509.4319456461214,292.2652539210857,299.03469887762276,1023.5720425933046,218.84488674698704,114.06273032023772
2015-06-29,935.2409877639095,497.77674522388236,285.34125001058135,291.95032125617485,996.2584239198668,214.2555333710721,114.06282083719869
2015-06-30,938.1936969818837,498.5530478530391,285.6094038547848,292.2246860770983,999.4037751932597,214.7040652580776,114.06286609796882
2015-07-01,939.2793518940945,499.3160560431903,287.3515331425118,294.0071665463708,1000.560260918234,216.42498687399504,114.06291135875692
2015-07-02,935.5659973141592,497.7757821031326,287.7243111454458,294.38857882976765,996.6046378973623,216.22680591255775,114.06295661956298
2015-07-06,931.4534957369597,492.47984026367527,286.3518481672116,292.9843268774366,992.2238265414948,215.61141794927372,114.06304713670355
2015-07-07,942.3029978903622,495.5991900519109,288.00740525496195,294.67822996228216,1003.7811770608589,216.96741706087633,114.06313765391593
2015-07-08,901.1246868765065,484.966207543535,282.68635755815757,289.23393621069926,959.9162911468748,213.32727833420333,114.06322817120015
2015-07-09,898.9131186002951,484.32932468089916,283.5731074615078,290.14122500664917,957.5604346841274,213.71312227309093,114.06336394047395
2015-07-10,899.4799316285292,488.2961777104942,286.621837623486,293.26056982686003,958.1642279968179,216.40414179502284,114.06340920145959
2015-07-13,927.3940556149705,494.4358461243935,289.74296394761575,296.4539876484222,987.8995385014688,218.79269769395586,114.06349971895929
2015-07-14,945.0053342244851,499.55099974206615,290.89858322802087,297.6363733713119,1006.6598205039484,219.74179780979685,114.0635449799988
2015-07-15,930.0566968613459,495.0172822683053,289.96598770302006,296.682177077871,990.7358970510658,219.66882094449397,114.06363549760628
2015-07-16,937.403524056948,497.5047204454472,291.2567742510983,298.0028608113673,998.5620494315365,221.43145180725594,114.06372601528558
2015-07-17,925.6009248118177,494.1460562620918,289.8819485247376,296.596191384962,985.9894194078836,221.61922931810727,114.06386178515196
2015-07-20,898.8568798668557,488.40512403919536,289.65626124573777,296.3652767394098,957.5005267965644,221.73391543025477,114.06404280284336
2015-07-21,905.4658971486444,491.554085516062,288.3537877447643,295.032635359929,964.5407327188441,220.85790671311761,114.06417857308682
2015-07-22,906.4145444633233,497.3841665942852,288.8328914447327,295.5228360551158,965.5512721316186,220.46150661244272,114.06435959128093
2015-07-23,911.8326879525165,499.4847245508526,287.34629996065274,294.0018121536023,971.3229087084343,219.22032723528875,114.06449536190145
2015-07-24,890.9116021857965,490.94509942896036,284.6641438386818,291.25753195773353,949.0368795401891,216.94651471520365,114.06467638059831
2015-07-27,875.9841986901026,484.5972433874392,283.11094765951856,289.6683606638392,933.1355753048042,215.68449025907742,114.06490264306424
2015-07-28,911.9772227028697,493.98778947979997,286.4631419987627,293.098198495626,971.47687326353,218.33368600076372,114.06512890597895
2015-07-29,916.4936597069128,495.142293317735,289.04308439794124,295.73789749545364,976.2879737929663,219.83571519857276,114.06540040849983
2015-07-30,894.2447119712102,488.8840869310146,289.20897337709295,295.9076287935203,952.5874496552859,219.8878278960033,114.06571714642885
2015-07-31,877.3332867369304,484.6327561585373,289.22359650970395,295.9225906269861,934.572681193924,219.55409665454619,114.0660791156228
2015-08-03,866.5696723080677,479.904757801569,288.5370095483675,295.2201009451574,923.1068219267654,218.81352368402793,114.06644108596542
2015-08-04,855.3177483321896,474.7028261511728,288.08475209375064,294.75736830779437,911.1207945894944,218.3858750537949,114.06680305745667
2015-08-05,854.3941057721588,474.7555026744761,289.37069440594865,296.0730956032675,910.1368913034318,219.10560294534096,114.06716503009659
2015-08-06,843.4569430157783,468.9116667107984,287.8418527919698,294.5088429747585,898.4861609864479,217.3115899307197,114.06734605303019
2015-08-07,845.0374158431902,469.66844841449546,287.55450842050516,294.2148431357686,900.169747771764,216.8943256621725,114.06761756082841
2015-08-10,861.1630128077963,476.5656290536978,290.8659078185383,297.60294113431377,917.3474185827246,219.62709260874922,114.06816041560441
2015-08-11,838.7815887121432,470.0718750173131,288.7088202958222,295.3958911714665,893.5057749995774,217.64534026107697,114.06861284175693
2015-08-12,852.094729251929,475.58157677726217,289.042448165047,295.7372465261393,907.6874977695584,217.90607554833105,114.06906526970388
2015-08-13,854.2461913761931,478.61665591447996,289.08552474411744,295.78132084451335,909.9793266062812,217.63487954379056,114.06951769944529
2015-08-14,858.2547394675541,480.3712923474015,290.6309967873165,297.3625890960816,914.2494022936766,218.42764156733998,114.06992490809066
2015-08-17,866.1750433781197,482.9538914163846,291.97654263791384,298.7393004665274,922.6864464289774,219.64789950992113,114.07037734124162
2015-08-18,855.4098340004509,480.0175893824846,291.4243301238205,298.1742976115764,911.2188881546059,219.0117046454652,114.07069409299065
2015-08-19,849.2745214263579,478.36291585227394,289.49731678342863,296.2026508070168,904.6832926072635,217.28034140116154,114.07092036739348
2015-08-20,828.0665388742967,470.3528991392936,284.3082200298336,290.8933642451009,882.0916487975184,212.74319616717793,114.07101089085387
2015-08-21,815.5873056572123,461.63245652860064,276.5716029908783,282.97755175785966,868.7982395273514,206.33909923107046,114.07114666939141
2015-08-24,794.3289553626043,454.88966825657724,265.3664141169685,271.5128284087022,846.1529418589081,197.6508626798926,114.071418186236
2015-08-25,803.244394421757,454.8452863277565,261.1940174997595,267.24379078180016,855.6500462222031,195.324822928976,114.07173494087527
2015-08-26,840.4181026421961,468.2176978704266,269.36271057897767,275.60168705032913,895.2490591477365,202.82416460053184,114.07200645912008
2015-08-27,895.6575580075217,484.1234979107942,275.61673030715514,282.0005623223624,954.0924732628839,207.84107116217902,114.07227797801117
2015-08-28,887.3606652143883,482.4336293682402,275.7276435446507,282.1140445311819,945.2542706545036,207.85143643496463,114.07254949754855
2015-08-31,885.3603202584811,479.2135397001468,273.4069030440312,279.73955106175555,942.8070856664344,206.17220497699168,114.07291148842388
2015-09-01,853.8999753894979,468.7103662297049,265.88555714881693,272.04399582638325,905.8454538785062,200.01842078865218,114.07304726922371
2015-09-02,861.1263619420664,472.3836696172082,269.8442243982489,276.094353687979,915.6718465439037,203.81505031881804,114.07318305018515
2015-09-03,860.6993086851277,471.63758831834576,271.00950640388845,277.286625944051,915.2987948889036,203.9609849605237,114.07327357544112
2015-09-04,844.2707970381593,465.12098367122127,266.8051865469073,272.9849256716092,896.068285674696,200.8736798713179,114.07336410076893
2015-09-08,854.2307303047335,469.75142124316204,273.3360956274515,279.66710360448513,908.5895497294135,205.92191131812388,114.07363562289153
2015-09-09,850.224705635603,467.93690195526096,269.8589352104836,276.1094052319032,904.3286023984367,203.16837564817553,114.0737714045533
2015-09-10,838.2880617483321,465.39434382816955,270.60892641944656,276.8767677299226,891.6323723167271,204.27387112300858,114.07386193027618
2015-09-11,848.2235447486814,467.1690508585481,272.09781335498167,278.40014025011544,902.2000979971311,205.20227887107865,114.07404296383766
2015-09-14,843.3340241973972,466.38250088239795,271.0737343143338,277.3523415007307,896.9994336818827,204.44074628818726,114.07435972576542
2015-09-15,836.4956174207686,466.27362504844643,274.2644437403729,280.6169541073299,889.7258661156268,206.99615826339874,114.07467648857276
2015-09-16,871.7619100213999,473.6879175578032,276.97490363778525,283.3901936504111,927.2363229253494,208.79017127802,114.07494801381918
2015-09-17,846.0176661823706,468.2074746572399,276.5682038730092,282.9740739096555,899.8538487435982,208.32075613424195,114.07499327940144
2015-09-18,828.3549007931556,462.27658665543305,272.3452568732039,278.65331505269006,881.0671164444241,204.916537124618,114.0749480092924
2015-09-21,823.3299721062253,461.07529149755493,273.5298409754069,279.8653364802972,875.7224273210861,205.9754747719664,114.07499327487466
2015-09-22,810.0224095449297,457.12038870426227,269.71815694602367,275.9653662626571,861.5680404012311,203.30192159367883,114.07494800476564
2015-09-23,794.6597414659033,453.7557457531833,269.1503057970856,275.38436255095417,845.2277716923478,202.97697124629423,114.0749932703479
2015-09-24,794.0741030593654,452.21314199000415,268.194960647133,274.40688970596943,844.60486629077,202.24302212413073,114.07503853594812
2015-09-25,788.0243234697253,450.5594824187367,268.96523513139647,275.1950052803138,838.1701100612062,202.19066127099813,114.07499326582113
2015-09-28,740.7694482496606,443.5540411523653,262.1460459349275,268.2178700902853,787.9081793256987,197.1162016753755,114.07503853142136
2015-09-29,737.5466137265712,442.9263514743001,262.6751648261841,268.7592444281328,784.4802603053406,197.2315177212282,114.07508379703955
2015-09-30,763.533975482812,446.16329825623643,267.3978527192164,273.59131917201336,812.1213231693924,200.9115522492308,114.0750385268946
2015-10-01,756.1728343888668,445.15162093295646,267.234651420223,273.4243378061269,804.2917571812239,201.4357334475613,114.07494798213088
2015-10-02,800.2509146719225,450.30122784211875,271.0016560485012,277.2785937588099,851.174738203262,204.44475495722037,114.07494798213088
2015-10-05,814.4753312513859,451.5181983781306,276.07161392969385,282.46598195492453,866.3043229824093,208.08287026047662,114.07499324771315
2015-10-06,832.4449033587464,452.27282757305716,274.52421794835993,280.88274520298586,885.4173855902512,207.36984257288594,114.07499324771315
2015-10-07,851.2383059671038,453.7763063445422,276.913631950362,283.32750278876296,905.4067030053709,209.06833473111806,114.07499324771315
2015-10-08,855.4330918969065,453.84510914841024,279.78210881413764,286.2624192856385,909.8684233860124,210.95550157850886,114.07494797760413
2015-10-09,854.2675732363068,453.9994415102651,279.8004232475724,286.2811579178017,908.6287371543337,211.08133560834847,114.07499324318638
2015-10-12,856.1831187397443,454.32728912848006,280.78086199104797,287.2843055738766,910.6661780525712,211.28054737039426,114.07503850878659
2015-10-13,849.4957979548849,453.48732869303876,278.8334968095509,285.2918355390679,903.5533108080929,209.94903931769397,114.07508377440479
2015-10-14,848.7399256223101,453.12765922152016,277.04016818134784,283.4569698506954,902.7493386751048,208.94251979017864,114.07508377440479
2015-10-15,862.7055943899899,455.2743988542749,280.4464502557106,286.94214819719247,917.6037102718392,212.15069579518294,114.07512904004092
2015-10-16,857.1294619919404,454.98339950031766,281.7756713975779,288.3021567461644,911.6727416880138,213.11533427575236,114.07517430569501
2015-10-19,849.9592445087109,452.8157678527938,281.70704351225487,288.231939302431,904.0462487003107,213.22009415981782,114.0752648325312
2015-10-20,845.4194290727012,452.82754436368225,282.07628231579014,288.6097304115272,899.2175429226721,212.94754284336614,114.07535535943921
2015-10-21,846.2774847820923,452.40892802997985,280.9189996428953,287.4256427686675,900.1302008533467,211.62657186355293,114.07540062518312
2015-10-22,825.6975225659804,452.0408307959766,285.1166235056659,291.72049195434596,878.2406364300264,215.20167470738863,114.07540062518312
2015-10-23,827.9491250765307,451.85345841052515,285.80722204504144,292.4270861303451,880.6355192627952,217.56066189997742,114.07544589094496
2015-10-26,825.3771271552209,451.9590550966444,285.6931169209565,292.3103381044906,877.8998527147256,217.02601998436046,114.07553641799666
2015-10-27,824.969239157413,453.60746578171995,285.177471173751,291.78274897552484,877.4660088372802,216.60663684789574,114.07567220192092
2015-10-28,852.3534918653493,457.8732026554917,287.71613631645494,294.38021465546734,906.5928535583832,219.07044119125044,114.0758532383553
2015-10-29,851.6848726395676,457.62705718083646,287.3509775493478,294.00659808456294,905.8816868680012,218.94456898361057,114.07617000530983
2015-10-30,859.3540862867889,458.3652176953597,286.7235613133072,293.3646496397916,914.0389295511596,218.00098555991516,114.07653200767425
2015-11-02,876.3236534210937,460.7236170667534,289.5547155483248,296.26137904154683,932.08835204871,220.58010594912253,114.07689401118743
2015-11-03,904.9379763725032,462.5179220360461,289.4697680476343,296.1744639876751,962.523542312772,221.21973681560684,114.07716554171208
2015-11-04,888.2684334295421,460.67307836405894,288.5644865940962,295.24821441395244,944.7932359922102,220.54868561946296,114.0773918289519
2015-11-05,866.9825987476573,459.0598715450433,288.3831456254754,295.06267322758845,922.1528810352665,220.32849515614384,114.07761811664061
2015-11-06,873.9460404757231,458.609029740349,286.4442871018666,293.07890688179367,929.559440129685,220.2132172880915,114.07798012360037
2015-11-09,868.9022198163617,458.28629483050815,283.92127002593975,290.4974517089989,924.194656846637,218.15827809721463,114.07861344869166
2015-11-10,870.4435675659023,459.53683224270105,285.21861525430364,291.82484603486967,925.8340879839736,218.66151877207213,114.07920156879699
2015-11-11,856.1477107030714,458.51776542093955,284.9283398102306,291.5278472337963,910.6285168318307,217.80183106456983,114.07978969193432
2015-11-12,822.4717837952205,455.7127015151523,280.88000205737876,287.38574192145626,874.809628350718,214.76135104745092,114.08042302707175
2015-11-13,829.6983726190014,455.1655948829409,278.4000950528192,284.84839533508034,882.4960798591251,212.3499075572288,114.08101115650618
2015-11-16,821.5255794805665,454.6495828391713,282.395994991758,288.93684826937334,879.0698289252706,215.57913861910706,114.08168970338046
2015-11-17,827.783450118072,455.6753769824955,281.79806366581556,288.32506766390014,885.4778434850768,215.42188425960788,114.08232304906615
2015-11-18,854.0269216278006,458.51961811214494,285.74346907882085,292.36185651854373,918.7508425506031,218.8398090995451,114.08286597382646
2015-11-19,847.4680845448688,457.5390420277721,286.17284156539245,292.8011741264549,911.4797105207409,218.65107714368585,114.08336368198758
2015-11-20,852.3829775211333,458.3278437761112,287.33476071935013,293.9900056405071,917.9570501324185,219.44788601406873,114.08386139232003
2015-11-23,850.6032020426127,457.65779098505095,287.25435788717846,293.90774051872194,916.1783705099585,219.19621795438954,114.08449475006226
2015-11-24,853.2130482800221,457.52022395328447,287.12038239910237,293.7706618916996,918.9894164445725,219.4897670610147,114.08521851949709
2015-11-25,841.3316413941527,457.2972340988131,287.25471933831113,293.90811034178256,906.1920416240669,219.4583467313551,114.08607787293934
2015-11-27,844.0053647162615,457.64949774786817,287.89816942084934,294.566464008847,909.0718890906197,219.70993843543366,114.08684685039043
2015-11-30,849.0086795984083,458.4454122140837,286.92303117029,293.56873961565276,914.4609222671531,218.79781351919814,114.08784175701885
2015-12-01,857.9888413359365,460.3355567559066,289.52669522999406,296.2327097168761,924.1333875574875,220.88421121753493,114.08879149611334
2015-12-02,839.5584917921216,457.74910839263543,285.90148845599634,292.523535938989,904.2821954006357,218.63009844241253,114.08974124311408
2015-12-03,835.4670346311271,456.2749619663032,281.95671985457165,288.4873986457503,899.875317380697,215.56865881292046,114.0906909980211
2015-12-04,826.6063564709922,456.25768987862836,287.38763403192047,294.0441036042264,890.3315469612213,219.77281727255314,114.09168593817282
2015-12-07,809.5854355962616,454.45722604356354,285.45943862886674,292.0712473580812,871.9984399212495,218.4413855754535,114.09299700546443
2015-12-08,805.3104945649186,454.1438381488877,283.74959406014557,290.3217993861609,867.3939327918188,216.9735064200266,114.09421778965421
2015-12-09,821.5725705801528,454.21978770883675,281.87415406260465,288.40292046571574,884.9096936882843,215.28557042358173,114.09539343061168
2015-12-10,820.015711225444,454.7045275124009,281.7724399300411,288.2988504314074,883.2328120785218,215.84121012937217,114.09647875670352
2015-12-11,786.3283522094026,448.41271347158323,277.05652708151416,283.47370765554723,846.9484087092591,211.65804945991295,114.09747374732801
2015-12-14,799.6419050789018,450.3526168373389,276.9147088560507,283.3286046377305,861.2883372968604,212.72737146894718,114.09864942183528
2015-12-15,770.1195924750684,448.8313017292255,280.4664216152783,286.96258213319516,829.4900743816561,214.96056280949668,114.09977994592185
2015-12-16,781.6464676767476,450.4838898831799,284.7944449472961,291.3908510993534,841.9055857669721,218.10589815518188,114.10100080268846
2015-12-17,774.2757696884939,449.44246194138634,279.8668941300571,286.3491683982173,833.9666618877962,214.78229157092392,114.10204100967862
2015-12-18,784.1642365058794,448.67364389244534,274.86115976923514,281.2274912670249,844.6174558112599,210.9559406232125,114.10290048983721
2015-12-21,796.7809521554279,449.71258276748665,277.1863349361348,283.6065221184285,858.2068262218498,212.69616111718932,114.10398588733952
2015-12-22,796.1155507696159,450.96913619547047,280.4609789112689,286.95701336532807,857.4901273475398,214.62625890103482,114.10493576082793
2015-12-23,852.5262493056287,457.258071443171,284.8760189476877,291.47431451594514,918.2496703870494,217.28402555889198,114.10584045475359
2015-12-24,848.0230892423529,456.5949751089876,284.6276653207148,291.22020852469063,913.3993502389354,216.92542148052937,114.10674515585221
2015-12-28,831.7642940898364,455.64767927128855,284.3148032377512,290.90009993321735,895.8871231352555,216.42970183233396,114.10778541521104
2015-12-29,847.4721596275562,458.15625933818404,287.1174525816705,293.7676642138645,912.805948056181,218.73945875141604,114.10882568405344
2015-12-30,831.4564394628021,456.1991989792135,285.44425781917573,292.05571493062433,895.5555352105064,217.18905828060738,114.10977559783137
2015-12-31,830.9746644357499,455.1367058908163,282.4469047807931,288.9889372304444,895.0366189188945,215.01641693135812,114.11049952765177
2016-01-04,820.1492913318485,451.8327011719689,278.06896614471026,284.50959682243536,883.3766902157364,212.01064053472592,114.1114946405459
2016-01-05,836.209174121478,452.333749602028,279.2413829345324,285.70916911849173,900.6746702955792,212.3692064352882,114.11239938647438
2016-01-06,798.3364677427417,449.0532723269024,275.5860926982853,281.9692150854965,859.8822604697643,209.69038472055712,114.11334933000205
2016-01-07,770.8899051748087,444.727477316348,269.59912440960886,275.84357669579674,830.319772450434,204.6595432617948,114.11425409063564
2016-01-08,751.7259683453898,443.0023484217333,266.85935286359205,273.04034658799327,809.6784388947053,202.41310422453586,114.11515885844271
2016-01-11,732.5111019839876,441.2465157398999,266.15771604973264,272.3224584691044,788.9822495195867,202.61355676509191,114.11610882494199
2016-01-12,733.5012267321416,441.84324579997894,268.56410507233636,274.7845842507442,790.0487055077456,204.24817746339633,114.11705879934935
2016-01-13,685.105841129089,434.87889973936353,260.90819260484767,266.95134561346515,737.9223963009002,199.15411356731173,114.11805396944435
2016-01-14,702.2223606909989,437.89242870921544,264.34288178951283,270.4655890354761,756.3584719744632,202.42367947522322,114.11918468579707
2016-01-15,700.8120279609651,434.590871194412,259.1425672367131,265.1448248477998,754.8394131002707,198.0783776878245,114.12022505856145
2016-01-19,685.9465168945208,433.54601394248385,259.7555266625819,265.77198163390375,738.8278819034127,198.34207175460304,114.12140096750105
2016-01-20,680.4804366937585,433.30274365930086,256.62724711086724,262.5712449017688,732.9404076505707,195.80030834300425,114.12257688855738
2016-01-21,718.0733209468942,436.60143127578374,257.6370424628054,263.6044291237852,773.431423150042,196.89715654606584,114.12384315228117
2016-01-22,746.7877208776351,439.56518494318004,262.49271231720843,268.57256595592656,804.3594893453528,200.9365587084374,114.1251997436653
2016-01-25,712.35367188829,436.43084494272483,258.80457859730285,264.7990077188264,767.2708317699281,197.89907564864322,114.12660150179093
2016-01-26,751.6412421470307,439.58048659246367,262.7090029561741,268.7938663165598,809.5871809378039,200.59902877584886,114.12800327713383
2016-01-27,761.6383273499858,440.09606533021645,261.0008214744927,267.0461199520848,820.3549669149767,198.41588853151285,114.12945021693584
2016-01-28,772.5612682169007,441.49288192755137,261.60681497360207,267.6661494667011,832.119985128634,199.44943794165152,114.13098745726452
2016-01-29,801.3747310088299,443.3757332715957,268.34873892963327,274.5642297995485,863.1547511935481,204.3115335230197,114.13243443490063
2016-02-01,788.4090516941453,443.33907903773326,268.817659139851,275.04401113509516,849.1895146196003,204.23769765720974,114.13401685097453
2016-02-02,765.4767781782323,440.77488755159493,263.98640341879735,270.10085391622124,824.4893336992311,200.55691866210097,114.13555415281245
2016-02-03,772.4543444083481,441.2729493116902,265.4738968281166,271.62280063335777,832.0048182912024,201.75923303853392,114.13704633409225
2016-02-04,802.5045044863623,443.253769537988,266.47144166634666,272.6434505953867,864.3716217875045,202.07559338084752,114.13835792263596
2016-02-05,784.8175201745223,441.17212706381815,262.6240419747163,268.7069374696793,845.3211027827042,198.2260112416442,114.13966952625162
2016-02-08,721.7709195609318,437.04059594060476,258.03836502613404,264.0150471164061,777.4140790639552,195.55776477760048,114.14111661396089
2016-02-09,724.9863046517858,437.49099269366326,258.75602595043034,264.74933049602083,780.8773463853414,195.5682636726872,114.14247341067488
2016-02-10,727.6964704884105,437.73529356147804,259.374391997317,265.38201913124516,783.7964458127218,195.39949870639296,114.14387538096665
2016-02-11,718.8200882583072,436.4964204681371,255.8069787116115,261.7319774538621,774.2357606565047,192.85775438369436,114.14514188101099
2016-02-12,734.1341116347116,438.21759070216905,260.7099907761498,266.7485530359482,790.7303811202574,196.8339150198434,114.14645356258346
2016-02-16,737.5823487730431,440.20429737750305,265.0658196482742,271.20527157386215,794.444451646846,200.1560517587892,114.14781042273783
2016-02-17,764.0154938072756,445.795845965001,268.78418077904064,275.009757348819,822.9153951922751,203.42559857780057,114.14916729902119
2016-02-18,763.5406461946687,445.40652502117064,268.6532217523363,274.8757650504174,822.4039403671418,202.59236808591683,114.15052419143375
2016-02-19,750.973120767869,444.092623597037,268.635041706108,274.8571639181363,808.8675523789254,202.49741989653245,114.15188109997572
2016-02-22,771.9839400777447,446.58004700388153,272.09036766618675,278.3925221043506,831.9268536894699,205.42945587185545,114.15337349471017
2016-02-23,786.5651121569563,445.82485945742945,270.0372867018793,276.2918876988022,846.3316961736739,202.83498800692126,114.15482075616136
2016-02-24,795.2339054518702,446.44538726175415,271.35939353535446,277.6446171578401,856.1330574770725,203.76310942148893,114.15631318932816
2016-02-25,794.6247442063689,446.8478028043387,274.8124315242149,281.17763437886987,856.7130255002344,206.23099878947738,114.15776048804943
2016-02-26,797.6455570127317,447.4516244608426,273.7141084975905,280.0538720050309,859.7288084635437,205.75639146485645,114.15920780511989
2016-02-29,792.9195506097618,446.4393432124428,271.8271389583123,278.12319649571566,854.5930312654685,204.14278764562565,114.16070029564196
2016-03-01,810.6920444482087,449.0986311878361,277.1524750437055,283.571877963502,873.7478741128484,208.94146990066997,114.16219280567648
2016-03-02,819.1898752894484,449.95860749897264,278.1956241728181,284.6391885025538,882.9066683590133,209.88024292152562,114.16377563434233
2016-03-03,828.79005618595,450.77542496362906,279.6240793996193,286.10072959536564,893.2535537230189,210.70285998492167,114.1649971758567
2016-03-04,918.0720628380607,455.3261502222972,280.88331414514096,287.38913072376283,989.4799371481922,211.38836147848497,114.166263910261
2016-03-07,926.2561544387851,457.077922155236,281.54745268775497,288.0809318263434,999.0116097058457,211.55714553367937,114.16771133513969
2016-03-08,900.5964117183765,453.78547883473163,278.88613287477455,285.3345857841586,970.0026778551537,209.2473886145973,114.1690232760656
2016-03-09,915.8065414620805,456.11146422132555,279.9450912880203,286.4285364842707,987.0012082112323,210.28095711363613,114.17038040450639
2016-03-10,904.9835072031898,455.3504898884464,280.05911270377595,286.54690761022385,975.436085633401,210.44970299103022,114.17178271756954
2016-03-11,930.8242110412879,460.1858833318675,284.91041920050895,291.5449591996049,1005.2773517636391,213.8457519513867,114.1732302124169
2016-03-14,1000.2265750300531,464.45017110530074,286.1150319090725,293.11681823774023,1080.4669485248019,213.57152081172111,114.17476804243014
2016-03-15,966.5060614003578,462.3096410470037,286.06760423077066,292.5920219659891,1043.245058045999,213.22351107294602,114.17630589315684
2016-03-16,978.3607013932902,463.72117572849817,286.09693353827976,294.3108066426248,1058.9654857196297,214.45745575694025,114.17770827900061
2016-03-17,987.3319631297225,465.9250006582031,286.1116885041867,296.18792179795264,1071.873707230524,215.81797893788024,114.1790203348049
2016-03-18,993.7490252497142,467.223146487225,286.1211618078163,297.3584074614414,1080.8105215513688,216.6661369496873,114.18033240568649
2016-03-21,1020.8650943387596,468.2543255888919,286.15579187688246,297.81659756179164,1112.261953457889,216.9735064200266,114.18173484098645
2016-03-22,1020.8650943387596,468.2543255888919,286.15579187688246,297.656664731999,1111.6646489317357,216.85698777346397,114.18309212052976
2016-03-23,1020.8650943387596,468.2543255888919,286.15579187688246,295.6922473039399,1104.3280975647947,215.42581657304035,114.18444941620706
2016-03-24,1020.8650943387596,468.2543255888919,286.15579187688246,295.56124072645576,1103.8388245256783,215.33037207225186,114.18576154947611
2016-03-28,1019.5634956840896,468.85931018530965,286.1763932221083,295.76584027255836,1104.538028646244,215.45758050290283,114.18707369782337
2016-03-29,1036.9184957946509,471.9465476467899,286.2730215604141,298.54074454165794,1123.3394644473683,217.45057621276794,114.188114689501
2016-03-30,1038.9898118500178,472.3039322673311,286.2714573829544,299.8196536456222,1125.583412335051,218.40467762045023,114.18902004292023
2016-03-31,1045.9616520303935,473.2580361946536,286.3087788644464,299.14690954606635,1133.1363137889243,217.8746361297713,114.18997062428653
2016-04-01,1044.573896577303,473.9458938134996,286.32196646482555,301.1524510960106,1131.6328972004644,219.3587599392324,114.19101164237415
2016-04-04,1039.18253139966,472.69912919351253,285.119485558858,299.4824519835954,1125.7921939090722,218.6485192310647,114.19205266995228
2016-04-05,1029.0301477917594,470.63903339796246,282.68448635118807,296.3577776095977,1114.793669713375,216.4647108752232,114.19309370702096
2016-04-06,1061.3798988680464,471.4587165201641,284.002369981708,298.3551176721711,1149.8395794897197,218.82873753745363,114.1941347535803
2016-04-07,1058.9455734915073,471.3035365876473,282.41380867642124,296.0073943008649,1147.2023676202596,216.21021765832072,114.1951758096304
2016-04-08,1065.653490337343,472.3851584632945,282.91228218688,296.68227928445816,1154.4693493046627,216.7932690247376,114.19621687517134
2016-04-11,1061.765990190904,471.4441898802917,282.12035865968824,295.72688073251425,1150.2578492202774,216.28443530213386,114.1972579502032
2016-04-12,1066.826568893423,472.6069873319044,283.5094618847967,297.6950931775133,1155.7401969578639,218.29863878007419,114.1982538196835
2016-04-13,1071.755957041457,473.51399031590734,284.1280641793338,298.9031256313559,1161.0804201911487,220.50375034849174,114.19929491328526
2016-04-14,1071.9841205768935,473.48618564636183,283.71096437131564,298.4681106250614,1161.327599795663,220.51436377697945,114.2002908005291
2016-04-15,1071.3537500592133,473.49099147700406,284.5035316989773,299.2380169552781,1160.6446916571679,220.27046489966446,114.2012866964577
2016-04-18,1071.8828770141179,473.6515142052858,284.2112711852,300.6388442624064,1161.217918186117,221.81826928005162,114.20228260107112
2016-04-19,1074.5105403151622,474.18445529156924,284.32753308924936,301.5783869259635,1164.0645815423154,222.5179347375319,114.20323329284332
2016-04-20,1065.128823623103,471.6183662880949,283.8771388278103,301.3524922381223,1153.9009547508208,222.7299551515835,114.20427443184066
2016-04-21,1048.4055859732935,467.6053771372075,283.236646254412,299.27976677892207,1135.7839350414113,221.5320693999872,114.2053155803296
2016-04-22,1048.210380876119,467.8782436411759,283.3762001388174,299.426499189522,1135.572460764304,221.5320693999872,114.2063567383102
2016-04-25,1043.2696677965146,467.24818065894647,283.2732609805287,298.9162275917216,1131.0546332239148,221.1504059302341,114.20748832959359
2016-04-26,1041.9560656389933,466.79622922755925,283.2405933142573,299.32075693393426,1130.6838873440786,221.47892590194814,114.20857472198192
2016-04-27,1043.8596189250475,467.5225838461695,283.21799579086667,299.9060653223851,1134.205137082457,221.9348070155144,114.2096611247045
2016-04-28,1044.0518363898975,468.21425426011723,283.27870901511295,297.2788224711698,1127.9640673853426,219.92062262647423,114.210657102348
2016-04-29,1060.1759749523744,475.5528241590372,283.5401941712849,295.9679708001625,1141.6251138324042,218.73336939226573,114.21165308867705
2016-05-02,1059.3561070395458,475.26380619092805,283.5460850315712,298.31408667912433,1148.317075174849,220.47191006302867,114.21264908369172
2016-05-03,1059.3561070395458,475.26380619092805,283.5460850315712,295.71776676873736,1138.322915935159,218.55307473027622,114.21359986176105
2016-05-04,1059.3561070395458,475.26380619092805,283.5460850315712,294.06816953316786,1131.9730291636263,217.33392394390424,114.2144601822431
2016-05-05,1059.3561070395458,475.26380619092805,283.5460850315712,294.0108299702799,1131.7523087816949,217.2915465855541,114.21536574454555
2016-05-06,1059.3561070395458,475.26380619092805,283.5460850315712,295.08664414749103,1135.8935003799834,218.08663745492277,114.21622607832919
2016-05-09,1059.3561070395458,475.26380619092805,283.5460850315712,295.33051809018826,1136.8322579683593,218.26687485021176,114.21731255383486
2016-05-10,1059.3561070395458,475.26380619092805,283.5460850315712,299.0026263491544,1150.967509382742,220.98078196343272,114.21839903967556
2016-05-11,1059.3561070395458,475.26380619092805,283.5460850315712,296.20548882549997,1140.2003316883156,218.91353043195414,114.21957596021203
2016-05-12,1059.3561070395458,475.26380619092805,283.5460850315712,296.29152399846384,1140.531511684808,218.9771155583794,114.22079809878456
2016-05-13,1059.3561070395458,475.26380619092805,283.5460850315712,293.70951315016697,1130.5924331170056,217.06885547631435,114.22206545233614
2016-05-16,1059.3561070395458,475.26380619092805,283.5460850315712,296.6071240520349,1141.746368597789,219.21036282940642,114.22333281994983
2016-05-17,1059.3561070395458,475.26380619092805,283.5460850315712,293.83873379572026,1131.0898493651146,217.16435724380335,114.22460020162578
2016-05-18,1059.3561070395458,475.26380619092805,283.5460850315712,293.92476896868413,1131.4210293616068,217.22794237022867,114.2259579907101
2016-05-19,1059.3561070395458,475.26380619092805,283.5460850315712,292.9063718402568,1127.500856416036,216.47528612591057,114.22731579593447
2016-05-20,1059.3561070395458,475.26380619092805,283.5460850315712,294.75670920319794,1134.6234633715192,217.84279584430828,114.22876399484232
2016-05-23,1059.3561070395458,475.26380619092805,283.5460850315712,294.35509980529497,1133.0775258856413,217.54598253575614,114.23034774650013
2016-05-24,1059.3561070395458,475.26380619092805,283.5460850315712,298.1706861146406,1147.7650753728294,220.3659284893531,114.23193152011625
2016-05-25,1059.3561070395458,475.26380619092805,283.5460850315712,300.1930938235095,1155.5500423212975,221.8606084606014,114.23342496141098
2016-05-26,1059.3561070395458,475.26380619092805,283.5460850315712,300.27925813963304,1155.881719435767,221.9242890315275,114.2347828553953
2016-05-27,1059.3561070395458,475.26380619092805,283.5460850315712,301.57014733493776,1160.8508113134887,222.87833317250937,114.23618595949023
2016-05-31,1059.289897282856,475.25625781521296,283.54607877443414,300.9965257167694,1158.9946614059074,222.45436870000677,114.23772463747139
2016-06-01,1103.4269719516835,480.2884278673223,283.5502501986113,301.61765205754324,1209.5079590986963,222.91015436907222,114.23908258256604
2016-06-02,1059.289897282856,475.25625781521296,283.54607877443414,302.5311693954605,1164.1632095481643,223.5886120584773,114.24035013899577
2016-06-03,1059.289897282856,475.25625781521296,283.54607877443414,301.6276204556377,1161.1201342993597,222.92080597536022,114.2416629146395
2016-06-06,1066.3530651217916,476.4078314286592,285.18790237300357,304.46163666074256,1170.3920987234887,224.05512568943143,114.2429304996997
2016-06-07,1067.5785052799006,476.5208151957332,285.57892525895505,305.15483112578175,1171.7370992917063,224.40487251812087,114.24419809882458
2016-06-08,1088.713751412137,477.8027051689531,286.45554164886084,306.6673688543711,1194.9344115955075,225.1364546166648,114.24528484041254
2016-06-09,1070.992121864742,476.89316778864736,285.4800565071995,305.3847550269011,1175.4837663287758,224.8289897018247,114.24641681740741
2016-06-10,1048.7208689848244,474.4677978115486,282.406458244011,300.42480458117006,1151.039612462766,222.6981912217211,114.24754880561822
2016-06-13,1044.3423259992553,473.887730104452,280.542622936858,297.76171477126894,1146.2338757121092,220.98078196343272,114.24877124349754
2016-06-14,1013.6669544135277,471.89655348683516,278.95232016993594,296.073802703124,1112.565652959599,220.54610861794166,114.2499936944568
2016-06-15,1038.5370663181882,472.83100903145424,279.6821443831705,296.8484219283219,1139.8622242544534,220.23868188090185,114.25117094054852
2016-06-16,1028.0017990064405,471.96538988609984,280.00398164307967,297.1900128544518,1128.2990806551043,220.89602724673253,114.25239341718432
2016-06-17,1056.9610082308186,474.5518735117828,280.8849309441125,298.12503289438695,1160.0837031878125,220.07325747213523,114.25357068800307
2016-06-20,1057.4266690694428,474.40301603732803,282.80060543328483,300.15828728856127,1160.5947963557671,221.49053195324404,114.25483840518771
2016-06-21,1048.444291303555,473.95484951099536,283.32659226220284,300.7165580371778,1150.7360504030428,222.11932032443875,114.25606092106506
2016-06-22,1031.2428185385256,473.23179137180693,283.0290190676269,300.4007204515752,1131.8563111599262,221.7569557327451,114.2572834500232
2016-06-23,1079.2205391753264,476.1564496090468,287.0045188168705,304.6202276694641,1184.514991464522,224.64481999310317,114.25864162761364
2016-06-24,1018.7994380818224,470.5243352853925,276.77104388814314,293.75864445994046,1118.1988888255396,216.57800349765915,114.2598189628147
2016-06-27,969.4910267630032,465.95553282535826,271.17219339209464,287.8161487813907,1064.0796886321568,212.69911989671377,114.26104153198354
2016-06-28,1000.5639821741804,468.6419173279544,275.78070477578626,292.7075205016151,1098.1842855867083,216.53541616140734,114.26221889191355
2016-06-29,1031.4787048905966,471.50438225811246,280.64623395101313,297.8716852025753,1132.1152118295925,220.222475404668,114.26339626397521
2016-06-30,1037.6944330293347,471.8669720517606,285.3862979362173,302.9026839349053,1138.9373792142394,223.22756460089454,114.26457364816865
2016-07-01,1053.294202841141,473.216275981216,285.84895967300713,303.39374283591474,1156.0591449096923,223.69638798876773,114.26579626821216
2016-07-05,1018.9168595631055,469.7930735076691,285.13849459971635,302.639670972276,1118.3277665663265,222.08728914997414,114.26706412104751
2016-07-06,1073.898926723465,471.59026202768894,286.36866188025203,303.9453432265426,1178.674174412605,223.4193316918788,114.26828676773883
2016-07-07,1079.1281970207567,472.39067656835596,286.06975995693017,303.6280953577338,1184.4136399219396,223.28082263233452,114.2695998644121
2016-07-08,1039.951797868119,473.2044735335857,290.6859227100231,308.5275880716571,1141.4149844818223,226.60561272840226,114.27082253823562
2016-07-11,1100.4538832401422,475.4559033014617,292.13471472862136,310.0653037716413,1207.8199726529988,227.404826800205,114.27222608499282
2016-07-12,1163.6488281179982,480.671527028493,295.0142841308864,313.1216148378365,1277.1805499172106,229.05651297525037,114.27353922693415
2016-07-13,1145.715241870812,481.0285556682414,294.88126128184854,312.9804273376324,1257.4972683362778,229.02453906748624,114.27494280705945
2016-07-14,1169.030847581421,482.2518031367859,296.40738405384434,314.60022018331017,1283.0876676075852,230.30338084465137,114.27634640442437
2016-07-15,1167.7393931644906,482.14489315134665,296.21134220949654,314.39214571986923,1281.6702120810103,229.99429337329786,114.2777500190292
2016-07-18,1185.9142106581407,484.0342371151596,297.4191787961464,315.67411667116073,1301.618260702111,230.61231560480365,114.2791988573532
2016-07-19,1181.7232887581254,483.78815646769,296.4161158792411,314.60948794902697,1297.0184503404416,230.3779229997672,114.28060250699363
2016-07-20,1189.4615891772032,484.04867645873526,298.96623418366715,317.31612693046515,1305.5117401937441,231.33700661039066,114.28205138148209
2016-07-21,1187.8226399684381,483.7860384782032,298.1946307382222,316.4971641552759,1303.7128864492497,230.46315493897134,114.28345506615905
2016-07-22,1195.5388585906721,485.167077237451,300.0981963810142,318.51756648859623,1312.1819400890538,231.49679979361082,114.28490397681286
2016-07-25,1190.9942955006265,484.90604269294164,299.5655649744834,317.9522433327443,1307.193985436218,230.86799233351593,114.28635290583627
2016-07-26,1177.8779247545194,484.7061565419668,301.30313828295596,319.7964650857719,1292.7979123275254,230.97466110759717,114.28775664334731
2016-07-27,1178.5987897971359,483.4721662568811,300.7425570800112,319.20147663620924,1293.5891087686664,230.72961689627274,114.28916039809991
2016-07-28,1163.0078392702726,483.2510636615093,301.1173658408482,319.5992903379914,1276.4770228141472,230.9959834090733,114.29029280982711
2016-07-29,1168.0306569145612,482.93610133415325,300.8548595800876,319.32067201780876,1281.9898930599252,231.36892325145436,114.29151570506318
2016-08-01,1141.203344341439,480.74920840364604,299.0103360469806,317.3629356695694,1252.5451662686337,231.17711798266978,114.29282906866825
2016-08-02,1124.4953164803792,479.71360043774996,296.11944273032327,314.2946056519145,1234.2070150188852,229.69589568603266,114.29414244736564
2016-08-03,1135.4375371533813,480.6003279130207,298.59001449700685,316.9168157033221,1246.2168164974485,230.36721412677875,114.29541061472017
2016-08-04,1130.8502340019859,480.01497266108515,297.77902758649293,316.0560521922243,1241.1819518372813,230.61231560480365,114.29658832879343
2016-08-05,1154.8937906699243,481.5106471511515,301.7883488887791,320.3114568560158,1267.5713248036843,232.49850891828646,114.29781129139099
2016-08-08,1169.1975492875167,482.6525966412628,301.9113896253664,320.44204956356657,1283.2706336120343,232.35990441424136,114.29921516964116
2016-08-09,1137.650245877124,480.36362619894305,301.23712238425264,319.72639727577416,1248.6454087636964,232.49850891828646,114.30052862172347
2016-08-10,1117.484970813146,478.74180247855463,299.99506175016506,318.4081016799598,1226.5127030254055,231.92305493413232,114.30179685993673
2016-08-11,1132.491147359143,480.03722588504473,302.3143302060371,320.86972175467787,1242.9829613628526,232.9993825695244,114.30306511222192
2016-08-12,1111.0258268986026,478.7762810723627,302.0377284760486,320.57614281623376,1219.4233709370355,232.7968875166515,114.30433337857914
2016-08-15,1143.9518101261142,480.35702047028366,303.3199748469977,321.9370906614354,1255.5617868825839,233.46822504629773,114.30573733693774
2016-08-16,1116.4064218220842,479.0260495475128,301.2849021043081,319.777109610414,1225.328925101833,232.26400177984905,114.30696039742878
2016-08-17,1107.0696877985167,478.42583876276274,301.6529099795113,320.16770500309457,1215.081250024519,232.70096579335902,114.30831916552964
2016-08-18,1127.0165554064542,479.6655525771682,303.1810740098619,321.78966439509554,1236.9742393225306,233.2231808349733,114.30963272222913
2016-08-19,1110.9614573192664,479.07691267087284,303.0793351294905,321.68168100504533,1219.3527211217752,232.88206218915514,114.31094629402314
2016-08-22,1108.3137162466708,478.9537936005657,303.08974851092916,321.6927335370325,1216.4466524544732,232.87148693846777,114.31225988091187
2016-08-23,1121.2286340059948,480.13113390390146,304.19229198081604,322.8629487106361,1230.6216177596561,233.3403485041413,114.31361871200777
2016-08-24,1088.9950713268545,477.4923280943262,302.2345963871254,320.78509404857084,1195.2431785660056,232.14679593288076,114.31502278441472
2016-08-25,1094.239836646814,477.9932527418867,301.8000160226633,320.3238400930273,1200.9996508742072,231.9870600163611,114.31651731202501
2016-08-26,1094.571089137154,477.88752050542524,300.756440050338,319.21621171285165,1201.3632221059663,231.55007691395096,114.31801185917442
2016-08-29,1104.3953539878605,478.84085558806896,302.51005552187183,321.0774602617787,1212.1459940912662,232.69025692037056,114.31950642586318
2016-08-30,1099.7938464514302,478.3479419678605,301.8009227787421,320.3248025038084,1207.0955391912844,232.3067036495018,114.32100101209156
2016-08-31,1100.949718200581,477.78315318617024,300.82852212869324,319.29271803132355,1208.3641838893604,231.64597954834326,114.3224956178598
2016-09-01,1095.7302499930731,477.28052190656524,300.44552775099254,318.88621629744057,1202.6354768134279,231.65666933243156,114.32399024316815
2016-09-02,1102.2998474396654,477.9210234195752,301.874792775926,320.40320647965103,1209.846038863444,232.70096579335902,114.32543966773581
2016-09-06,1107.7209312207083,478.55528058358556,302.63607680155826,321.21121645163777,1215.7960321924602,233.40431540856974,114.3268891106796
2016-09-07,1140.0054172922155,480.3112949872077,304.3327817645422,323.01206144962845,1251.2303631334278,233.38291675149296,114.32842901036597
2016-09-08,1165.8778717765044,481.8577617636281,304.18013931738983,322.85005014334246,1279.6270708406785,232.85018372589178,114.32996893079364
2016-09-09,1128.6078682098055,478.7111488382932,296.45745772050776,314.65336726197575,1238.7208090024585,227.2769120802482,114.33150887196292
2016-09-12,1121.3413738904408,479.20323953053287,301.1689924039945,319.6540856265255,1230.745357142307,230.5377352718875,114.333184463244
2016-09-13,1111.034512374307,477.14505725835744,295.7712132517029,313.92500261048525,1219.4329038135945,227.22361587100792,114.33481487311629
2016-09-14,1087.856434990595,475.8466845439575,294.559289579022,312.6386937167723,1193.9934508586769,227.13838393180373,114.33630965948367
2016-09-15,1093.195695761568,476.7897002985629,297.8293935471792,316.1095095052806,1199.8536380928713,229.4082068717559,114.33762353783167
2016-09-16,1117.8581409017238,477.80358063737197,297.0308524881659,315.26195574479317,1226.9222815575415,228.52135565932917,114.3389374312779
2016-09-19,1133.2480438712237,477.87959027168966,297.6153701398575,315.88234980990796,1243.8137046938054,228.56428659578384,114.34029657949013
2016-09-20,1121.3672919099022,476.80587239630415,296.99345787365553,315.22226593073464,1230.7738038605512,228.57493820207188,114.34165574385855
2016-09-21,1138.6871138848408,478.2479933704112,300.95065210425247,319.4223440773294,1249.7834390871828,231.14543040840795,114.34265287257536
2016-09-22,1148.8903952517958,479.1927683907662,303.5830167028353,322.2162774503474,1260.9822064406321,232.60197075714117,114.34346887454281
2016-09-23,1139.5842361962423,478.4075089042997,301.7477619220923,320.26837875019436,1250.7680893865966,231.32744307141166,114.34428488233362
2016-09-26,1140.1255117108285,478.46777381700406,300.0456431853102,318.4617876928254,1251.3621745974187,229.4531612316273,114.34541784025096
2016-09-27,1156.5161758861773,480.09338416665634,302.24764695520105,320.7989456319351,1269.3519984851264,230.87755587249492,114.34659606960489
2016-09-28,1174.4664161486442,481.85612605255244,304.7407213538174,323.4450394775444,1289.053558934976,232.02359617126294,114.34781956728048
2016-09-29,1177.0266790198498,481.99257626335833,302.34916010860303,320.90668944038896,1291.8636145658213,229.92437073202018,114.3489978213821
2016-09-30,1189.8358098814244,483.2140792963893,304.44865199890785,323.1350435452347,1305.9224718451317,231.65939904515415,114.35026659739243
2016-10-03,1212.8663608408804,484.46143840553634,303.15109063752914,321.7578407090293,1331.2000049191486,231.10257582755392,114.35171635509745
2016-10-04,1158.9637383044003,482.6708200699904,300.0121290885976,318.42621657424894,1272.0383580119253,229.92437073202018,114.35321136243083
2016-10-05,1169.5443350792916,483.88890578874657,301.69805838488026,320.21562451871404,1283.651253656106,230.9418281993259,114.35466115747025
2016-10-06,1190.8767971435773,484.0198274239341,302.2115005952968,320.76058068761733,1307.0650233192591,231.10257582755392,114.35611097089047
2016-10-07,1190.3345273565228,483.99208369271525,300.6012169353328,319.05146134297127,1306.469846829498,230.3099665152058,114.35756080269174
2016-10-10,1180.0483646722103,484.4315535685921,300.97797882622893,319.31313726626365,1295.1801118198948,231.50947482331551,114.3590106528743
2016-10-11,1160.155544073728,482.28994500479484,300.5035846494158,315.3200636661632,1273.3464426428586,228.58566616396047,114.36059621036763
2016-10-12,1164.9177094766155,482.8785755639707,300.3919086372443,315.55956674391007,1278.573230038755,228.88559096323831,114.36222701113593
2016-10-13,1164.4018481767675,482.89883275546674,300.4854564037878,314.7638805020167,1278.0070385876052,228.1357980539439,114.36354118730921
2016-10-14,1158.132989048544,482.1821514223191,299.91127082550787,314.2953164148972,1271.1265564736952,228.25359565681705,114.36494587289567
2016-10-17,1146.3675492841062,482.23456510966105,300.11842550368567,313.47298697263784,1256.3918002525718,227.4610627000696,114.36648628517884
2016-10-18,1158.9650087446157,484.1399668181574,300.6661549697349,315.8983467167941,1273.185780934152,228.88559096323831,114.36802671821022
2016-10-19,1159.3366513567523,485.443423010654,301.0076186827407,317.0494216154008,1274.8661794946509,229.49595854578084,114.36956717199011
2016-10-20,1168.6434818642851,486.44349374167695,301.1375041126809,316.62873349145474,1284.1859481831737,229.0675654484417,114.3711076465188
2016-10-21,1165.6612934601617,486.6292578902902,301.4369615966706,317.08173468021766,1281.1367677225971,229.17469235612674,114.37260290736934
2016-10-24,1159.9761207881131,485.79946703403783,301.43048508119176,318.3237274743248,1276.4329428636647,230.14927615367827,114.3740981877686
2016-10-25,1161.041904451856,486.1480608261708,301.4409846213994,317.274307366656,1274.3901488527395,229.3781418540075,114.37563872332674
2016-10-26,1161.0979808089116,486.1664021374707,301.4415370561811,316.6416595931139,1272.5315915193503,228.91769849330353,114.37713404341552
2016-10-27,1155.3763615509652,484.29498955898896,301.38517067199314,315.7424769749158,1263.6869359238253,228.30717819955976,114.37844839089074
2016-10-28,1162.2439409094864,484.88659863309186,301.3993753599938,314.8295194640614,1268.4328253943984,227.63242375678527,114.37976275346956
2016-10-31,1158.0941380278002,483.7097183957082,301.37669351380725,314.82508726302024,1263.9361935954553,227.64317080757402,114.38130336532528
2016-11-01,1159.6320542703045,483.90925421890074,301.3253089447003,312.5287023352508,1258.730818832198,225.9938134783479,114.38288923190119
2016-11-02,1154.733724304307,482.4580408296787,301.2840680022863,310.6360722024528,1247.698688942958,224.63359571981044,114.3845203505716
2016-11-03,1153.1300520333018,481.9844495279594,301.2709488542954,309.2243830087909,1241.653561811147,223.6054484684164,114.38619671876512
2016-11-04,1155.1187294434626,482.73042426071964,301.3270799381304,308.9481470845772,1242.7983447927088,223.3590871229811,114.38787311152673
2016-11-07,1159.6848368432336,484.3146627396692,301.4038042930796,315.8053724523207,1271.7655432980519,228.2857222757825,114.38973039434093
2016-11-08,1160.343133940925,484.60459009208364,301.4112646509813,317.2277996403629,1277.49657050475,229.313926793877,114.39167811461115
2016-11-09,1155.490895084586,482.4675659887812,301.35627513542664,320.51670364359,1284.1525547994977,231.74514638466252,114.39367106574035
2016-11-10,1161.0545098437156,484.9178944235029,301.41932654105517,321.3770441695058,1292.9633072327108,232.32342552603998,114.39579962015017
2016-11-11,1160.3537430400302,484.60926255384265,301.4113848819175,320.6320424174038,1289.5933459772893,231.78790552101577,114.39792821416658
2016-11-14,1154.3307593572404,483.314601117179,301.2605763804541,320.72929787288723,1284.758758599842,231.97003271742042,114.4003730294606
2016-11-15,1176.000401951267,486.76596888166966,301.45065661510944,323.3838084608041,1312.6690949049084,233.78000405257347,114.40263724476132
2016-11-16,1176.555682132268,486.8977872704668,301.48684847790093,322.82767058506386,1312.3721403004915,233.34094026004618,114.40472077742646
2016-11-17,1177.2033338002936,487.0275603595905,301.54411449870713,324.51345464913794,1315.5942989908917,234.54035312365514,114.40666875293877
2016-11-18,1164.331871017675,484.68065641704277,301.4959095783987,323.75129094056973,1300.1635386151345,234.01565652502035,114.40861676161937
2016-11-21,1176.2993619572098,486.5923201159716,301.57276589767,326.2287807541809,1317.858345070793,235.78283054601985,114.41070040318515
2016-11-22,1171.044414087753,485.842585400512,301.5705592027195,326.8509062275328,1313.2655519259386,236.24333117342425,114.4128744617503
2016-11-23,1172.0477345297188,485.9880738776742,301.5940277289002,327.0505587267135,1314.7449490586082,236.37191400488655,114.41513892447969
2016-11-25,1179.1699625890383,487.3021488313111,301.7221500861556,328.3795684722253,1325.150609396243,237.25015612334218,114.41731306738666
2016-11-28,1181.7568184677648,487.1363400512933,301.74393717845624,326.8687172092405,1323.1212248118682,236.13620426573925,114.4194872516072
2016-11-29,1187.3736514966065,489.6861512499861,301.7455352199646,327.5079409017797,1331.6905675371702,236.59680033764445,114.42166147714207
2016-11-30,1187.4520327711637,489.7217331251473,301.74555752017,326.7223411577403,1328.988956440257,236.02917280255502,114.42383574399207
2016-12-01,1188.2880266169989,490.101239950293,301.74579536823484,325.5218387739904,1325.6638053827014,235.16160137928756,114.42596485968433
2016-12-02,1187.0601562958764,489.543837321576,301.7454460276491,325.68449676098436,1324.8642519831728,235.27939898216076,114.42813920830821
2016-12-05,1198.6626242094044,491.25576489338283,301.80556252614997,327.68536841038895,1343.079181005372,236.6931420167404,114.43035878794315
2016-12-06,1185.6006098720895,490.88744856999415,301.77015431392954,328.65283062340893,1329.5039742549686,237.44295401493497,114.43257841063163
2016-12-07,1212.724032489203,493.34352770564556,301.84943077916876,332.90515383249516,1364.2524444146165,240.54879442619387,114.43488844583163
2016-12-08,1238.333358771261,495.607266268932,301.97414805335086,333.8305679244753,1393.7646127208536,241.13785879616043,114.4371533442624
2016-12-09,1242.6170541851789,496.2461384755365,302.05366615662024,335.87069790613873,1400.6115306093998,242.5944182337938,114.43955382697632
2016-12-12,1240.579852671571,496.19413165322624,302.0857959520268,335.54211668672707,1398.019592731415,242.31602571389382,114.44186400298813
2016-12-13,1253.2923799500197,498.71458807691613,302.46490270687036,337.80176527640765,1412.3454438002775,243.93319915745414,114.44430975724049
2016-12-14,1236.0400904461032,495.5018507934898,301.6488806465187,334.6061348623449,1392.9036975120318,241.9197974133204,114.44675556376141
2016-12-15,1246.204548730806,497.4639740364965,302.1185385717596,336.2601907024439,1404.3581087705365,242.9157035123481,114.4490206970665
2016-12-16,1259.0626241876776,500.1818258357971,302.63822612507386,336.29771644079244,1418.847979273282,242.44063805412335,114.4512858752032
2016-12-19,1241.5901094974463,498.4083320275113,302.9494088513767,336.9985425437354,1399.1580594195711,242.96854158798462,114.45364147344625
2016-12-20,1245.1265230298643,498.96367274537056,303.3864454321652,338.00642638923244,1403.1432727822369,243.90588294132846,114.45599712017146
2016-12-21,1238.70790277775,496.6988736371574,302.94398536264487,337.13647310277105,1395.91007707022,243.22706256282038,114.45830762812183
2016-12-22,1217.172655856524,494.432285849666,302.2711857331735,336.15448651314205,1371.641831003392,242.80695404814966,114.46057299006569
2016-12-23,1253.8511332197197,496.9986334853039,302.75525516108814,336.89065357765423,1412.9751074344726,243.16244663578655,114.46288359038854
2016-12-27,1265.6066105442553,499.4562193261042,303.2972291794687,337.6118167163427,1426.3295174925402,243.76575132527077,114.46519423735519
2016-12-28,1253.9517682227481,497.0083648793869,300.58416886522537,334.5918048816459,1411.7286188754872,241.75112789152692,114.46755012185552
2016-12-29,1254.9573827288018,497.72560424513813,301.19662934219156,335.2735582061154,1412.8225502276782,241.69727810418203,114.46963483673207
2016-12-30,1226.1404582243704,495.72829308335326,299.95262380988646,333.88880777861255,1379.7069552950918,240.81390107158404,114.47190042286437
2017-01-03,1275.9681673556572,502.78263997152055,301.97102521773394,336.13556805403556,1436.9413621904096,242.6561135591035,114.47430163444788
2017-01-04,1300.0128095170567,507.1801390717516,304.4402898146945,338.8842014945342,1464.0194208322534,244.09969254462962,114.47665770639362
2017-01-05,1299.8074734239526,507.3186760781384,304.03939132191636,338.43794595559683,1463.788180012239,243.90588294132846,114.4789686314165
2017-01-06,1318.2841705852127,509.5834972615056,305.3449234181155,339.8911839689205,1484.5958545819763,244.77853201203783,114.48132479941683
2017-01-09,1322.994474732864,509.7818983686308,303.5522157798586,337.8956521131546,1489.9003998139194,243.9704416016618,114.48359061691718
2017-01-10,1326.7350284103711,511.76099822004113,303.46059043209726,337.793660412806,1494.112853097799,243.9704416016618,114.4859016818938
2017-01-11,1337.3081996954807,515.131317328003,304.8993957848803,339.395250016405,1506.0199112343544,244.6599517642582,114.48821279352359
2017-01-12,1331.5198119554548,513.0691197703645,304.4277603727526,338.87025449057387,1499.501273875809,244.0458618461849,114.49052395180745
2017-01-13,1346.931536180382,517.489505032418,305.0867785826631,339.60383301913134,1516.8573056076705,244.60608288801313,114.49288035763553
2017-01-17,1341.3549298008809,516.3573178971114,304.512767864484,338.96487960071937,1510.5771674566013,243.74423813479305,114.49532720216605
2017-01-18,1336.5188587541847,515.325426069016,305.5834909557907,340.1567426752164,1505.1309888643164,244.28286963054293,114.49768370685304
2017-01-19,1334.042973275223,514.6353784108196,304.5944137826749,339.05576281400323,1502.3427513958695,243.37786487406623,114.49999505632498
2017-01-20,1345.8411471623774,516.019954368743,305.8200100320549,340.4200211602904,1515.6293556313822,244.27212257975413,114.50221602975853
2017-01-23,1328.3178509397792,513.5367486023742,305.0754010988824,339.5911683041282,1495.8953608591216,243.63650038230293,114.50452747072384
2017-01-24,1326.3600821758337,514.480932738654,307.7764338778426,342.5977918264797,1493.690604512929,245.19856417110793,114.5067937474521
2017-01-25,1343.5304286150224,519.1523287025361,310.13556858516733,345.2238354490119,1513.0271221728808,247.3208871795415,114.50901485276086
2017-01-26,1340.8391673508186,517.7671378230757,309.9264261360341,344.9910309410533,1509.9963376079259,247.06236620470574,114.5112812183035
2017-01-27,1348.9386798643272,518.0955202581313,309.6334921208089,344.6649548165674,1519.117665899649,246.6745370202017,114.51359284226658
2017-01-30,1339.9329991456975,516.360201138102,308.04125520650615,342.89257463777454,1508.975849316483,245.14475256156337,114.51590451289412
2017-01-31,1339.2303643762673,516.4426596191151,308.4701088368986,343.36994811610776,1508.184571768549,245.12318210438514,114.51826144109647
2017-02-01,1347.2727764324122,518.8098716420659,307.83616138146857,342.6642768090882,1517.2415959411842,245.2201537171863,114.52052798964783
2017-02-02,1359.9854808680352,519.9940088863461,308.88174130220165,343.82815205290717,1531.5581057853958,245.38177943482157,114.52283980027427
2017-02-03,1366.5810029619402,521.2830714163388,310.97288264484007,346.1558819487882,1538.9857037023671,247.07315143329484,114.52510643944065
2017-02-06,1362.4470673444014,520.2315074020929,309.84588351582636,344.90137585120993,1534.330240322129,246.63141519474544,114.52750876709635
2017-02-07,1362.29986909216,521.1500726168541,309.93156803001676,344.9967545811064,1534.1644718786058,246.64218133443438,114.5299111451443
2017-02-08,1375.223907672833,524.0823762290466,310.88542707553165,346.0585317892887,1548.7189772951483,246.96541368080477,114.53231357358554
2017-02-09,1408.4232625298198,528.0549224263107,313.4645799933166,348.92948614821364,1586.1066860268693,248.43058221240923,114.53471605242117
2017-02-10,1383.1573081054817,525.4290597370953,314.8620631267418,350.485078399361,1557.6532371898265,249.41096903560873,114.53716379102859
2017-02-13,1394.4309027270747,526.1348526854963,316.56674666558416,352.3826272428898,1570.3490824521004,250.7683234591225,114.53952115678231
2017-02-14,1423.961756288293,530.5577876129944,317.445522868469,353.3608268497435,1603.6054802436247,251.77026165060005,114.54196899808035
2017-02-15,1427.0569535048721,530.845206389497,318.55274044540147,354.5933133405032,1607.0911603870857,253.08458969315834,114.54437167945228
2017-02-16,1396.589223462979,525.8693498967076,318.4683661856138,354.4993931052007,1572.7796919434966,252.8691905437788,114.54672919355635
2017-02-17,1414.7579190228546,529.4743850079565,319.56916996951645,355.72474015613494,1593.2405081417062,253.26776677907165,114.54908675618199
2017-02-21,1423.792410344259,531.4281930893827,321.2405866542882,357.58525838428545,1603.4147700067028,254.77599986943193,114.55148958685908
2017-02-22,1422.769000347795,531.3139830624498,320.82238957283266,357.11974712063875,1602.2622489705036,254.5497200469625,114.55384724746155
2017-02-23,1426.47975846896,532.0701396163756,321.0089577598429,357.3274233487675,1606.4411477595197,254.7221691709872,114.55615973069939
2017-02-24,1438.629184644349,534.2440294010114,322.54742546067513,359.0399509470014,1620.1233174600975,255.04530607285682,114.55847226061903
2017-02-27,1437.328465639542,534.3148631911636,322.41217708697184,358.8894007778564,1618.6585027520102,255.4439395748501,114.56073960502404
2017-02-28,1412.2188349265427,529.9179670333363,321.73719903713044,358.1380567373354,1590.3810990644163,254.75442941225373,114.56314268013627
2017-03-01,1425.197630446959,532.5343306435996,325.71085867539006,362.5612901876199,1604.9972694296598,258.32038867291385,114.56595262983477
2017-03-02,1410.5021749276048,529.2503628926723,323.9222065831315,360.5702727161625,1588.4478692077469,256.6936516903746,114.56894334730634
2017-03-03,1414.308980756897,529.1480909382501,323.69905069107057,360.32186930564194,1592.734932861752,256.8552392302096,114.5721147749105
2017-03-06,1384.9483194825013,525.6914691111431,322.5031184077906,358.990631061494,1559.6701984225886,256.0904042675909,114.57542172120526
2017-03-07,1361.0644553346374,520.9385108201436,321.6778403421962,358.07198228987403,1532.77320117686,255.32539750487078,114.5788190305051
2017-03-08,1355.395885238949,520.7359459758991,320.84908066608807,357.1494580036179,1526.3894973797258,254.85134375835437,114.58208102849716
2017-03-09,1353.987352186169,520.5215199438014,320.5447725205576,356.8107208970112,1524.8032670525652,255.17469063812572,114.58534311935655
2017-03-10,1355.8272255360628,520.8355799389166,322.01045078533633,358.44222377302606,1526.8752545717628,256.0688147215125,114.58865044746692
2017-03-13,1352.3445227494074,520.3763071470465,322.55252162588386,359.04562368459597,1522.9531820511502,256.1980465755802,114.59218353251833
2017-03-14,1343.7891318995134,518.3567831052283,321.51152719030523,357.8868527207527,1513.3184628658,255.2177361079813,114.5956716017396
2017-03-15,1363.1548542107362,522.2448703290031,324.803756345907,361.5515596792568,1535.1273199436057,257.4262455006269,114.59893407951539
2017-03-16,1365.7668366927994,522.3005088692096,323.98216952534403,360.6370197745212,1538.0688240985037,256.91991242394386,114.60219665017216
2017-03-17,1359.7293566911642,521.2788714083354,324.58656453067636,361.309795112155,1531.2696695743539,256.4686508242158,114.60545931371259
2017-03-20,1363.6802852673597,520.9318941916525,323.66089444511096,360.27939612000716,1535.4130922042978,256.18731861369156,114.60885751366587
2017-03-21,1337.8529390413253,515.5233737254505,320.85876861564145,357.1602420330595,1503.874440285677,252.8979956941168,114.61230095463414
2017-03-22,1327.5988473807517,515.5149835850933,321.6961136364673,358.09232299688585,1492.7715983072912,253.49314942323366,114.61574449906114
2017-03-23,1340.9369765106098,516.1439383085612,321.499504853143,357.8734701946368,1507.589588108895,253.22260244129856,114.61914300398342
2017-03-24,1353.6808710258053,518.4595993393918,321.3662706740175,357.7251621029828,1521.8030517510094,253.0386617993789,114.62263189382352
2017-03-27,1351.292792662457,517.889573474135,320.6843145731345,356.96605052533107,1518.893480607289,252.77901457943383,114.62612088986187
2017-03-28,1367.6908572959494,521.4424986254176,322.63854757219684,359.1413824757262,1538.6879383450953,254.61838282082977,114.62960999210168
2017-03-29,1393.5751724647146,527.3139713314619,322.59084277882687,359.0882804345392,1567.9349312349448,254.85645958359666,114.63309920054621
2017-03-30,1391.4756677637056,527.241717790916,323.2743330703224,359.8490997787975,1566.185605321139,255.66792872930057,114.63658851519871
2017-03-31,1381.5192054585605,525.2267072345333,322.9111515621299,359.4448284667573,1554.5582073195617,255.072927711385,114.63998763817303
2017-04-03,1368.57930440009,522.7397063214032,322.14098591214224,358.58752744568267,1539.9356319025435,254.6292062272192,114.64352230609204
2017-04-04,1360.0900399207592,520.2788648875883,322.3405257763039,358.8096429468007,1530.3834482487825,254.7915764119606,114.64705708299465
2017-04-05,1353.7080042837836,519.5874523448151,321.86559899604214,358.2809836724473,1523.2023341914144,254.03412885370295,114.65063711079583
2017-04-06,1406.275777897393,528.88073456008,322.7997407128453,359.32081276331553,1582.351984794138,254.74828278640294,114.65417210706754
2017-04-07,1400.8999633414946,527.2760148343434,322.54414934299047,359.0363041743409,1576.3030781955126,254.48857829975736,114.65784263309003
2017-04-10,1398.9157818401382,526.8282946021743,322.9662966836699,359.5062126235354,1573.9552962067594,254.6400296336086,114.66151327662035
2017-04-11,1396.3468555874579,526.5399476318547,323.0532221320111,359.602972684986,1570.8303960753692,254.3370887881059,114.66518403766223
2017-04-12,1377.7533207051533,522.2363575653015,321.89799796549386,358.3170482120603,1549.0473984906687,253.22260244129856,114.66880977609254
2017-04-13,1370.0901235016051,520.3715994072007,320.01372155912776,356.21958763693414,1539.1521219189685,251.57794098151115,114.67243562916951
2017-04-17,1385.1151558599654,524.3419374149576,322.9315596149782,359.4675454556878,1556.4458637952816,253.8069709418263,114.6761518784
2017-04-18,1376.8297179147569,522.6407099584073,322.2078654727112,358.66197365808574,1547.1355652507925,253.04956156136896,114.67982310808047
2017-04-19,1385.5555678811816,524.8333167911112,321.92884934726743,358.35139007227724,1556.9407522281226,252.58434597562558,114.68344930940141
2017-04-20,1417.6667663803128,533.0239938484202,323.9226965351164,360.5708181005703,1593.023919663,254.6400296336086,114.68698531736398
2017-04-21,1406.6836763333058,530.2014156052511,323.4668147358686,360.06335852743734,1580.6822851042896,253.82850322120416,114.69052143435141
2017-04-24,1427.20543982507,535.414361526942,326.6719710476003,363.6311413528558,1603.7424716666915,256.62015942476745,114.6941479739558
2017-04-25,1455.0105421388796,541.9485416572306,328.49733077640286,365.663019507065,1634.9869038033569,258.11331228400314,114.69781977976129
2017-04-26,1467.5648279562809,544.3414265977817,328.20948674629705,365.3426092408786,1649.0940819327207,257.95105663266264,114.70153685162913
2017-04-27,1503.298780226164,549.8692524538411,329.01578026631745,366.24012558429223,1689.2481167595117,258.1674484048504,114.70516373954342
2017-04-28,1487.906570811761,546.4508455047805,327.952368486659,365.056401012132,1671.9519803506628,257.60474580600163,114.70874558181286
2017-05-01,1486.6674933037439,546.1647650564133,327.697707015221,364.7729275288675,1670.5596361443945,258.2539783892652,114.71246300775886
2017-05-02,1485.2601293024563,545.8593692266793,328.0623071099242,365.17877792414055,1668.9781893820868,258.35140813567017,114.71613539989983
2017-05-03,1463.470804857341,540.3731436587029,327.3120429660227,364.34363003530245,1644.4936519311648,258.0376057059777,114.71994336339614
2017-05-04,1467.586152229273,541.5373690940881,328.5682838602254,365.74200011495185,1649.1180438945516,258.3405083736801,114.72375145329652
2017-05-05,1487.4281449178745,546.8381608224977,330.0065614994079,367.343002300235,1671.4143759496696,259.3576604185833,114.72774022421873
2017-05-08,1464.8566366749087,542.0767187705003,328.9045931097073,366.11635888177364,1646.050903103563,259.3143858819258,114.73181938753046
2017-05-09,1469.9508065458303,542.6401977201593,328.71719590707124,365.9077598444506,1651.7751922296495,259.07632820805907,114.73589869587752
2017-05-10,1507.7635726770152,550.8631201132712,329.71279791232723,367.0160027473959,1694.2651781304974,259.5415628827026,114.73993302143072
2017-05-11,1511.6284479056394,551.4603590838273,329.1450745665802,366.38404804517626,1698.6081159997627,259.0114068586227,114.74387721662833
2017-05-12,1513.050022736272,551.5011885303852,328.4374784552052,365.59639558521513,1700.20553138855,258.578585136447,114.74777640306566
2017-05-15,1538.700651112383,556.5141308465106,330.3899143431153,367.76972710203347,1729.0289936623133,260.00683573514647,114.7518111462609
2017-05-16,1544.2129554649198,557.3920268155168,330.0009390937181,367.3367437841111,1735.2231380792514,259.76877806127976,114.75584603132515
2017-05-17,1506.8950296973183,549.9724982499972,325.89923068447933,362.77097431951694,1693.2892014237527,255.15953405140047,114.7598810582634
2017-05-18,1518.6869259868042,553.1937762150158,326.87849427335544,363.86103030248483,1706.5396868642058,256.18731861369156,114.76400649715924
2017-05-19,1539.8287563998076,557.6242905860424,329.3250804226009,366.5844194901615,1730.2966390281945,257.8536268862577,114.76808694992417
2017-05-22,1557.6066108901953,561.1451583188643,331.69672618212934,369.22438964632926,1750.2735109667144,259.16289637027427,114.77225781539289
2017-05-23,1548.9887704716473,559.5121188553687,331.77781111527196,369.3146484055687,1740.5896936916308,259.73632693101166,114.77638369921387
2017-05-24,1558.4186326327672,561.3278766675137,333.00734720718333,370.6832923421834,1751.1859750872536,260.34226588871763,114.7805548662004
2017-05-25,1564.5411636378644,562.6063787438297,335.0323131501341,372.93735985423393,1758.0658276529603,261.58653766769714,114.78472618477419
2017-05-26,1561.6202294836953,561.7825270331423,335.06643464721856,372.975341805638,1754.7835908920374,261.5325160802509,114.78889765494068
2017-05-30,1568.1720110301142,562.6856976042344,334.99011712594506,372.890389836,1762.1457898003894,261.3052245460731,114.79306927670542
2017-05-31,1571.212168770536,563.0481221325032,335.60940241535036,373.5797401218153,1765.5619974134136,261.24032228553693,114.79742157116426
2017-06-01,1579.5533073556792,565.0792876580683,338.544984759215,376.84744979036003,1774.934886443806,263.3176909340991,114.80177403063713
2017-06-02,1587.4706026974525,566.7979244663883,339.9706976819923,378.4344657063217,1783.8315052808855,264.1941959626403,114.80612665513027
2017-06-05,1585.0382999678136,566.3769160371717,339.17269027436043,377.54617295345764,1781.0983408165241,263.99945100323146,114.81043431592416
2017-06-06,1581.6477460710885,566.1354953796543,337.80246463594557,376.0209220688783,1777.2883950757632,263.15551163835926,114.81478726876564
2017-06-07,1580.5370217954512,565.8573674889016,338.3924498927019,376.67765736088285,1776.040280651977,263.6423740368815,114.81923063755036
2017-06-08,1606.8170481513953,570.966454097412,337.78306790376377,375.99933081989724,1805.5709937837275,263.77221673575417,114.82371929881677
2017-06-09,1583.6812658545896,566.9911934007129,338.41134888934903,376.6986945612862,1779.5734494574042,263.3718652327467,114.8282081355597
2017-06-12,1575.2848448265477,564.7561843859799,338.47790570929277,376.77278151868035,1770.1384398666921,263.3176909340991,114.83260689523532
2017-06-13,1564.7695775499062,564.9994943973579,340.17253433120766,378.6591378472633,1758.3224950405959,264.60538996093743,114.83709607942362
2017-06-14,1567.8043665210687,565.7815635011264,340.29940907869513,378.80036701084765,1761.732669798755,264.2699979851666,114.8415854391089
2017-06-15,1541.618553284554,563.2365560633677,340.2343580146223,378.72795616825493,1732.3078234026557,263.7614124182649,114.84612009915396
2017-06-16,1535.3761163179458,562.1393903954711,340.16013746427734,378.6453384176503,1725.293233203729,263.8190036300407,114.85070006044333
2017-06-19,1550.8040278457472,564.2703369921417,341.9533436334784,380.6414252073931,1742.6294878702497,266.01533430438565,114.85528020437751
2017-06-20,1545.1330319153528,562.1492819831599,339.9239151663786,378.3823902879934,1736.2570226480477,264.2213022008643,114.85981540517709
2017-06-21,1558.9163161145154,563.9836742635823,339.02066777363655,377.37695085805524,1751.7452191279879,264.15607542902546,114.86421537564216
2017-06-22,1585.0210089638858,567.3867956288626,339.0611843292325,377.4220513951716,1781.0789110157377,264.0365025584376,114.86848005997827
2017-06-23,1579.294102310183,566.8428760116782,339.5132829069768,377.9252997188709,1774.6436192381648,264.35183210014264,114.8727900603452
2017-06-26,1568.2095017704548,566.0715729895956,340.3560096210093,378.8633712524934,1762.1879179277767,264.52573198057934,114.87723567385639
2017-06-27,1562.3615027149858,564.5614756743582,337.936681960922,376.1703245380087,1755.6165553209526,262.39470443367384,114.8817266027304
2017-06-28,1583.619001197089,568.6629927589038,339.9806833183121,378.4455811023569,1779.503483023048,264.7432309089762,114.88626284779826
2017-06-29,1537.0290796189074,563.0597909103337,336.9179742715922,375.03636180901185,1727.150658474041,262.4164276020533,114.89088954345361
2017-06-30,1554.8825586926614,564.1152203960742,337.8620950876076,376.08729901921004,1747.212509318094,262.9057333797957,114.89547129010869
2017-07-03,1559.7898872315345,565.7120540561915,338.5368399686723,376.8383835105946,1752.7268459234663,263.35147828737826,114.90018861750917
2017-07-05,1574.8366121722047,567.2729491347038,338.50653003266,376.8046443544894,1769.634763433784,263.96037602460865,114.90486100851186
2017-07-06,1547.22335832162,561.8150897317203,335.65050693369795,373.6254951428956,1738.6059103020832,261.54664186636757,114.90948845315171
2017-07-07,1564.627856718484,564.6261913609777,337.92467298264484,376.1569568821825,1758.1632441646325,263.2427670009801,114.91416122233018
2017-07-10,1563.7988705365913,564.1191060891089,337.5731919574577,375.76570982801115,1757.2317172020612,263.52549270121585,114.9188341815258
2017-07-11,1573.1165261899562,565.9341020915745,337.08040116730126,375.2171654368348,1767.7019127959752,263.3297360300986,114.92350733074625
2017-07-12,1594.490771121666,569.9496793570019,339.48867234496663,377.8979047552808,1791.720027806097,265.30860595384706,114.92818066999929
2017-07-13,1603.6350442221271,571.6769513321565,339.59844392996223,378.02009573056404,1801.9953944313288,265.7544653948305,114.93285419929268
2017-07-14,1621.635793538232,575.0540963599128,341.2255266404711,379.8312641059857,1822.2227319922065,266.9939267709703,114.93748277127332
2017-07-17,1622.6400382183037,575.5716867557733,341.743907839245,380.4082941657156,1823.3511959122816,266.96128475170065,114.94224696384055
2017-07-18,1624.7360925421035,575.3865018135923,341.7916246803351,380.4614096176836,1825.706519994013,267.10267623516876,114.94701135388493
2017-07-19,1637.7270241633544,577.6782584506402,343.3009935460035,382.14154618276854,1840.3043544796155,268.548813133316,114.95195647300874
2017-07-20,1637.319374727957,576.7429636994715,343.5749407133376,382.446487316251,1839.8462811743607,268.66836691500373,114.95708227309687
2017-07-21,1640.2871158698179,576.6898175712166,344.48812847857306,383.46299175731804,1843.1811146757645,268.4291257293272,114.96225340970615
2017-07-24,1645.4400490706978,576.7328948580598,343.4420328243499,382.2985424307053,1848.9714358147633,268.3639180463885,114.96746988447411
2017-07-25,1654.2603508077973,579.4204878464773,343.7643373331659,382.65731198178855,1858.8827576987635,269.016281209278,114.97273169909204
2017-07-26,1622.115333603421,571.929469875754,343.37996673064924,382.2294542734963,1822.7615883810283,269.02710461566744,114.97776818403625
2017-07-27,1636.056498300933,575.6703632131525,343.333112436803,382.17729895605675,1838.427194260894,268.7770400236015,114.98271462634528
2017-07-28,1649.2681198566568,577.8528644521334,343.52788832772353,382.3941114952417,1853.2730167453556,268.4617295707966,114.98752584737751
2017-07-31,1647.9514076854941,577.7644295900261,343.62186259424345,382.4987178674467,1851.7934349185703,268.3095337698392,114.99229211424498
2017-08-01,1668.7862041564354,581.9571615483517,344.5925424540606,383.57921897129603,1875.2053748233639,268.9075699228799,114.99710373602797
2017-08-02,1665.4925430286505,581.815057810453,344.41802918571256,383.3849615370043,1871.5043069248607,269.0379852887573,115.00191555914364
2017-08-03,1652.9216217993464,578.4301958291792,344.32464625397364,383.2810134022986,1857.3784356796652,268.5161902029465,115.00672758360038
2017-08-04,1657.3945540230618,579.7209308441586,344.7061483072936,383.70567801809756,1862.404643666189,269.00534326948764,115.01153980940661
2017-08-07,1667.9941187028178,580.7461168510645,345.03689801988855,384.07384825047916,1874.315312995046,269.50556789812026,115.01612636748717
2017-08-08,1644.9708920752635,576.3494030596494,343.60988783357675,382.4853883005583,1848.4442468211794,268.842343151041,115.02084864869042
2017-08-09,1640.1138143792086,575.8603825078613,342.82100042619743,381.6072473709151,1842.9863767963125,268.8314243001508,115.025571123779
2017-08-10,1593.1148797849282,566.595137346161,338.81228131265243,377.1449878695968,1790.1739466943293,265.03683728230186,115.03024861343383
2017-08-11,1595.0768140437378,566.7540230673635,338.8515332631519,377.18868072611855,1792.3785608372352,265.4282360911354,115.03483591760487
2017-08-14,1606.6841646068206,568.4956230129983,342.002538910631,380.69618636343216,1805.421673315718,268.0594691777733,115.03942340471352
2017-08-15,1604.0294774982171,567.6108435607114,341.5937917975689,380.2411942232411,1802.4386168150543,268.0268080696035,115.04405626844559
2017-08-16,1612.4278126744732,569.309686513063,343.0898116942274,381.9064715372511,1811.875777323008,268.4943525011661,115.04859892329824
2017-08-17,1586.5756929276758,563.14230242606,338.52988741862725,376.8306443596041,1782.825900365116,264.3083094077831,115.05305134066833
2017-08-18,1576.4854789226272,559.9598068412064,337.99144523766137,376.231283648646,1771.4875854340257,263.8952065194702,115.05759435070239
2017-08-21,1570.8077310619901,558.6708656983735,338.74519689830873,377.0703136265749,1765.1075331069865,264.1017102413763,115.06209233039013
2017-08-22,1599.578306429195,563.7535838712874,341.39272703469584,380.0173812986898,1797.436861711794,266.8634923161927,115.06659048591868
2017-08-23,1591.2093053980354,562.3157972565625,339.0571243775685,377.41753210674875,1788.03266381248,265.9066421068877,115.07104359956797
2017-08-24,1577.8266878992354,559.7960973803656,337.22189402048775,375.37466657638,1772.9946941789517,265.28694005216806,115.0755873200483
2017-08-25,1589.9443745267743,561.9070003850552,338.678748720863,376.99634760332543,1786.6112683319438,265.9066421068877,115.08017643228669
2017-08-28,1585.2123740313557,560.8092444177321,337.98873546559656,376.22826729708856,1781.293946831697,265.9175418688778,115.08458484418976
2017-08-29,1587.0892058025343,561.664970083234,338.45454188687876,376.7467743489094,1783.4029318030418,266.22193347079246,115.08917431524144
2017-08-30,1609.964351420292,566.14345301528,340.0154275327139,378.4842562243701,1809.107600205409,267.4831561931121,115.09376396931712
2017-08-31,1622.9821515714293,568.7823303947239,341.6964032293455,380.35541495645333,1823.7356267021457,269.09238865420673,115.09826336299417
2017-09-01,1640.7716179118756,572.6478040522375,342.0763578255282,380.7783570381663,1843.7255468092014,269.47298314555104,115.10280815828008
2017-09-05,1629.6981750313405,568.4822869828699,340.97621360328867,377.7538786342769,1831.2823832957092,267.5375786474617,115.10739835606134
2017-09-06,1645.9626882732864,573.4852004633701,341.5997301290851,379.58988711516685,1849.5587224542053,268.4509443422075,115.11216959167965
2017-09-07,1652.8619872411414,575.494535686476,341.7547543618795,379.72152809837314,1857.3114246726277,268.41828323403763,115.11685060284222
2017-09-08,1618.5094350789468,568.1837426993609,340.6190815482469,378.0635041111059,1818.7096611315567,268.1028964256321,115.12148658471978
2017-09-11,1618.694134356698,569.2536179604494,340.9882203857073,382.10122327446703,1820.8360284253015,270.96256638045725,115.1262131917562
2017-09-12,1632.8110415054034,573.0504613913427,341.2516684092741,383.57741027553334,1838.237924414946,271.8758366307022,115.13084955068359
2017-09-13,1655.9926858129954,579.312395743025,341.74979880873934,384.302168272121,1864.5039656894548,272.0063665299806,115.13548609632629
2017-09-14,1641.326841129464,575.606243674664,341.4114106313105,383.8119327719578,1847.8792459967672,271.91932114526145,115.1401680556494
2017-09-15,1655.1515065564472,579.0239828283492,341.56814762228925,384.4606930329667,1864.0295988378998,272.2853889835858,115.1448502053634
2017-09-18,1658.2201731040584,578.9002504169907,341.56405249812076,385.1836063709833,1868.245400085028,272.86450803657016,115.14957777165299
2017-09-19,1654.4172211805069,578.3322048476915,341.6719918206958,385.6358346524277,1864.1946584455582,273.1376511089267,115.15426030401099
2017-09-20,1669.660377886777,582.3493927799991,342.4126120159977,386.5897594405239,1881.4516638023138,273.23601621143933,115.15889779245074
2017-09-21,1667.138105263365,581.8273793905503,343.1649303706277,386.5518213201459,1877.9838192843808,272.5038805347908,115.16353546765127
2017-09-22,1693.842736344182,587.3103782283323,345.58519939215614,389.3463018546977,1908.1158885442921,272.55855114484245,115.1681280871837
2017-09-25,1677.7836838565402,584.0158342550156,344.2782193139324,387.21249830225906,1889.6412228054253,272.00126979363847,115.17285660920626
2017-09-26,1676.0020864964804,583.8833241512691,343.8329364517658,386.892464405785,1887.6346591188167,272.16520526819284,115.1776305580885
2017-09-27,1684.1699253173265,585.2446865498255,343.22196219299667,387.3758179604111,1896.8338694136887,273.225078271649,115.1824047048523
2017-09-28,1696.3309581797162,587.8806863543474,344.99353733229657,389.7319141589445,1910.5305033896736,273.5529301318576,115.18713381303793
2017-09-29,1706.0362866223597,590.5417180228985,346.5072725865496,392.49797014385445,1921.4613455968945,274.5144952995015,115.19186311538918
2017-10-02,1717.4554048722403,592.4475682002239,346.65343618628276,393.8261186419905,1934.3223817249043,275.7054899581409,115.19641160657542
2017-10-03,1733.556375574944,595.4043701962748,346.5682628173222,394.29446256953355,1952.4564583998401,276.29550877311533,115.20118653181925
2017-10-04,1732.5538671054526,595.0456232581555,346.1470026409356,394.13076868791694,1951.3273609194025,276.6233033666234,115.2060068943701
2017-10-05,1738.5377707997834,596.1180354308983,346.2109285150122,395.77245150965933,1958.066865661822,278.2623145119641,115.21078221734143
2017-10-06,1730.6123189150317,594.6221254145813,346.096034650187,395.3388648074,1949.1406490494608,277.9454769471466,115.21555773825132
2017-10-09,1724.3018853597057,588.6164187172291,344.5534754790086,392.8869187079936,1937.398609969245,277.4865225206549,115.22033345710794
2017-10-10,1723.089421418233,587.4430083723382,344.05172498106134,393.22328827947075,1939.882404040192,278.2186391084033,115.22515462082349
2017-10-11,1714.498941995891,581.422527582757,343.4949659956469,393.1301221932306,1932.50860218355,278.6557176553142,115.2300664704879
2017-10-12,1715.6685508442292,582.0621957313901,343.33540076609574,392.43181717546855,1931.6429246085493,278.2405722546845,115.2349332877283
2017-10-13,1714.2094692869136,580.4805952594581,342.5099710893731,391.90920821333003,1931.7803834271824,278.579190254582,115.2398003105219
2017-10-16,1713.3674005952494,579.653608996462,342.54700549923325,392.40492542719136,1932.7394374865512,278.9507556961517,115.24475802567802
2017-10-17,1713.132792509067,579.4644685553752,342.5460119657481,392.6797779001668,1933.668810516717,279.1474668122768,115.24962546342586
2017-10-18,1717.1207256447783,582.6795300845258,342.5629003227148,393.0822640435738,1939.8236125535761,279.42055261793286,115.25449310675309
2017-10-19,1716.9057032743249,582.5061795975378,342.56198973208444,393.1885106142809,1940.0452650382465,279.49702275196466,115.25940620706659
2017-10-20,1715.8500154060305,581.6550867289661,342.557519036875,395.2070783423105,1947.6093045354019,280.9393991367808,115.26436476568522
2017-10-23,1714.4529579334185,580.5287825555121,342.55160268760403,393.66118440051696,1938.000139653536,279.84669322505346,115.2692782868105
2017-10-24,1714.4529579334185,580.5287825555121,342.55160268760403,394.3529831223273,1941.4058755315152,280.3384805598164,115.2742825184197
2017-10-25,1714.4529579334185,580.5287825555121,342.55160268760403,392.40086638599354,1931.795574446342,278.9507556961517,115.2792869672796
2017-10-26,1714.4529579334185,580.5287825555121,342.55160268760403,392.9081353241498,1934.2928673264762,279.3113641090308,115.2842463811856
2017-10-27,1714.4529579334185,580.5287825555121,342.55160268760403,396.1205969274202,1950.107865813692,281.5950455904975,115.28916074982989
2017-10-30,1714.528893361952,580.5890061543661,342.55362605778595,394.636865578055,1942.5430657673412,280.5460723490314,115.29416584460445
2017-10-31,1713.8487906287767,580.0495598591989,342.5355054723947,395.2206201301832,1944.421543737314,280.98316998484245,115.29930690408337
2017-11-01,1711.2594162001321,577.995710677015,342.4665144536039,395.65502782839576,1943.7411602514287,281.3546208930112,115.3045839061703
2017-11-02,1713.7180507939213,579.9458591738418,342.53202205404335,395.8815269026269,1947.1860084768914,281.4638666686137,115.3098159143707
2017-11-03,1714.0057058154525,580.1740224028392,342.5396863040553,397.19018263347016,1953.205122781635,282.4035750455771,115.31509339743248
2017-11-06,1714.0961382387886,579.9340117117104,342.543855279839,397.788687848821,1955.3129906674503,282.8406345035879,115.32041635710578
2017-11-07,1703.89736958627,576.582504631996,342.36728216161185,397.3150787369508,1942.6784327102541,282.64405700976386,115.32587524725201
2017-11-08,1701.7884943880763,576.5513275925655,342.39326474838265,398.00288793035145,1942.7684598563208,283.12471551573486,115.33137961729678
2017-11-09,1700.1360090456008,574.940843871504,342.2638617466838,396.44759785075354,1935.562025667372,282.09767542054993,115.33692946925929
2017-11-10,1688.3287145241193,570.5586927873344,342.0120338241082,396.03610499749766,1921.6612660085511,282.01022916892754,115.34243436690922
2017-11-13,1689.9219044759689,570.3527778687586,342.01016509560696,396.4138689582427,1924.7421449671697,282.27247247929404,115.34798475083642
2017-11-14,1709.1387227496307,575.957923191191,342.18189191079347,395.7007563615545,1943.2115374291927,281.61684511447754,115.35362583992604
2017-11-15,1708.1652079127512,575.6299972130952,342.1735954314464,393.7317916498818,1934.8976811943728,280.20730163793263,115.35922198586981
2017-11-16,1716.2847265897283,578.2968875206362,342.24341628291893,397.1236513069927,1956.2997445621072,282.5893482219119,115.36490884128403
2017-11-17,1717.3627914784706,578.9544600206414,342.24990453971907,395.97678122857536,1953.2772152354314,281.75892379835136,115.37064119159174
2017-11-20,1718.5762611507766,579.5282761810997,342.25556198581586,396.651857418711,1957.1265202463887,282.23973501552354,115.37646424698303
2017-11-21,1719.7244444042537,579.046373379151,342.267842504947,399.236803112787,1968.0180150090152,284.0863188611791,115.38228759627903
2017-11-22,1721.8979927401424,579.9126878835887,342.28369634588176,398.905363729891,1969.1879376532015,283.83505166840325,115.38806602702937
2017-11-24,1721.981380321689,580.1017936385803,342.28365661815593,399.8180494959517,1972.6858360130666,284.49067903321975,115.39379952799115
2017-11-27,1723.000265015333,580.7139417573454,342.2837488745342,399.6171609440143,1972.8275020844028,284.34861943824615,115.39948808797203
2017-11-28,1727.6927254899633,582.9490283104514,342.3020163525315,403.682439178252,1995.6940957635545,287.23321949667724,115.40531259934097
2017-11-29,1735.7060132556815,586.7658727629849,342.3332116196494,403.4739429771958,2003.8154176321052,287.0584987935338,115.41109218320058
2017-11-30,1736.4279334293512,587.1097337462173,342.3360220132498,407.0004235670397,2019.880755072881,289.57164794379617,115.41678159565629
2017-12-01,1727.8371122785936,583.0178018188184,342.30257844197234,406.1188399341059,2006.3943976404103,288.9706721001312,115.42247128858253
2017-12-04,1728.3354098296375,583.3981481969697,342.3002103722359,405.6510801629016,2006.7315176289364,288.6210016270424,115.4282969599732
2017-12-05,1730.9251909118134,584.1364468902714,342.3191544469122,404.2302977795669,2004.3520409221828,287.58292814756635,115.43412292540062
2017-12-06,1726.1043566899107,582.7240109597918,342.2833057577206,404.26343416222335,1999.0046963350235,287.63756057981766,115.4399491848796
2017-12-07,1724.1264278469298,581.3265801476355,342.25604886639866,405.49196382272,2001.4162434580594,288.5445124041105,115.44573050336517
2017-12-08,1731.22144165406,583.5422236320264,342.3109092108056,407.7453620266734,2017.8972807871141,290.11797226630966,115.45146686960878
2017-12-11,1742.9049838774527,586.4746821265742,342.48658196036865,409.1618013854951,2035.7171027925235,290.99207209343103,115.45742969651111
2017-12-12,1741.1222182707456,585.2483285422877,342.6415434759333,410.02985191751736,2034.974188369933,291.5056971299743,115.46343805549952
2017-12-13,1748.4576616862514,587.3392302966084,342.72308076079275,410.08358251086713,2043.4563365856689,291.4728451328029,115.46926579458913
2017-12-14,1735.1632843721748,583.7768820933372,342.3689056606585,408.07692328693963,2024.8228121935565,290.28186956306365,115.47518430756715
2017-12-15,1745.6192441852465,584.7497326019127,342.7389114623577,411.73295761227047,2043.338757229978,292.69911607893374,115.48105788393747
2017-12-18,1758.5488809037586,587.9843468853127,342.8454549999934,414.24567265522455,2062.6168237310007,294.55522528576796,115.48724836156573
2017-12-19,1743.8407473982672,585.8030897414087,342.1978727201569,412.3195131237127,2045.3655298127348,293.4240361513227,115.493393953024
2017-12-20,1729.087646991075,583.3290177389698,341.2566410814798,411.02695982713306,2028.061493835965,293.27016052715146,115.49958509193961
2017-12-21,1734.5502076981757,580.8505111331192,339.89091221736874,409.9881181053626,2034.468577390746,293.87422877264197,115.5056408808615
2017-12-22,1729.444838573524,579.9211237237516,339.71413544251834,409.6968857325563,2028.4804468575471,293.7973959495072,115.51160650573827
2017-12-26,1721.5953462944915,579.0973427259353,338.65329806172997,407.75971669592406,2019.273711117476,293.44589294200324,115.51820546906023
2017-12-27,1731.3306627962322,580.5015360813735,339.7682538861839,409.1021931274539,2030.692346003825,293.5887733596836,115.52466922554669
2017-12-28,1728.6067110473773,580.1930223742236,341.2279147276121,410.85971592312563,2027.4974000087307,294.19276524957354,115.53090726922849
2017-12-29,1714.1389853266348,577.6408735154528,340.3575692009062,409.81176556378085,2010.5280824101246,293.0835474392097,115.53714564974908
2018-01-02,1753.3980099487515,584.3176330412484,342.04852221152066,411.8477785732532,2056.575323716964,295.18120758863955,115.54361046602276
2018-01-03,1773.9160605486243,587.5900165011417,344.1321176605725,414.3565575955663,2080.641118428176,297.0482929130645,115.54993999043054
2018-01-04,1796.7104776507201,591.5596758699726,343.9166287935169,414.09709554430464,2107.376882621299,298.30035296330834,115.55626986157219
2018-01-05,1800.9958345882621,592.0805033688805,345.10004502256015,415.52200257769164,2112.403213939724,300.2881946701309,115.56250961160941
2018-01-08,1811.7452657473978,594.0602781539567,346.8594724221257,417.6404630270659,2125.0113124663776,300.83734414986776,115.56902106348967
2018-01-09,1778.0204586559237,589.9098030759124,343.97595778841105,414.1685313587151,2085.4552016074017,301.5182833962933,115.57548766333426
2018-01-10,1748.9242422857467,586.4168171312489,341.1865213602081,410.80987572413085,2051.3280038685466,301.05690467948165,115.58186416877237
2018-01-11,1770.6926473298838,588.6663592722551,341.6606984841742,411.38081458945055,2076.860349859835,303.25344533172836,115.58828625885093
2018-01-12,1771.4612659322574,588.7108783699438,340.71364141434896,410.2404987422494,2077.761869105336,305.23038727656086,115.59470870576092
2018-01-16,1720.3376839387536,582.3199153178714,338.9093438824873,408.06801185185753,2017.7985883263557,304.18704526064124,115.60122197192203
2018-01-17,1717.8208614911848,582.319722147622,340.58721104741375,410.08826868602887,2014.8465860368137,307.0864010388943,115.60769037355043
2018-01-18,1713.1999576182418,580.7624450449113,338.5384278416842,407.6214057783851,2009.4266888860006,306.57025626753017,115.61420437117283
2018-01-19,1738.6608482590048,584.0788817876157,338.93440627609107,408.09818853867597,2039.2899823963999,307.96504402425325,115.62067349922411
2018-01-22,1746.5380376317464,583.9733601631469,339.838126846822,412.63469179597433,2052.8490205155254,310.46912594694066,115.62718822839
2018-01-23,1785.163917895905,589.4044841443073,339.8374372503551,413.50326462193937,2099.237474581477,311.12807478038457,115.63365808294571
2018-01-24,1770.7084163255563,586.9229894710543,339.82688901597453,413.33119648499996,2082.0848945197945,311.00728022018666,115.64008305085623
2018-01-25,1754.5235465945098,586.023407039385,339.82170871751134,413.4987419834829,2063.321671055745,311.1389936312748,115.64646312013691
2018-01-26,1751.3807961308112,584.6566044834652,339.8202541501242,418.2498439242686,2065.5920413685385,314.74133633563554,115.65279827885354
2018-01-29,1739.4283282835013,582.5132363530668,339.8039608046289,415.4625840522876,2040.6679431295152,312.65459503709593,115.659314818113
2018-01-30,1739.4283282835013,582.5132363530668,339.8039608046289,411.20126192999305,2019.7371932037393,309.4477552551026,115.66578647029405
2018-01-31,1739.4283282835013,582.5132363530668,339.8039608046289,411.4055324562042,2020.74052859558,309.6014781680726,115.6723489937281
2018-02-01,1739.4283282835013,582.5132363530668,339.8039608046289,410.9383711149363,2018.445926843248,309.2499178938682,115.6790023859969
2018-02-02,1739.4283282835013,582.5132363530668,339.8039608046289,401.99237220966626,1974.5049947689442,302.5176445862495,115.68565616096417
2018-02-05,1722.116560555307,577.8106505361902,339.7953849456568,385.184209970367,1897.6603142944812,289.8655788284245,115.69244604570059
2018-02-06,1725.7775875340276,578.7658654747406,339.79825055338836,392.76870235690274,1925.0737947907905,295.57667233320666,115.69928156507689
2018-02-07,1742.9536299211982,580.8684106682352,339.8114467342642,390.6556698259506,1937.8872330233432,293.97318563105944,115.70625317807976
2018-02-08,1733.8028889049056,578.3411835109339,339.8077783261858,376.0141389130867,1882.6127590816463,282.9465206327627,115.71322521116639
2018-02-09,1735.8891258315061,579.022282138669,339.80598959252694,381.65407166951576,1902.2951920521218,287.19683605297666,115.72019766436206
2018-02-12,1739.4707587415571,580.0840785790061,339.9632181834581,387.1030242610054,1916.1267377620088,291.414146764818,115.72753224728754
2018-02-13,1750.2351127993418,581.7959869374112,340.35790348283206,388.3808497834774,1927.9842907109187,292.1390477483067,115.73468646430605
2018-02-14,1777.8957631949097,587.2785002145805,341.421643308448,394.10398740154943,1958.454082479755,296.08187916478045,115.74179590201913
2018-02-15,1806.5550982087789,591.5977803525958,342.21457194436204,399.3314050397253,1990.0239825948236,299.8598779283924,115.74890577645613
2018-02-16,1787.9691460625108,588.4608086972019,341.8164376045332,398.98090497377524,1969.550491059965,299.94768686911783,115.75615175573427
2018-02-20,1778.5808814493096,586.2542112515174,341.31032623464336,396.1859860830737,1959.2087795042296,298.06970178270285,115.76362422759826
2018-02-21,1778.967701394219,586.3136599094107,341.22895407482025,394.2937175792564,1959.634883843964,296.5869523740531,115.77100677370194
2018-02-22,1786.9681206733067,587.1263393761348,341.65092102389985,395.25074681051717,1968.4478042204225,296.9714791788299,115.77834457701277
2018-02-23,1781.969739898659,587.3624549310932,341.6465028673338,400.98428847483774,1962.941801317133,301.7049919287358,115.78568284540857
2018-02-26,1788.4876772796938,588.0510595260314,341.8935094508552,405.5017012440155,1970.1216829150828,305.2084541302797,115.7932024296449
2018-02-27,1775.0004022515284,586.3382458105218,341.515093227527,400.4714689099761,1955.26467645427,301.3975270138957,115.80067729326184
2018-02-28,1758.7175037340826,584.0925093474741,341.25065471507446,396.4868719563479,1937.3281304900743,298.34418107807045,115.80810742308753
2018-03-01,1766.4266143667417,583.9390424530442,341.34572710713223,391.3804313888626,1945.8201576962633,294.006056717131,115.81540234539337
2018-03-02,1804.8686014546354,589.1991861171941,342.0210292958952,393.999490928951,1988.1662097593085,295.5217344785528,115.82278819352172
2018-03-05,1798.5648902978269,588.3740655088678,341.8958135168622,398.58013883523006,2013.2189672835395,298.9373113837706,115.83040061528047
2018-03-06,1798.5648902978269,588.3740655088678,341.8958135168622,399.59044323109094,2018.3219911783603,299.6950452755306,115.8379231036672
2018-03-07,1798.5648902978269,588.3740655088678,341.8958135168622,399.4441724321739,2017.5831807910688,299.5853413663243,115.84544608059433
2018-03-08,1798.5648902978269,588.3740655088678,341.8958135168622,401.37715109327604,2027.3466108386806,301.03508606660137,115.85292431672502
2018-03-09,1798.5648902978269,588.3740655088678,341.8958135168622,408.36195715383013,2062.6267030304234,306.2737292924804,115.86040303560247
2018-03-12,1798.5648902978269,588.3740655088678,341.8958135168622,407.849462146523,2060.0381027244375,305.8893551989049,115.8680631515008
2018-03-13,1798.5648902978269,588.3740655088678,341.8958135168622,405.2135590162211,2046.7242176087527,303.91241325407236,115.8758142103672
2018-03-14,1798.5648902978269,588.3740655088678,341.8958135168622,403.1341822978072,2036.2213343946714,302.3528692000882,115.88370141838715
2018-03-15,1798.5648902978269,588.3740655088678,341.8958135168622,402.69498812587176,2034.0029748952627,302.0234711389669,115.891634367696
2018-03-16,1798.5648902978269,588.3740655088678,341.8958135168622,403.13171348494916,2036.2088644786165,302.3510175767729,115.89961306317063
2018-03-19,1798.5648902978269,588.3740655088678,341.8958135168622,397.67703691110023,2008.6574205683382,298.2599799394748,115.90768270711145
2018-03-20,1798.5648902978269,588.3740655088678,341.8958135168622,398.3534407308357,2012.073920455698,298.76728655006593,115.9157981090035
2018-03-21,1798.5648902978269,588.3740655088678,341.8958135168622,397.58887229522264,2008.2121031537606,298.19385598932854,115.92359759136959
2018-03-22,1798.5648902978269,588.3740655088678,341.8958135168622,387.65032253765764,1958.0127205711467,290.73988863344755,115.93130712752672
2018-03-23,1798.5648902978269,588.3740655088678,341.8958135168622,379.38766403213594,1916.2782255405764,284.54284899735075,115.93910765342889
2018-03-26,1798.5648902978269,588.3740655088678,341.8958135168622,389.76736774091535,1968.7058664219412,292.32768425966515,115.9471348344546
2018-03-27,1798.5648902978269,588.3740655088678,341.8958135168622,383.1367726962876,1935.2148857944817,287.35470125728085,115.9550721261694
2018-03-28,1798.5648902978269,588.3740655088678,341.8958135168622,382.00465656497914,1929.4965936703975,286.5056078893661,115.96282900554979
2018-03-29,1798.5648902978269,588.3740655088678,341.8958135168622,386.88567774700766,1954.1505176017022,290.16640080600973,115.97058640383099
2018-04-02,1757.855222028499,581.5146712438668,341.1975983304171,378.4034414809381,1904.61123350518,283.9032753975669,115.9785253009494
2018-04-03,1775.9240283644751,584.3885542973196,341.4960643044183,383.1542246367429,1924.1885292302607,287.5421542568295,115.98637425424977
2018-04-04,1774.2421411557657,585.9551257003643,341.577505297865,386.9776662558774,1922.3662282631196,290.61850231734473,115.99404269874104
2018-04-05,1795.9001222191207,589.3796247596515,341.90966436650024,390.1346994622807,1945.8323439655876,292.91209093799324,116.00175691987268
2018-04-06,1774.594593757889,583.9406841689702,341.5317589387833,381.7901311561366,1922.7481056651204,286.3843361066642,116.00951692225844
2018-04-09,1793.0856999156417,584.4175846271721,340.74383045685283,382.9372952401556,1942.7829572653293,287.79571211762425,116.0174132308928
2018-04-10,1838.5268766265397,592.887496269497,347.38926804499874,390.40562090955916,1992.01782856912,292.3717987079296,116.0252195505094
2018-04-11,1824.6024718813342,590.1484366943987,344.0392700169344,386.6408009208687,1976.9309332632672,290.839074558667,116.03298112244099
2018-04-12,1861.509740847413,596.8912752594645,350.04574197230244,393.39103942538026,2016.9194364061339,293.2318109267346,116.04083376108912
2018-04-13,1813.4968869708855,592.2758751939225,345.735206146768,388.5467406222212,1964.8981893205225,292.3717987079296,116.0487322013367
2018-04-16,1853.2375661810725,597.0435050255724,348.3833999308438,391.5228536851815,2008.1401158666563,294.7756066380887,116.05676697234743
2018-04-17,1852.3854587012722,599.4210276670728,348.9211529102375,392.12719528444177,2009.89514409482,297.929188388642,116.06484755831002
2018-04-18,1855.8527480755708,600.0726970568953,348.321546463,391.45334105557464,2013.8390079329415,298.1497797188644,116.07297396426928
2018-04-19,1851.3231517569416,600.0498773477653,349.0844313873409,392.3106921310586,2007.526934231016,296.49584105360043,116.08114619532394
2018-04-20,1877.7175888097227,603.5469115187218,347.97774967127384,391.0669727584309,2033.9880122985733,293.98173745833014,116.08927374244992
2018-04-23,1865.826602121559,602.0837765306565,348.03405422711916,390.54051378156464,2021.5873351709176,293.9376039211655,116.0976733670492
2018-04-24,1795.9685731436955,592.9788693492085,344.3921512301556,383.8776911791879,1945.8975007130575,289.9790814287622,116.10607359940225
2018-04-25,1804.5513673976097,594.4019078637539,344.80142182142026,384.8029510699138,1955.1967936614815,290.6956978295825,116.1143839413608
2018-04-26,1899.5275408041632,609.054315265431,352.10114882193665,394.92388345169934,2058.101655819287,293.6508695518967,116.12255908792531
2018-04-27,1886.3095374910242,607.5336579523333,352.64312619316786,395.71184673441394,2043.7802027626606,293.92651327017387,116.13068953461979
2018-04-30,1900.6878595699256,606.6664341081149,352.95920113146366,392.3965267561502,2042.6521520975427,291.6661011579995,116.13909215585345
2018-05-01,1892.5201275130764,603.3306071864852,352.944391484146,393.0754176749133,2036.5291186143181,292.184345708381,116.1474048611293
2018-05-02,1895.7654211059337,604.6966688658199,352.94980738151924,390.44744825074235,2029.7307763026326,290.22168226086643,116.15567288954462
2018-05-03,1902.390249691826,607.3228737890656,352.9627356701295,389.60353382795955,2033.5448802239398,289.5820513943821,116.16389622702658
2018-05-04,1904.673126404808,608.3536701916262,352.96574019007545,394.6385013148954,2055.717846494129,293.3311495631553,116.1721201466866
2018-05-07,1906.3137540486134,609.0237512002258,352.96871468777863,395.9732115460254,2062.5088057253793,294.32344786005314,116.18048049300522
2018-05-08,1906.3137540486134,609.0237512002258,352.96871468777863,395.9732115460254,2062.5088057253793,294.32344786005314,116.18888671685733
2018-05-09,1906.3137540486134,609.0237512002258,352.96871468777863,399.80056407136846,2082.444367162261,297.16828573945577,116.19733882366809
2018-05-10,1906.3137540486134,609.0237512002258,352.96871468777863,403.53910967041674,2101.917359258209,299.9471142021131,116.20583681891667
2018-05-11,1906.3137540486134,609.0237512002258,352.96871468777863,404.7703876560375,2108.330726661836,300.862312431274,116.21442597618696
2018-05-14,1906.3137540486134,609.0237512002258,352.96871468777863,404.963230689452,2109.3351896985837,301.00565098255817,116.22310629782727
2018-05-15,1906.3137540486134,609.0237512002258,352.96871468777863,402.1742617531421,2094.8082650928136,298.9326346032319,116.23174200189385
2018-05-16,1906.3137540486134,609.0237512002258,352.96871468777863,403.86544559072547,2103.617147753076,300.189676856417,116.24033307390177
2018-05-17,1906.3137540486134,609.0237512002258,352.96871468777863,403.52434275814966,2101.8404427252317,299.93613808452244,116.24892478090419
2018-05-18,1906.3137540486134,609.0237512002258,352.96871468777863,402.515415948891,2096.585237656425,299.1862115529269,116.25747183811231
2018-05-21,1906.3137540486134,609.0237512002258,352.96871468777863,405.5417597896956,2112.348578808827,301.43566663641076,116.26615537494665
2018-05-22,1906.3137540486134,609.0237512002258,352.96871468777863,404.4143381400888,2106.4761687258297,300.5976639194876,116.27483956037423
2018-05-23,1906.3137540486134,609.0237512002258,352.96871468777863,405.52689015108234,2112.2711272043152,301.4246141632194,116.28343381786507
2018-05-24,1906.3137540486134,609.0237512002258,352.96871468777863,404.69621923407703,2107.9444050144625,300.80718368761853,116.2919834123071
2018-05-25,1906.3137540486134,609.0237512002258,352.96871468777863,403.73200406700437,2102.922089830724,300.09049093119756,116.30048832930856
2018-05-29,1920.4754598683685,611.4127548517711,353.10193787876494,399.3639645695015,2103.16805707855,296.63910324928395,116.30917507914313
2018-05-30,1946.3203246389812,616.2833224579962,353.4689189528971,404.72116826847065,2131.4715137802527,300.5976639194876,116.31786247781096
2018-05-31,1909.943119764195,610.8498555538729,352.951111338199,401.83473406944466,2091.633787708139,298.75617681017417,116.32650522252852
2018-06-01,1933.3011790067371,614.4329992740002,353.2685159660203,405.85584453569754,2117.213871963749,301.68928176390597,116.33510329879913
2018-06-04,1943.8049811055196,616.0786827453483,353.3814454013569,407.69504927103947,2128.7168885415026,303.1228581657495,116.34383793922325
2018-06-05,1947.76553321394,616.2135932212143,353.4454480869189,408.0123216731451,2133.05420336634,303.34329678477064,116.35257323545925
2018-06-06,1956.3898136625323,617.5887375140578,353.84459457700206,411.2739023731266,2142.4989015849833,305.8794098819227,116.36130918755637
2018-06-07,1948.3555172762563,616.7972342981253,353.6507207426238,411.01395507364225,2133.7003119264227,305.8463479068496,116.37000048024015
2018-06-08,1966.1260311446358,619.6542199528369,353.9550729569275,412.36351073830747,2153.1613141140833,306.7505127517193,116.37864709895813
2018-06-11,1966.800397211092,619.425315217911,353.97193498956744,412.51651578002225,2153.899831840233,307.15853799259025,116.38738500872594
2018-06-12,1974.8313893312788,620.9611760035015,356.15852577645114,415.0647539980285,2162.694802901714,307.55545349356936,116.39603291916333
2018-06-13,1975.559693074139,621.5335238993509,356.51957949979123,415.4855235823911,2163.492389332701,306.5740167808612,116.40472680544217
2018-06-14,1985.581946960523,623.4450970543339,358.3216683456489,417.58566582062025,2174.468048576594,307.3460482588394,116.41342134108726
2018-06-15,1975.6879077466283,621.7872683919629,356.3430090235957,415.2797495352709,2163.632800917885,306.9539431607,116.42211652614714
2018-06-18,1965.5149403142589,619.8786154160459,355.6887506855472,414.51728126207394,2152.4920909236394,306.32263505468444,116.4308576996746
2018-06-19,1968.7387299955283,620.3620566998294,356.0280722698758,414.9127243575845,2156.0225559683995,305.14849589488426,116.43959952950448
2018-06-20,1975.1650440413391,621.6706252025577,358.5744483793717,417.8802539742635,2163.060197796341,305.6691265577855,116.44829666987319
2018-06-21,1973.2264089450866,621.4357885711539,356.4459051224097,415.39966395778424,2160.937142597787,303.7528682265543,116.45699445985124
2018-06-22,1942.2565658382148,615.6840942383371,353.1602588343112,411.57059383986115,2127.021174330443,304.30659904232897,116.46564754246687
2018-06-25,1867.3071917695631,601.6700253847616,342.9798509855831,399.706414904035,2044.9419534639483,300.16421226360666,116.47434662842134
2018-06-26,1889.808561763505,606.2218958956801,345.395847648944,402.5220011898096,2069.5838526189664,300.8288305003974,116.48304636413047
2018-06-27,1856.8938860715493,599.9551136055269,340.0745069225737,396.3205464451409,2033.5380421043324,298.33664096250817,116.49170138247594
2018-06-28,1863.8938759934408,602.2374466623912,342.7211645593363,399.40494348021116,2041.2039329273282,300.0423678139,116.50035704391362
2018-06-29,1860.626741176456,601.0273197969678,342.41473667249505,399.04783447883995,2037.625999374497,300.47434962446886,116.50901334849135
2018-07-02,1883.0445064489716,604.8066819483522,344.5955778978243,401.5893721964242,2062.176340588162,301.1167102036757,116.51794249342774
2018-07-03,1858.5121404953936,599.6591103935187,340.8640899312478,397.2407211806522,2035.3102391896768,300.05347755379177,116.52682696409686
2018-07-05,1889.6618280109933,605.78872235975,345.58634584841616,402.74400651209896,2069.4231602552127,302.50126630991423,116.53562137481212
2018-07-06,1907.81071408864,609.5565661109607,349.42310218883546,407.21533658377064,2089.298528760405,305.0598279536518,116.54446182358883
2018-07-09,1942.3706424009936,616.0086691824649,355.91099707207843,414.7762857083428,2127.146102863981,307.8067779530457,116.55339368526415
2018-07-10,1909.5300869219482,613.6262074357169,355.92401423762243,414.79145582564524,2091.181463531918,308.9143159401956,116.56232623146923
2018-07-11,1899.75098627968,611.9696147220061,351.0698364792023,409.1344296663837,2080.472088417495,306.6548582730291,116.57116870608932
2018-07-12,1940.817760696362,615.4303561927487,354.37683736844076,412.98838629305897,2125.445497328607,309.43488933639634,116.58005723524691
2018-07-13,1939.2782910430312,614.7633587151081,354.33639769251363,412.9412581663243,2123.7595797173767,309.6786927692105,116.58894644215312
2018-07-16,1960.199523206451,615.3014922028433,354.39927323287606,413.01453289879345,2146.6710243675707,309.40182736132317,116.59801784517774
2018-07-17,1957.4715851354397,614.5643544241292,355.66432258682005,414.48881291987516,2143.683580720135,310.65335292236267,116.60708995401843
2018-07-18,1964.6974787897304,616.1909748965647,358.0454122598211,417.26371883351817,2151.5968652348943,311.30689959706194,116.6160720043147
2018-07-19,1942.3280371625904,611.9819447843055,354.18412978836585,412.76380617345325,2127.0994446387945,310.13272225946145,116.62505474648337
2018-07-20,1932.0178250330823,610.2108610874936,352.7843155240773,411.13247203093,2115.80843401897,309.7782986502334,116.63399278472707
2018-07-23,1932.7453000417102,610.9061110852294,353.22062707256896,412.09501299913046,2116.6051128792005,310.35436347919256,116.64297690730366
2018-07-24,1919.3712205869376,608.8411748443394,352.9128511812476,412.78666873281514,2101.958772798377,311.91602640109426,116.65205251426134
2018-07-25,1924.7612952748761,609.5748980464012,353.2219244598292,414.9345213007606,2107.8615990233557,314.5743275481558,116.66108342987285
2018-07-26,1940.1737382522404,613.9618327120224,354.9073782309489,416.3991510714208,2124.7402097782983,313.8322083767248,116.67002422932211
2018-07-27,1943.625971289341,614.5833245648319,355.28428757343545,415.40811357501417,2128.5208497296767,311.70560945465587,116.67901112734097
2018-07-30,1941.6249912154785,614.3010166418978,355.24112935084435,413.02042402931085,2113.488587303877,310.0774026268044,116.68822573534047
2018-07-31,1941.6249912154785,614.3010166418978,355.24112935084435,415.0563801659222,2123.9068857913967,311.6059081291322,116.6973502700926
2018-08-01,1941.6249912154785,614.3010166418978,355.24112935084435,414.3629046164868,2120.358265495559,311.08527746623105,116.70647551834547
2018-08-02,1941.6249912154785,614.3010166418978,355.24112935084435,416.6202979665627,2131.9096920228403,312.7800282000322,116.71555606592153
2018-08-03,1941.6249912154785,614.3010166418978,355.24112935084435,418.4054495706657,2141.044585413999,314.12024079120437,116.72459189782214
2018-08-06,1941.6249912154785,614.3010166418978,355.24112935084435,419.93966951100924,2148.8954231587686,315.27206502672016,116.73385551349605
2018-08-07,1941.6249912154785,614.3010166418978,355.24112935084435,421.326518904879,2155.9921433104214,316.3132499969219,116.74311986435846
2018-08-08,1941.6249912154785,614.3010166418978,355.24112935084435,421.1494759243584,2155.086187340636,316.1803339851238,116.75238495046771
2018-08-09,1941.6249912154785,614.3010166418978,355.24112935084435,420.5740798811039,2152.1417979113335,315.748352174555,116.76165077188215
2018-08-10,1941.6249912154785,614.3010166418978,355.24112935084435,417.75626654917335,2137.722616748115,313.6328629923779,116.77087190626474
2018-08-13,1941.6249912154785,614.3010166418978,355.24112935084435,416.1925775847851,2129.720981506723,312.45891472157933,116.78018461640755
2018-08-14,1941.6249912154785,614.3010166418978,355.24112935084435,418.84794260384103,2143.308889843436,314.4524449206489,116.78954348999356
2018-08-15,1941.6249912154785,614.3010166418978,355.24112935084435,415.72028498631175,2127.304188150589,312.10433840114996,116.79885768923243
2018-08-16,1941.6249912154785,614.3010166418978,355.24112935084435,419.08399991120183,2144.516831136483,314.629666269713,116.80817263129728
2018-08-17,1941.6249912154785,614.3010166418978,355.24112935084435,420.5592309509554,2152.0658136679963,315.7372042568629,116.81739743969715
2018-08-20,1960.498356831258,620.4146800970258,355.3562975055112,421.5914683557426,2176.475537760294,316.41295132244556,116.82671386034411
2018-08-21,1985.1586063287314,628.3161563709714,355.48819098893364,422.7242309824923,2205.744777494593,317.1551468494772,116.83607646282739
2018-08-22,1994.27301518458,631.1984818537817,355.5473376053572,422.54663294105944,2215.3808809282273,316.96681576052134,116.84548525367758
2018-08-23,1986.15398052273,628.6383599246767,355.49338100432914,421.92894463783307,2205.2934145212857,316.545905512044,116.85484936051795
2018-08-24,2007.3850802943327,635.4008219242752,355.6614899988901,424.63441823907056,2233.726734473041,318.4509968366829,116.86425966314663
2018-08-27,2012.9311418324662,635.9347095318384,355.7300203684052,428.0375308622913,2249.377938726294,320.96523405425427,116.87380704397393
2018-08-28,2015.61309403349,638.5773177592192,355.7337332062232,428.2486459507253,2253.318992432482,321.12035045693574,116.88340063976082
2018-08-29,2015.3044411020837,638.2731927358022,355.7333059136428,430.550099943548,2263.583706259788,322.8481631658101,116.8929950230388
2018-08-30,2017.321046851785,640.2602150785235,355.73609765992694,428.8121085211881,2257.805918932208,321.5411461720122,116.90249930457223
2018-08-31,2015.057513523779,638.0298875606595,355.73296407233386,428.82320232513496,2255.3519852883496,321.5522940897043,116.91200435887538
2018-09-04,2013.4929763737473,636.8130680552097,355.745331058508,428.09446641186105,2249.981787210073,320.99848691832904,116.92160109009193
2018-09-05,1983.0221037848341,623.2411824163364,355.48352581910933,426.6676669845579,2212.1442947444116,320.13454238609154,116.93124405817623
2018-09-06,1984.386355615979,623.9431710712508,355.51314194772544,425.46332081544466,2209.4465499218345,319.17091561723055,116.94084236868504
2018-09-07,1985.8020734505171,624.6017266919467,355.5315315442372,424.68736057649596,2208.3110383442777,318.55069816220663,116.9504869236706
2018-09-10,1996.237553728149,627.718174767183,355.5920470899346,425.53967517022045,2224.7865481487383,319.10452442248203,116.96017772999217
2018-09-11,1979.6588662591992,624.2611647096278,355.24644710457693,426.3509794488772,2206.3097687704544,320.15666642137427,116.9698693393179
2018-09-12,1974.2691603252501,623.1417225412938,355.0625284578872,426.2208511300605,2200.3029960604968,320.23426280051535,116.9796072107263
2018-09-13,1987.433925736037,625.5907832940038,355.43518808658456,428.87411248679103,2214.974993859933,322.1282825630628,116.98930043002682
2018-09-14,1989.3313097653624,625.9043346617793,355.4860296236661,428.99956188196086,2217.089609155709,322.1836403735201,116.99903991909508
2018-09-17,1998.904758513939,630.6710618177262,355.50555624591374,426.8190706579251,2220.0321056033763,320.47793261102845,117.00882568490066
2018-09-18,2008.976846557705,635.3300059285253,355.88552409759393,429.51357440515005,2238.712088363557,322.2169695931955,117.01861226918484
2018-09-19,1998.153045823877,631.4832769095585,355.7756007727885,429.8222609723506,2228.1248134843136,322.560188018031,117.02835419849625
2018-09-20,2006.288837165628,634.8799090910225,356.00367534150337,433.45852789526015,2248.3999462617085,325.1741838278265,117.03814241613966
2018-09-21,2004.4106427650827,634.6830955453048,355.7935686801272,432.82291825466723,2245.03286580306,324.8770078301714,117.04797692914067
2018-09-24,2027.4384118679857,640.3735937497879,355.9767076915963,431.65721558131725,2266.3387989525254,323.7978741264561,117.05799414615974
2018-09-25,2019.4841541249466,637.9946940889749,355.8803735316276,431.1532442507051,2256.4058227554215,323.49749119357455,117.06796675382196
2018-09-26,2023.5869448678138,639.2533710984005,355.9138773284634,429.94668395278705,2257.6539935286146,322.5294930665774,117.07789473612964
2018-09-27,2037.8972121461313,643.3593915452893,356.0804492615275,431.3101285040307,2276.7694158817308,323.4307563986232,117.08773258944943
2018-09-28,2017.1290975819718,638.1101926889711,355.86249944789114,431.088505247573,2253.6565517708473,323.46408561829855,117.0976167609335
2018-10-01,2021.5463611900257,641.4548594207993,355.8817799801704,432.5369719139382,2260.9455409701427,324.58777281498186,117.1076837038442
2018-10-02,2001.8439838477364,629.1014306700235,355.7788627163444,432.1605958855443,2237.735530810628,324.39860181441907,117.1177515122152
2018-10-03,1997.0004807285927,626.0645448340147,355.7535622117558,432.366338088588,2233.3948502756193,324.57677760849106,117.12782018612091
2018-10-04,1991.6644224818544,622.7188259790832,355.72568879806414,428.96460772930635,2212.006273006952,322.03986277753233,117.1378442362972
2018-10-05,1988.1344101416605,620.5055014052843,355.70724943894453,426.5493505159192,2197.1022691084136,320.2373933801412,117.14786914435324
2018-10-08,1973.247175951617,612.0439278138409,355.53126206850675,426.3201529196593,2179.646665750713,320.2373933801412,117.15789491036239
2018-10-09,1975.9669098857155,612.016420767297,355.48482715575443,425.6526317366637,2180.246126318166,319.77009710428064,117.16805802415115
2018-10-10,1942.468037124781,596.8235043861242,355.13764596548396,411.9775454512224,2091.345696786235,309.6452299272341,117.17831299845497
2018-10-11,1935.0261806730177,591.7668063524663,354.9610096914284,402.8340576698687,2048.131973916019,302.8248231675873,117.18852337909955
2018-10-12,1951.5088481691218,599.3733234752438,355.13959051246854,408.5555421979642,2087.8903107140886,307.0305087392326,117.19878014460562
2018-10-15,1959.5512481099229,604.0980672990443,355.28668893031977,406.44182141698195,2085.470549449663,305.3058647877844,117.2092197601326
2018-10-16,1959.5512481099229,604.0980672990443,355.28668893031977,415.3291416097839,2131.071773410823,311.98173039543707,117.21961482009726
2018-10-17,1959.5512481099229,604.0980672990443,355.28668893031977,415.40321849408446,2131.451865105288,312.03737453939675,117.23005629149684
2018-10-18,1959.5512481099229,604.0980672990443,355.28668893031977,409.4043123058697,2100.67121822004,307.5311915014689,117.24049869298243
2018-10-19,1959.5512481099229,604.0980672990443,355.28668893031977,409.1822087145191,2099.5315950949544,307.3643545140906,117.2508965270154
2018-10-22,1959.5512481099229,604.0980672990443,355.28668893031977,407.3454069315876,2090.106885772165,305.98460881069184,117.26147726325425
2018-10-23,1959.5512481099229,604.0980672990443,355.28668893031977,405.271762417376,2079.466926160382,304.42695455782325,117.27201346182997
2018-10-24,1959.5512481099229,604.0980672990443,355.28668893031977,392.99266117908616,2016.462327084214,295.203293446122,117.28255060710602
2018-10-25,1959.5512481099229,604.0980672990443,355.28668893031977,400.04315417664634,2052.6387113309224,300.49939426147574,117.29308869916747
2018-10-26,1959.5512481099229,604.0980672990443,355.28668893031977,393.00737490670537,2016.5378238564592,295.2143459193133,117.30358222893416
2018-10-29,1856.9961951986306,588.6896337219578,350.05724686934684,386.7614065161524,1935.0238490203672,293.57875168710086,117.31416771953765
2018-10-30,1925.6358084805024,599.8475150437914,352.76406230973004,394.1287574631581,2006.5475759032595,297.92920747754215,117.32470865246536
2018-10-31,1985.605436577446,609.0581668022578,355.53994247504625,400.4094770028233,2069.0370203536595,301.1113271338312,117.3352505325188
2018-11-01,2090.8111669308146,624.4453300738528,360.6860919530279,409.368323579615,2178.6633070492007,304.31578080330485,117.34570230430185
2018-11-02,2073.385093789829,621.3770637736893,359.41598841128524,406.1494279271758,2160.505021528871,302.5133686726142,117.3562005411015
2018-11-05,2078.72203690549,622.5671776921251,360.5651661524371,409.1607576038778,2166.0662134345794,304.18231121340216,117.36688182512867
2018-11-06,2093.742153832652,624.2423236387915,360.9816065518446,411.66181769655793,2181.7174487705915,306.1069877496029,117.37751855682552
2018-11-07,2132.8758517172337,628.5882315522813,361.73530924254794,419.42599557974137,2222.4954745429727,312.6603407960434,117.38820178113177
2018-11-08,2074.3085456899385,620.3293571868401,360.38275423751804,417.29704720275794,2161.467275223712,312.0930377722566,117.3987949078147
2018-11-09,2034.5858408437157,614.4400767509935,359.0499086540466,412.57359335265875,2120.0754934722067,309.0444258836705,117.40943453173205
2018-11-12,1923.5678659103494,599.6899425136901,356.19595346369454,402.7538295567053,2004.3927420904624,303.26982360806363,117.42007511989772
2018-11-13,1973.1498847082644,606.8746377183697,357.84460593473807,403.99666624180225,2056.0581085056474,302.7023296952753,117.43085329449012
2018-11-14,1962.1658559286711,604.2120036273552,357.53368398169016,401.27520616511015,2044.6125505116177,300.632940206979,117.44158691798421
2018-11-15,1992.0691228590738,607.6976912166538,358.36314665636905,405.81218235023687,2075.7722991549163,303.77050637030004,117.4522759735321
2018-11-16,1925.4530369008967,598.5639085385965,356.7849395103109,404.90437640537294,2006.3571245892647,304.56046232552626,117.46292044433416
2018-11-19,1841.467289626162,587.9008795572283,350.1275403876375,393.1655881248285,1918.8424466515287,299.40907446226805,117.47370255176669
2018-11-20,1844.4643172027943,587.7254550760653,349.422032318028,388.24288587131144,1921.9654039585762,293.8681012356913,117.48448564890596
2018-11-21,1872.162946384004,591.3296833512698,351.3797450546711,391.2047433637231,1950.8278799234663,294.8693904045635,117.49536084502749
2018-11-23,1869.1276062528214,590.6970956228821,350.20609955118084,388.4101788817273,1947.6650002369522,292.90004584199374,117.5062370478342
2018-11-26,1929.6946247847566,597.2428655831758,352.84252087305015,395.7654830944237,2010.7769363983612,297.62880545576036,117.51715981379554
2018-11-27,1966.2319585950133,600.1679510674198,352.9761378422503,397.1447831960051,2048.849503528689,298.6301328024328,117.5280380344692
2018-11-28,2004.7994209371063,604.5895713189313,353.74345953867413,406.4488116985591,2089.0375015553427,305.506145528239,117.53887169284566
2018-11-29,1970.3251435887892,600.7643031258724,353.54399647916415,405.4061927736548,2053.1146768240833,304.838587600824,117.54956960285806
2018-11-30,1966.969694357259,600.0229264110134,353.2190680843118,407.3269683052659,2049.618237626213,306.69672023107495,117.5602684865507
2018-12-03,2064.3205851285456,610.9985669282717,354.9792521525867,414.44478806067804,2151.0596384502287,310.7579028285264,117.57105952971416
2018-12-04,1943.9897921525687,597.3757686382163,351.08529526297707,398.73981116294254,2025.672761093088,300.6885270842383,117.58203389830759
2018-12-06,1948.0181724111765,598.3366878909939,351.528362002003,398.75375228246446,2029.8704066744217,300.2324169038701,117.59291812418601
2018-12-07,1868.1221582665642,589.4291834028933,348.83841065500405,387.88218817292426,1946.617305127298,293.2561110966354,117.60375776316708
2018-12-10,1890.275401608135,591.6993435915847,349.82662139740705,389.52818679783826,1969.701388072609,293.8125334473322,117.6146895941447
2018-12-11,1878.4861987237362,590.0522822880217,349.3081283096501,389.02231692659274,1957.4168240001384,293.87923006448324,117.6256224412882
2018-12-12,1899.1999205331115,592.2325421270939,349.96751501863656,391.31361580157454,1979.0008992969792,295.3590016047084,117.63664749670492
2018-12-13,1899.4078094187341,592.8101281490574,349.9761793274205,391.21782679740437,1979.2175233011997,295.25891850118154,117.64762798743868
2018-12-14,1868.530947737281,589.0968901101951,348.7642689132972,384.12875553122194,1947.0432711993403,289.8069759049403,117.65856389636315
2018-12-17,1823.8020174897197,582.8221758443223,348.1073105705202,376.28536442953515,1884.955705611489,284.1214233485692,117.66945520640023
2018-12-18,1842.4425915822108,586.3228256370189,348.28721566906887,376.07907918359746,1903.33499538539,283.8099497646959,117.6802562719856
2018-12-19,1792.1508735756495,576.4228768735745,347.8512645417409,370.0908662361781,1836.7561094346006,279.5596534333821,117.69110396174054
2018-12-20,1780.7354914153539,574.3118554603925,347.7210257984048,364.04889119528656,1809.6744196286309,275.00901234698694,117.70190701449941
2018-12-21,1757.0564186447577,569.9594394407145,347.4516352532594,356.44877807543395,1766.198128218523,269.37421717613506,117.7127110588876
2018-12-24,1741.6945391105578,566.9121849020792,347.33367222888995,347.0785527588285,1726.8926379202212,262.2565389743324,117.72383551890171
2018-12-26,1804.71728021226,579.4232897502969,347.72859360837214,364.68727936585356,1833.2268192763313,275.50702266320127,117.73486977983505
2018-12-27,1793.7448237171448,577.4151196852647,347.6200904326703,367.3233803005222,1829.1397329297313,277.62220642297586,117.74576815328518
2018-12-28,1796.924318614816,577.7399425456091,347.72082623413564,366.9609053894497,1831.1550511539967,277.26402230041674,117.75662188188288
2018-12-31,1807.8972249482376,579.6681179345433,347.8067508874177,370.2039688817664,1850.306651427824,279.6925694451802,117.76770485600983
2019-01-02,1809.1731716851536,579.6603336526955,347.8529192672125,370.63338599926107,1852.8147167195411,279.98348428358355,117.77865192665274
2019-01-03,1754.6100310057539,567.2580846363132,347.5282293046319,361.55325770730815,1769.3854733137396,273.3023310505872,117.78955435288849
2019-01-04,1794.6494823644687,575.87427487743,347.8111903141082,373.8226696350154,1848.1945232122143,282.4567948992168,117.80050345454652
2019-01-07,1835.725677818885,583.6183610960497,348.0317559871645,376.96939876140345,1897.931701162091,284.68383961391555,117.81163621139606
2019-01-08,1833.4105362278947,583.1028709249097,348.00856000502944,380.43962966030483,1904.3403978249812,287.35855721511274,117.82277002034873
2019-01-09,1850.4168224895782,586.9709551429366,348.08996458195566,382.28211632735434,1926.2809367650632,288.7014995190074,117.83385922018168
2019-01-10,1852.4245296233062,587.5304164006907,348.1185594069779,383.6437466772339,1931.6985311196859,289.71994960912133,117.84485811913726
2019-01-11,1860.4836162002043,588.7713582462276,348.1644129631263,383.839386351953,1940.3715214361814,289.8319060085463,117.85585804475679
2019-01-14,1824.5495900277947,583.4052631923767,348.0556640658222,381.39791383883613,1896.818199231088,288.0636439202378,117.86695035875614
2019-01-15,1787.7001450241662,580.1132154474222,347.84877882920756,385.4271484167088,1866.7641119092577,291.36510738031285,117.8780437167378
2019-01-16,1796.2337011227635,581.6269083239958,347.8789485677247,386.36880161252304,1877.3847935332833,292.0700604631368,117.88904673998174
2019-01-17,1788.641047130553,581.2247472497456,347.9493278071003,389.30203112656926,1875.0179478738646,294.28599543794377,117.90000508993234
2019-01-18,1849.7261862562523,589.5295514606621,348.35348074930636,394.7928824475624,1948.230146207035,298.2029995725041,117.9109187494764
2019-01-22,1798.0646992629588,582.2904623778415,347.71552692322945,388.94188240600687,1885.764873633417,294.17403903851886,117.92192484135583
2019-01-23,1805.3698480428388,583.3916016685296,347.7762911468547,389.78614507154424,1894.4457855572323,294.7896369797046,117.93284052994736
2019-01-24,1866.403799920157,592.1592446622564,348.56070657726775,390.86718658818035,1958.8338739596265,294.94626140549855,117.94357429740081
2019-01-25,1930.4634008771764,601.52727355406,349.3062810308425,394.85226129567184,2030.2194845474814,297.44192512321644,117.95440052481152
2019-01-28,1860.1174296187166,592.3774191774928,348.18723002213335,390.750493586442,1952.8225775284882,295.1812839442402,117.96536494970854
2019-01-29,1828.2345586398933,587.0040047285047,347.9225200525603,389.9486264212128,1918.4005176462613,294.7896369797046,117.97633039380122
2019-01-30,1897.1051696831544,598.2337374085595,348.5273581262233,396.64632821064913,2002.196885221087,299.45637675685884,117.98729685718429
2019-01-31,1939.5870826320674,605.7149461568329,348.89115580184415,400.44654510452415,2053.2711223102024,302.0863308871862,117.99821859707262
2019-02-01,1948.2652492666646,607.1903367785357,348.8948225157857,400.6382377755281,2062.7363433797746,302.2317501285876,118.00909559638862
2019-02-04,1961.8929798618658,609.2584018896194,349.1870913175322,403.5412193330589,2076.9090774125348,304.3581581616549,118.02006510545378
2019-02-05,1957.0912658050433,609.0663905572737,349.32123441958225,405.2405635696135,2071.825862571501,305.63404115929563,118.03103563418718
2019-02-06,1990.3297912897735,614.1159323959457,349.7713001528444,405.2693784930281,2107.0129986730353,305.2310553880664,118.04200718268365
2019-02-07,1959.1942100434328,610.2709557818346,349.3673226206486,401.2813147780891,2074.0520920462154,302.32133433702774,118.05297975103794
2019-02-08,1961.3618694311278,610.311445503766,349.46471525913205,401.8403915608839,2076.346830599874,302.6905900216783,118.0639991032367
2019-02-11,1949.1046347346673,608.2055527842269,349.3443247180818,401.86905067610036,2061.3226217932042,302.8585150763656,118.07511100697913
2019-02-12,1958.8378270924804,609.4688447373812,349.45175929582484,406.8857572040649,2081.5921116532722,306.7530324865402,118.08613242496314
2019-02-13,1980.3208096941316,613.8378930861927,349.67661572604874,408.3964383813829,2106.879776024469,307.74916765236975,118.09720064400344
2019-02-14,1988.4644266205876,615.2555883984178,349.7951740447438,407.6753721488976,2113.7518574607157,307.06645313822946,118.10822412388788
2019-02-15,1998.5976757177812,617.3755182021316,349.98388214247973,412.0968221543933,2133.0412888129867,310.41260371357373,118.11924863273074
2019-02-19,1995.5948292201197,617.0798567853843,349.68439000533397,412.1928050904037,2128.367345931665,310.9498798974125,118.13041151264821
2019-02-20,1985.2502143092481,615.2898256937503,349.4720550665723,412.6462997669991,2117.879717739026,311.5765303117895,118.14152966696919
2019-02-21,1973.4479688880986,614.0220069817511,349.30366757980613,411.2061259473858,2104.3480593486975,310.468553279936,118.1526488677045
2019-02-22,1990.2975926721597,617.9900854422087,349.600662512984,413.71360304438474,2123.9616447010053,312.39364977194015,118.16381490411692
2019-02-25,1988.365325360738,616.9404804111923,349.1780239953572,413.62615155388727,2120.953917016241,312.81874048955206,118.17502778481553
2019-02-26,1977.0311622009306,615.0458800563563,348.28604204748655,412.305841174161,2108.4692711825137,312.5949231352029,118.18615013831429
2019-02-27,1947.274856252656,610.0033705055896,347.4184317933809,411.1183385255001,2076.4652156260545,312.4605945447932,118.1972735386226
2019-02-28,1955.5119562766176,611.5723182060208,348.20270491315665,411.3756135055017,2084.268987644892,311.87857397898483,118.20839798583896
2019-03-01,1961.0705550391908,612.6646103551785,347.7169715962662,413.0574323174206,2093.524315783833,313.8259281285729,118.21947766483633
2019-03-04,1972.5088826009596,615.5269331822217,348.24168852425214,412.0936918853813,2095.149006593429,312.6843546324418,118.23065001691575
2019-03-05,1969.3964007594825,614.277312305659,348.15598787665937,411.4553086265205,2089.6951746914237,312.2590921147285,118.24182342484019
2019-03-06,1963.2832209236055,611.7803672655677,348.07292121453696,408.9717496512116,2073.6987065637672,310.3679356872047,118.25299788870947
2019-03-07,1956.0460661457385,608.9045549781436,347.81396430456107,405.38928389773014,2052.9718150509343,307.7715589322547,118.2641275805696
2019-03-08,1956.7133036368377,609.1345603797915,347.9081804869649,404.7254680991511,2050.6039025698174,307.1559991688693,118.27530415229697
2019-03-11,1960.36597900991,610.9268412235953,347.8872454642193,410.4360072627583,2079.6308745303327,311.61010768716693,118.28648178026816
2019-03-12,1958.98815206283,610.0745296650082,347.85595154036594,411.922643019143,2085.0508290387415,312.7851822030748,118.29766046458302
2019-03-13,1961.361187246976,611.5424682335403,347.90984915248,414.66908861518783,2099.641779460786,314.8555070474788,118.3087943599789
2019-03-14,1958.069607630602,609.5063262064223,347.8350890804039,414.32088713017646,2095.0082038765713,314.6541573286153,118.31992930327064
2019-03-15,1959.7536160550912,610.5480389178713,347.87333715757796,416.380466516498,2105.8611291599605,316.2086619129579,118.33106529455684
2019-03-18,1959.302941874282,610.2682873283604,347.8204709964725,417.81956900873627,2112.105399587539,317.3552748787306,118.34215647116712
2019-03-19,1960.0724073331025,610.743819490094,347.82059942439196,417.9233040059817,2113.3908278461813,317.43395932518064,118.35334041702822
2019-03-20,1959.2259601296464,610.2207123592426,347.8204581478057,416.66525956241816,2106.9191978931626,316.4784262499865,118.36457128231007
2019-03-21,1964.8431428701488,613.6921496028809,347.8213956857867,421.37206272239524,2133.764788990283,320.05305187131825,118.3758490756905
2019-03-22,1961.3035355030963,611.5046607121878,347.8208049062985,413.2624235702566,2094.1067805541925,313.89317832382847,118.38703620567698
2019-03-25,1961.0255358825973,611.33285604054,347.82075850666814,412.9516550812232,2092.4631794759516,313.6571440733785,118.39822439290509
2019-03-26,1961.0255358825973,611.33285604054,347.82075850666814,416.02980743428043,2108.0604543151153,315.99515256469397,118.4094136374748
2019-03-27,1961.0255358825973,611.33285604054,347.82075850666814,413.85426646071414,2097.0367925217433,314.3427219225424,118.42051215767914
2019-03-28,1961.0255358825973,611.33285604054,347.82075850666814,415.42302338453993,2104.9858249575323,315.5342701592864,118.43156581624646
2019-03-29,1961.0255358825973,611.33285604054,347.82075850666814,418.0424938418129,2118.258917374345,317.5238871338236,118.44248276122828
2019-04-01,1961.0255358825973,611.33285604054,347.82075850666814,423.0000079924013,2143.379087481901,321.2893635789321,118.45353847058517
2019-04-02,1961.0255358825973,611.33285604054,347.82075850666814,423.2072454540547,2144.4291783401945,321.44677064963247,118.46454929273821
2019-04-03,1961.0255358825973,611.33285604054,347.82075850666814,423.87324020712475,2147.80383365729,321.95262650381164,118.47565298081028
2019-04-04,1961.0255358825973,611.33285604054,347.82075850666814,424.99794198785645,2153.50279874222,322.80689296366916,118.48675770963156
2019-04-05,1961.0255358825973,611.33285604054,347.82075850666814,427.0549358953762,2163.9257718891495,324.36928126377677,118.49786347929962
2019-04-08,1957.7146924349304,610.6431147544713,347.58663415314123,426.97207078679,2158.80075092037,324.6166352320203,118.5089243580274
2019-04-09,1948.9170867606622,607.9842592804617,347.5349297717282,424.9341651885994,2143.5648170897293,322.9530375832765,118.51994032856321
2019-04-10,1956.5137755369867,610.9951844811224,347.7339999634215,426.4856906760396,2155.6044801593644,324.0546580113775,118.53100326799778
2019-04-11,1953.433812136183,611.0878241096254,347.5367129491667,426.13706414015127,2151.912224135768,323.96467293603416,118.54206724007402
2019-04-12,1948.3109091544086,608.3281448768155,346.98095270763633,428.0575116997088,2153.577775392778,326.1566513411432,118.55317819390713
2019-04-15,1932.254802530731,606.2495912429549,346.0425302457199,426.7165115003535,2135.5742106651737,325.9431229039791,118.56424423584485
2019-04-16,1952.7012392866675,607.4340032656758,347.761681562023,428.9838250410801,2158.172101470664,326.1566513411432,118.57531131071387
2019-04-17,1943.16059084048,605.8155301707643,346.5251300984793,426.91128130100606,2147.627548677722,325.3585444255496,118.58642538051537
2019-04-18,1963.1776917137395,609.4913579182926,348.1571548302884,429.3638578827073,2169.7509271996587,325.9992442704428,118.59744855514137
2019-04-22,1986.5339800543113,614.1020504993048,348.8237287544255,430.38823139058036,2195.5648555550997,326.28030923636476,118.60856469986787
2019-04-23,2005.7154293630883,618.2772389900631,349.84770327230086,433.6921041135794,2216.7646519863747,329.21404412380184,118.6197278568334
2019-04-24,1997.7020846088847,616.6669490079126,349.801958994379,433.1270488966496,2207.9081117537753,328.4835119147665,118.63084608979999
2019-04-25,1978.1392368794225,612.7655862780775,348.4549949374699,431.3275190906888,2186.28678466819,328.28113139529455,118.64191938144799
2019-04-26,1978.0282351228348,613.1710544277594,348.43510734556395,432.3675165623605,2186.1641028726026,329.8097323421231,118.65294771450642
2019-04-29,1970.4053949505198,611.3917612717262,348.8429102959143,433.1516080834963,2177.7391576414166,330.3269651807962,118.66406906117187
2019-04-30,1975.8485279522479,612.4595653824438,350.59258739627467,435.4168280571436,2183.755038387831,330.4954056357878,118.67514545393283
2019-05-01,1961.4722109440556,609.9533462323332,348.6978291163553,431.6818678389775,2167.8659890725794,328.011252524865,118.68622288059122
2019-05-02,1980.9158472603108,614.6613229819274,350.65712546182544,433.7190489460321,2189.3555608537768,327.3031306846148,118.69743934250755
2019-05-03,1995.2151970977418,617.4782756068741,351.7305487406402,436.83541405799133,2205.1595442115104,330.5067826202818,118.70851885013171
2019-05-06,1978.703920688196,613.8406142398081,348.56493118866535,434.092930892993,2186.910886716025,329.14658395064447,118.71964540548247
2019-05-07,1945.537360400473,607.0990519185449,347.8677058403578,427.38725111575974,2150.2544112273035,323.64997332803426,118.73072698587454
2019-05-08,1947.7247127121532,607.3830046373952,347.7810491508451,426.80215913156684,2152.6719253048177,323.20031519591936,118.74180960064828
2019-05-09,1949.018243479768,607.2134481867936,348.0168471842534,426.052817600079,2154.101566439311,322.22235266304,118.75289324990023
2019-05-10,1962.9958840380032,609.1978893508517,348.7727537570638,428.70655398039776,2169.5499890091596,323.8410913964132,118.76397793372695
2019-05-13,1897.8783801722511,588.8667848807552,346.8070054428431,417.26833373549,2089.6151121063767,315.7027487920783,118.77497156871688
2019-05-14,1910.6437897543938,595.0527773205508,347.0123126509794,421.10438389145776,2115.6211697279773,318.5579519442665,118.78596622135552
2019-05-15,1920.0791913785629,600.4410921547814,347.2496927956049,423.7361373857146,2133.824178819249,320.42387284578183,118.79700794425572
2019-05-16,1928.4476378902173,605.0374800653367,347.429828385567,427.682829218301,2155.440166789419,323.3913569086977,118.80795857545604
2019-05-17,1917.273006727281,598.417342229687,347.1748288675977,424.7473740107868,2134.378724921516,321.30070238562575,118.81886414606811
2019-05-20,1888.806177243621,588.3318046270499,346.7303117375637,421.53739613211627,2093.9291623004174,319.17624142037454,118.82977071771975
2019-05-21,1912.2917763221224,594.8173425234229,347.1716532607318,425.6213396324413,2127.123536763349,322.0538358524478,118.84067829050286
2019-05-22,1907.857896201394,593.8640761099164,347.2451955500832,424.4913709650945,2119.7479530723836,321.0646108684753,118.85154077732611
2019-05-23,1879.6114646999918,585.7258696025182,346.6021733635718,418.87374337782967,2078.676330260982,317.1418227971672,118.86235816113927
2019-05-24,1876.404193890772,585.2323255691556,346.63674720643434,419.8024535578194,2076.908565923059,317.8611116440096,118.87308431588676
2019-05-28,1883.5698271838185,586.0785092749027,347.3401664739036,416.9200606725312,2074.762249702726,314.9047754987858,118.88390366050518
2019-05-29,1872.758132823552,582.3711377937688,347.0066886194952,413.8548151085376,2055.8645235761933,312.79161516242795,118.89472398985635
2019-05-30,1863.6828102770464,580.4160919868045,346.8844729436092,414.7824245747611,2048.616013368662,313.6459198000858,118.90559141666061
2019-05-31,1846.6829308244437,574.7323065784099,346.58570454257483,409.0979755122004,2015.939156944191,309.419350971668,118.91632147278271
2019-06-03,1859.8935782458234,578.3557733934023,347.0658734368075,408.62549488591367,2024.749053157358,308.6326019516683,118.9270524971865
2019-06-04,1859.8935782458234,578.3557733934023,347.0658734368075,417.49523816458793,2068.6988422185095,315.33187055091423,118.93778448995931
2019-06-05,1859.8935782458234,578.3557733934023,347.0658734368075,421.1117175156045,2086.618583481297,318.0633776300806,118.94851745118856
2019-06-06,1859.8935782458234,578.3557733934023,347.0658734368075,423.8500707743246,2100.1871890558264,320.13164087326754,118.95915908252783
2019-06-07,1859.8935782458234,578.3557733934023,347.0658734368075,428.0914867747645,2121.2035062910854,323.3351591866334,118.96957082050629
2019-06-10,1859.8935782458234,578.3557733934023,347.0658734368075,430.0559416575396,2130.93742699268,324.81890121809136,118.98002965187594
2019-06-11,1859.8935782458234,578.3557733934023,347.0658734368075,429.95181503499646,2130.4214770995836,324.74025494944163,118.99039702584437
2019-06-12,1859.8935782458234,578.3557733934023,347.0658734368075,429.19290381613104,2126.6610539466983,324.1670534555061,119.0006266920572
2019-06-13,1859.8935782458234,578.3557733934023,347.0658734368075,430.9639662436391,2135.436710429368,325.5047272229573,119.01062610922301
2019-06-14,1859.8935782458234,578.3557733934023,347.0658734368075,430.4876122189563,2133.07636489901,325.14493963278494,119.02067260522114
2019-06-17,1859.8935782458234,578.3557733934023,347.0658734368075,430.6512830945848,2133.8873579834008,325.2685593502062,119.03085864976903
2019-06-18,1859.8935782458234,578.3557733934023,347.0658734368075,435.1606735073609,2156.231494810043,328.67447727194417,119.04099933312577
2019-06-19,1859.8935782458234,578.3557733934023,347.0658734368075,436.14295149565254,2161.0987056219533,329.41638646547347,119.0509558878252
2019-06-20,1859.8935782458234,578.3557733934023,347.0658734368075,440.3100382735441,2181.7467197903206,332.56376432347554,119.06072819504885
2019-06-21,1859.8935782458234,578.3557733934023,347.0658734368075,439.6699122794245,2178.574880253346,332.08028066028123,119.07040872962766
2019-06-24,1859.8935782458234,578.3557733934023,347.0658734368075,439.1315877502573,2175.907469398262,331.6736870869222,119.08013634473156
2019-06-25,1859.8935782458234,578.3557733934023,347.0658734368075,434.8245365947823,2154.5659284075728,328.4205948998467,119.08981845733922
2019-06-26,1859.8935782458234,578.3557733934023,347.0658734368075,434.3908441571997,2152.4169720567165,328.09302937314055,119.09964024653677
2019-06-27,1859.8935782458234,578.3557733934023,347.0658734368075,435.93136215489255,2160.050275402293,329.2565741933532,119.10941655001989
2019-06-28,1859.8935782458234,578.3557733934023,347.0658734368075,438.1744821202309,2171.164988220702,330.95079043795,119.11914735191947
2019-07-01,1859.8935782458234,578.3557733934023,347.0658734368075,442.1524729297079,2190.876027364762,333.95534514497206,119.12924928518275
2019-07-02,1859.8935782458234,578.3557733934023,347.0658734368075,443.3038303123719,2196.581030600171,334.8249590805564,119.13930579496956
2019-07-03,1859.8935782458234,578.3557733934023,347.0658734368075,446.8482297780746,2214.143614315601,337.50202461647297,119.14940943777535
2019-07-05,1859.8935782458234,578.3557733934023,347.0658734368075,446.33982901616247,2211.624476439504,337.1180323009006,119.15960649989759
2019-07-08,1859.8935782458234,578.3557733934023,347.0658734368075,443.8871921331342,2199.471602307074,335.2655690739965,119.1699432564671
2019-07-09,1859.8935782458234,578.3557733934023,347.0658734368075,444.4405290928331,2202.2134001127647,335.68350145404924,119.18028090972079
2019-07-10,1859.8935782458234,578.3557733934023,347.0658734368075,446.563953989151,2212.7350210152263,337.2873126674991,119.19034172743396
2019-07-11,1859.8935782458234,578.3557733934023,347.0658734368075,447.61088146784687,2217.9225715908597,338.07805126763185,119.20026445563245
2019-07-12,1859.8935782458234,578.3557733934023,347.0658734368075,449.61476293585673,2227.8518519607137,339.59157198333577,119.21009535373057
2019-07-15,1859.8935782458234,578.3557733934023,347.0658734368075,449.7644828659406,2228.593717777874,339.70465462787,119.21997339678995
2019-07-16,1859.8935782458234,578.3557733934023,347.0658734368075,448.3137361700131,2221.405233369258,338.60891358101753,119.22980592035924
2019-07-17,1859.8935782458234,578.3557733934023,347.0658734368075,445.2630788640198,2206.2891538071103,336.30476879858185,119.2395929085021
2019-07-18,1859.8935782458234,578.3557733934023,347.0658734368075,446.8930648820531,2214.3657733229684,337.53588832535274,119.24900973588224
2019-07-19,1859.8935782458234,578.3557733934023,347.0658734368075,444.4105042317697,2202.0646262115515,335.6608238406619,119.25847369696984
2019-07-22,1859.8935782458234,578.3557733934023,347.0658734368075,445.50216572063584,2207.473834872326,336.4853497940737,119.26803118296849
2019-07-23,1859.8935782458234,578.3557733934023,347.0658734368075,448.6875810730854,2223.2576437621406,338.8912765921503,119.27749665365553
2019-07-24,1859.8935782458234,578.3557733934023,347.0658734368075,450.7962968202965,2233.706380480675,340.48397806570836,119.28710205168947
2019-07-25,1859.8935782458234,578.3557733934023,347.0658734368075,448.6429481567235,2223.0364865992265,338.8575655944718,119.29675460997021
2019-07-26,1859.8935782458234,578.3557733934023,347.0658734368075,451.64871981183416,2237.930156692894,341.1278084902274,119.30650071670127
2019-07-29,1859.8935782458234,578.3557733934023,347.0658734368075,450.82617004064747,2233.8544029985483,340.5065411456948,119.31620123443851
2019-07-30,1859.8935782458234,578.3557733934023,347.0658734368075,449.7194961212496,2228.3708073871676,339.6706763855893,119.32576334677618
2019-07-31,1859.8935782458234,578.3557733934023,347.0658734368075,444.7993615653738,2203.991423555041,335.9545256584883,119.3353262254305
2019-08-01,1859.8935782458234,578.3557733934023,347.0658734368075,440.9260533943855,2184.7990893763213,333.02903717591937,119.34484345592463
2019-08-02,1859.8935782458234,578.3557733934023,347.0658734368075,437.60618327690446,2168.349053925518,330.52155742900385,119.35431502266533
2019-08-05,1859.8935782458234,578.3557733934023,347.0658734368075,424.4459429538633,2103.139749888235,320.58169987228575,119.363694474587
2019-08-06,1859.8935782458234,578.3557733934023,347.0658734368075,430.3979925579034,2132.632297345389,325.0772503928257,119.37312110276396
2019-08-07,1859.8935782458234,578.3557733934023,347.0658734368075,430.65219293885946,2133.8918662834376,325.26924655061185,119.38240913327522
2019-08-08,1859.8935782458234,578.3557733934023,347.0658734368075,439.10176507681047,2175.759697341501,331.6511621847361,119.39169788645762
2019-08-09,1859.8935782458234,578.3557733934023,347.0658734368075,436.11065202390256,2160.938660970648,329.3919908510719,119.4008944304739
2019-08-12,1859.8935782458234,578.3557733934023,347.0658734368075,430.8017612282309,2134.6329807172583,325.38221466174514,119.41009168288466
2019-08-13,1859.8935782458234,578.3557733934023,347.0658734368075,437.5014500915115,2167.830098499064,330.44245302675034,119.4192896437445
2019-08-14,1859.8935782458234,578.3557733934023,347.0658734368075,424.56568856978794,2103.733092265296,320.67214308123295,119.42830235187202
2019-08-15,1859.8935782458234,578.3557733934023,347.0658734368075,425.6872738259092,2109.2905739050566,321.51927029243143,119.43708316885072
2019-08-16,1859.8935782458234,578.3557733934023,347.0658734368075,431.9682321352348,2140.4128718254997,326.2632437596238,119.44567847878668
2019-08-19,1859.8935782458234,578.3557733934023,347.0658734368075,437.1724908393218,2166.200097574662,330.1939919022977,119.4546001500769
2019-08-20,1859.8935782458234,578.3557733934023,347.0658734368075,433.82264640768153,2149.601538683759,327.6638727197951,119.46352248774721
2019-08-21,1859.8935782458234,578.3557733934023,347.0658734368075,437.35198289594837,2167.08948498747,330.3295612712177,119.47258504852286
2019-08-22,1859.8935782458234,578.3557733934023,347.0658734368075,437.21732594330035,2166.422256582029,330.2278556111774,119.48178782314277
2019-08-23,1859.8935782458234,578.3557733934023,347.0658734368075,425.9862082170355,2110.771800928246,321.7450538034968,119.49085176953561
2019-08-26,1865.5455469804472,582.772272159508,347.50675306163043,431.1634746140908,2138.9633166294398,325.3032247928926,119.50005595121068
2019-08-27,1866.761699869068,583.8578009863493,347.63423743564954,429.7341260688378,2134.0765750036303,324.02686457274797,119.50916780745648
2019-08-28,1866.6033723546805,583.1855348053541,347.4895533766553,432.3920773190514,2145.118247631004,326.3083699195966,119.51832688150499
2019-08-29,1872.7461608057486,586.3371797226139,347.5710495254508,437.67586478199564,2172.65073289269,330.4763930912307,119.52748665749665
2019-08-30,1875.5030345122318,588.319728819954,347.7446747081095,437.7081906468776,2175.083390565505,330.3295612712177,119.5366471354852
2019-09-03,1870.0217279102883,583.1070923424213,347.19048586359094,434.58251279581543,2159.304054173802,328.3980699976607,119.54576178180177
2019-09-04,1870.0217279102883,583.1070923424213,347.19048586359094,438.903851520429,2180.786655102137,332.1255595314553,119.55483058129016
2019-09-05,1871.449354643518,585.0450289683702,347.4565237684671,444.1865607759147,2207.0415261259654,336.39521200752904,119.56390006874207
2019-09-06,1873.8287816624818,588.2749900369683,347.89992943200406,445.04230592099316,2211.284051824755,336.6548592274741,119.57292369078105
2019-09-09,1873.473604402367,587.7928534917079,347.8337422333889,444.956872221814,2210.8652439690977,336.8242923052739,119.58194799384293
2019-09-10,1873.473604402367,587.7928534917079,347.8337422333889,444.8524733608655,2210.346515463954,336.74526425862103,119.59092641297288
2019-09-11,1873.473604402367,587.7928534917079,347.8337422333889,448.0157588476063,2226.063989169812,339.1398140722036,119.59995207472043
2019-09-12,1873.473604402367,587.7928534917079,347.8337422333889,449.56767061101095,2233.7750011658413,340.31458316570894,119.60893184562788
2019-09-13,1873.473604402367,587.7928534917079,347.8337422333889,449.26915038977694,2232.2917383533068,340.088608765642,119.6179588662657
2019-09-16,1876.4677029184609,588.8147662994153,347.83755415327414,447.8855371401591,2228.0777054354717,339.038184767764,119.62712627796213
2019-09-17,1874.8839726713259,588.3108025448223,347.8353957549278,449.0153185649178,2230.4234208020675,339.8965744300555,119.63629439224069
2019-09-18,1871.7523051514272,587.0647841562339,347.8320968427992,449.2794054501555,2227.7088478713995,340.09994757233574,119.64527689179207
2019-09-19,1879.7681631766575,590.2822983806795,347.8404312829738,449.2603056292635,2237.1078715922413,340.077346314549,119.65416687277015
2019-09-20,1885.3488372604934,592.0389810700891,347.8481113763047,447.15013938937545,2235.8206979533584,338.4705190548742,119.66296429615605
2019-09-23,1886.5197615716406,592.65844680409,347.8487482464532,447.04711976732517,2237.799817482477,338.39107105241783,119.67190219702162
2019-09-24,1886.5197615716406,592.65844680409,347.8487482464532,443.5392582296063,2220.2403890424803,335.73580504048135,119.68074754263368
2019-09-25,1886.5197615716406,592.65844680409,347.8487482464532,446.16261411977695,2233.372215806672,337.72154696828653,119.68945366324478
2019-09-26,1886.5197615716406,592.65844680409,347.8487482464532,445.2332199493162,2228.7199140401185,337.0180446418746,119.69788051608343
2019-09-27,1886.5197615716406,592.65844680409,347.8487482464532,442.8347101660492,2216.7136075057683,335.20249934787546,119.70616794018686
2019-09-30,1886.5197615716406,592.65844680409,347.8487482464532,444.8885366171987,2226.99452030958,336.7571375545191,119.71482926470465
2019-10-01,1886.5197615716406,592.65844680409,347.8487482464532,439.59658325814655,2200.504399386362,332.75140821202575,119.72321122808474
2019-10-02,1886.5197615716406,592.65844680409,347.8487482464532,431.8313731596965,2161.633808406895,326.8735540754659,119.73145371296162
2019-10-03,1886.5197615716406,592.65844680409,347.8487482464532,435.36919400371886,2179.343205222066,329.5514977007897,119.73932303071564
2019-10-04,1886.5197615716406,592.65844680409,347.8487482464532,441.2605352350104,2208.833703536814,334.0109320222313,119.74723960158862
2019-10-07,1886.5197615716406,592.65844680409,347.8487482464532,439.35665662500594,2199.303390024909,332.56979641592534,119.75529688540063
2019-10-08,1886.5197615716406,592.65844680409,347.8487482464532,432.5359212232536,2165.1605899436067,327.40685976807174,119.76321451238573
2019-10-09,1886.5197615716406,592.65844680409,347.8487482464532,436.6434228159249,2185.7216581351945,330.5160216479581,119.77103916779477
2019-10-10,1886.5197615716406,592.65844680409,347.8487482464532,439.59658325814655,2200.504399386362,332.75140821202575,119.7788175769725
2019-10-11,1886.5197615716406,592.65844680409,347.8487482464532,444.15382750116777,2223.3167605096455,336.2010015373246,119.78659649131113
2019-10-14,1886.5197615716406,592.65844680409,347.8487482464532,443.65924676444786,2220.8410199592126,335.8266300274317,119.79437591084351
2019-10-15,1886.5197615716406,592.65844680409,347.8487482464532,448.05146264008715,2242.8272926589784,339.1513055900985,119.80210906445895
2019-10-16,1886.5197615716406,592.65844680409,347.8487482464532,447.3320357964635,2239.2260318787035,338.60673744639956,119.80979593853037
2019-10-17,1886.5197615716406,592.65844680409,347.8487482464532,448.65115313158213,2245.829184882581,339.6052396358487,119.81748330581544
2019-10-18,1886.5197615716406,592.65844680409,347.8487482464532,446.68735590897074,2235.9989346203274,338.11874880276804,119.82517116634575
2019-10-21,1886.5197615716406,592.65844680409,347.8487482464532,449.71546505349363,2251.1568492814426,340.4108675781044,119.83290630790461
2019-10-22,1886.5197615716406,592.65844680409,347.8487482464532,448.24650075031514,2243.8036019296824,339.2989391439182,119.84054836266456
2019-10-23,1886.5197615716406,592.65844680409,347.8487482464532,449.55078974190985,2250.332528162009,340.2862170600746,119.84819090477815
2019-10-24,1886.5197615716406,592.65844680409,347.8487482464532,450.2851458021426,2254.008520657859,340.8420858326669,119.8559275323431
2019-10-25,1886.5197615716406,592.65844680409,347.8487482464532,452.1291562360828,2263.239149891428,342.23790438999845,119.86361785957398
2019-10-28,1886.5197615716406,592.65844680409,347.8487482464532,454.67741211432445,2275.9950458296366,344.166799573134,119.87126187288912
2019-10-29,1886.5197615716406,592.65844680409,347.8487482464532,454.54279698212935,2275.321198029402,344.0649030240922,119.8788127392449
2019-10-30,1886.5197615716406,592.65844680409,347.8487482464532,455.93691345609176,2282.2997769152385,345.12017560261035,119.88631725418755
2019-10-31,1886.5197615716406,592.65844680409,347.8487482464532,454.72245194686485,2276.220503336422,344.20089234881567,119.89344743366712
2019-11-01,1886.5197615716406,592.65844680409,347.8487482464532,458.9350632943112,2297.307723201179,347.3896167645593,119.90048428435149
2019-11-04,1886.5197615716406,592.65844680409,347.8487482464532,460.77897285516616,2306.5378474907243,348.78535896629023,119.90756842952747
2019-11-05,1886.5197615716406,592.65844680409,347.8487482464532,460.26921071912415,2303.986112864656,348.3994959385024,119.91479361841282
2019-11-06,1886.5197615716406,592.65844680409,347.8487482464532,460.3741691642714,2304.5115071217897,348.4789439409588,119.92201924266146
2019-11-07,1886.5197615716406,592.65844680409,347.8487482464532,461.99323261822275,2312.6161111814927,349.7044895088836,119.92924530229965
2019-11-08,1886.5197615716406,592.65844680409,347.8487482464532,463.13249324243543,2318.318948990301,350.566849662408,119.93642491842843
2019-11-11,1886.5197615716406,592.65844680409,347.8487482464532,462.2480884679724,2313.8918522585204,349.89740193387735,119.94360496436803
2019-11-12,1886.5197615716406,592.65844680409,347.8487482464532,463.22257290751617,2318.769864003872,350.63503521377135,119.95097295070495
2019-11-13,1886.5197615716406,592.65844680409,347.8487482464532,463.37252074866126,2319.5204632957784,350.74853781410906,119.9582476378057
2019-11-14,1886.5197615716406,592.65844680409,347.8487482464532,464.0469077597445,2322.8962665692684,351.25901318212635,119.96552276609565
2019-11-15,1886.5197615716406,592.65844680409,347.8487482464532,467.4049727659461,2339.7058531333946,353.8008911271261,119.97279833560154
2019-11-18,1886.5197615716406,592.65844680409,347.8487482464532,467.749857844234,2341.432256751981,354.0619509256828,119.98007434635014
2019-11-19,1886.5197615716406,592.65844680409,347.8487482464532,467.61483921969807,2340.7563891756495,353.9597489542385,119.9873507983682
2019-11-20,1886.5197615716406,592.65844680409,347.8487482464532,465.87593854053296,2332.0519116152504,352.6434929327642,119.99462769168248
2019-11-21,1886.5197615716406,592.65844680409,347.8487482464532,465.1263506444355,2328.299672571753,352.0760944644766,120.00195192160061
2019-11-22,1886.5197615716406,592.65844680409,347.8487482464532,466.16070326004353,2333.4773685954406,352.859044793345,120.00927659857496
2019-11-25,1886.5197615716406,592.65844680409,347.8487482464532,469.7735232429097,2351.562191292571,355.59375880773786,120.01674239805403
2019-11-26,1886.5197615716406,592.65844680409,347.8487482464532,470.8378351648212,2356.8898556914323,356.39938674999354,120.0241617718564
2019-11-27,1886.5197615716406,592.65844680409,347.8487482464532,472.9367014485111,2367.39622600203,357.98811773231887,120.03167538577127
2019-11-29,1886.5197615716406,592.65844680409,347.8487482464532,471.1826698065664,2358.616006838007,356.66040837074996,120.03904878216453
2019-12-02,1886.5197615716406,592.65844680409,347.8487482464532,467.18007622249985,2338.580080431541,353.6306563155197,120.0464695349362
2019-12-03,1886.5197615716406,592.65844680409,347.8487482464532,464.0469077597445,2322.8962665692684,351.25901318212635,120.05375001363457
2019-12-04,1886.5197615716406,592.65844680409,347.8487482464532,466.9101902830558,2337.2291026949133,353.42636690603194,120.06093708329175
2019-12-05,1886.5197615716406,592.65844680409,347.8487482464532,467.749857844234,2341.432256751981,354.0619509256828,120.06807764819939
2019-12-06,1886.5197615716406,592.65844680409,347.8487482464532,472.0222869312021,2362.8189084230626,357.2959542126005,120.07517169538474
2019-12-09,1886.5197615716406,592.65844680409,347.8487482464532,470.53804035561626,2355.3891620516433,356.17245790491876,120.0823131068889
2019-12-10,1886.5197615716406,592.65844680409,347.8487482464532,470.01329856642246,2352.762443237988,355.7752560704373,120.08954882524553
2019-12-11,1886.5197615716406,592.65844680409,347.8487482464532,471.3476981739484,2359.4420952615246,356.785326133382,120.09683191658095
2019-12-12,1886.5197615716406,592.65844680409,347.8487482464532,475.4101094975367,2379.7774534743153,359.86035705978634,120.10406850978764
2019-12-13,1886.5197615716406,592.65844680409,347.8487482464532,475.69507596321773,2381.2039203425534,360.0760616315684,120.11135248170085
2019-12-16,1886.5197615716406,592.65844680409,347.8487482464532,478.9631117408812,2397.5628443651217,362.5497922030051,120.11863689536635
2019-12-17,1886.5197615716406,592.65844680409,347.8487482464532,479.06796931294326,2398.087733678231,362.62916384986084,120.12587480246086
2019-12-18,1886.5197615716406,592.65844680409,347.8487482464532,479.0978781827041,2398.237449581393,362.65180328544784,120.13311314568499
2019-12-19,1886.5197615716406,592.65844680409,347.8487482464532,481.0618267149433,2408.0684572596824,364.13840865192947,120.14039887907319
2019-12-20,1886.5197615716406,592.65844680409,347.8487482464532,483.1709316167807,2418.6260793887313,365.7348897277188,120.14773200657042
2019-12-23,1886.5197615716406,592.65844680409,347.8487482464532,483.9089695446231,2422.320502341463,366.2935454797341,120.15511253217744
2019-12-24,1886.5197615716406,592.65844680409,347.8487482464532,483.92399963431745,2422.3957390010623,366.3049224642281,120.16244655776634
2019-12-26,1886.5197615716406,592.65844680409,347.8487482464532,486.5000964840735,2435.290999489938,368.25489179313774,120.16978103100938
2019-12-27,1886.5197615716406,592.65844680409,347.8487482464532,486.3796035838059,2434.6878438530844,368.16368502818426,120.17706898820109
2019-12-30,1882.0045531470057,588.8232799415764,347.7846652954494,483.6673898196984,2418.6599708610506,366.13384774101473,120.18435738738675
2019-12-31,1889.932820796351,593.0680446680842,347.94115623048594,485.03453593421045,2433.3045701834835,367.023428666164,120.19155227591085
2020-01-02,1881.2718016077697,587.5438827990063,347.78586946789505,489.2477221069792,2439.1442406866527,370.45568927011965,120.19870060909251
2020-01-03,1866.7641486093141,578.7440043077568,347.5177487092348,485.25192052723935,2406.5090890714155,367.65061356974553,120.20575537586038
2020-01-06,1865.8073470859524,578.2783561390688,347.52245356550907,487.0937139176373,2414.8053952749524,369.05322777553323,120.21299853239395
2020-01-07,1869.284808839322,580.6835866534688,347.6067546454934,485.8634784338449,2413.3302746575014,368.01551698516016,120.22014814108113
2020-01-08,1873.364172492011,583.5051302483837,347.70564710958377,488.54708175601644,2429.7868580595587,369.97678694296326,120.22729817498774
2020-01-09,1871.7591961476921,582.3950280094431,347.6667390643567,491.75012206139036,2442.081397333362,372.48548837948886,120.23444863413911
2020-01-10,1868.5492174443636,580.1748055381712,347.5889223432511,490.25042345949936,2431.829053636507,371.4135702800332,120.24159951856049
2020-01-13,1868.2291729362346,579.9534426961005,347.58116378267107,493.5902920026774,2447.343481538514,373.96789418793577,120.24889183134025
2020-01-14,1868.2291729362346,579.9534426961005,347.58116378267107,492.8377697626315,2443.6122890318366,373.3977469180255,120.25618458637814
2020-01-15,1868.2291729362346,579.9534426961005,347.58116378267107,493.9516377227369,2449.1351235276247,374.2416671939975,120.26347778370098
2020-01-16,1868.2291729362346,579.9534426961005,347.58116378267107,498.0605784633329,2469.5082740949197,377.35479956511665,120.27067740880179
2020-01-17,1868.2291729362346,579.9534426961005,347.58116378267107,499.6106714825033,2477.1940209738805,378.5292250584192,120.27792447729819
2020-01-21,1868.2291729362346,579.9534426961005,347.58116378267107,498.63230186868714,2472.343020993323,377.78796488749526,120.28517198247629
2020-01-22,1868.2291729362346,579.9534426961005,347.58116378267107,498.69251775705294,2472.641586350594,377.8335873588722,120.29237290630968
2020-01-23,1868.2291729362346,579.9534426961005,347.58116378267107,499.26444272186615,2475.4773326309464,378.26690539245203,120.29957426122951
2020-01-24,1868.2291729362346,579.9534426961005,347.58116378267107,494.8244909597849,2453.462947057869,374.90298305106097,120.30672901896537
2020-01-27,1868.394911598202,579.2239758451966,347.17710282050706,485.80947761487187,2409.6359431874644,368.8935300368139,120.31393123332008
2020-01-28,1879.1478348825488,581.2601107134287,348.7427295686197,490.31889209923105,2423.5037985747044,372.75926138555064,120.32122793281367
2020-01-29,1856.2242637257905,575.514254810971,345.9958259730704,486.29284382557364,2393.939673419658,372.4513192482066,120.32847804729865
2020-01-30,1865.980680655093,578.1293406924879,346.3148664254659,487.46436055596746,2406.522352147605,373.6599520505917,120.33577562901534
2020-01-31,1830.1589843811714,568.3077885963885,343.13301804281286,478.94295017556306,2360.3237426610526,366.87518426753934,120.34297958225793
2020-02-03,1841.623687591383,571.2999874232166,343.0094858356203,479.76824680733785,2375.109568056859,369.6005447208549,120.35027804345168
2020-02-04,1888.2766041074385,581.57468872714,350.13261831050215,489.7313904531324,2435.2770111352884,375.2337173351934,120.35757694727647
2020-02-05,1948.9736769196575,594.437198676809,358.35577146463856,501.2331358418268,2513.55695473109,379.5668594931916,120.36487629375908
2020-02-06,1925.406807521471,589.102680417508,356.6690911121023,498.87397171058063,2483.1631791873,380.8440596249432,120.37217608292643
2020-02-07,1875.9742920348272,579.0609315445421,350.6314939318383,490.4291690630745,2419.4109363721554,378.8142986933743,120.37942926735948
2020-02-10,1845.9620996745823,573.6297175254318,350.16211276888833,489.7726444276576,2380.7047415542506,381.6422047183371,120.38677698478925
2020-02-11,1878.9912149025313,581.0641309193886,353.63784532247575,494.63416045699825,2423.3018085505787,382.3037114644021,120.39407810217152
2020-02-12,1900.5150723909599,586.0442077349553,357.8114602696789,500.4718063786278,2451.060747690376,384.76679042955084,120.40142671373657
2020-02-13,1871.8305752367464,580.6166327306955,356.02809221034613,497.9774049041206,2414.066857947909,384.3563027205596,120.40882282349362
2020-02-14,1871.4154475975133,581.4848400651715,355.1203043515389,496.7076796997815,2413.5314751579554,384.97199610624614,120.41617233504671
2020-02-18,1856.2259911131466,578.1765011157339,353.47402235437227,494.4050208517119,2393.9419012006465,383.9799459650503,120.42352229519916
2020-02-19,1887.7496241601564,586.1846928079483,355.35975502958854,497.0425999767664,2434.5973743976656,385.81576367101695,120.43087270397834
2020-02-20,1847.276630230719,574.8945843332036,354.30238683715515,495.56365637648173,2382.4000684130556,384.23081229092287,120.43822356141163
2020-02-21,1829.4888655791829,569.9360415802598,351.4172504528991,491.52820872259974,2359.4595022686967,380.27398871063355,120.44548072562274
2020-02-24,1770.8007594488647,555.696571435295,340.4456125357944,476.1821506528916,2283.7704875473673,367.66199055423954,120.45259707111829
2020-02-25,1692.74941812989,538.346832287719,328.5277989801431,459.512674292953,2183.10905013459,356.5210975773991,120.45971383707271
2020-02-26,1668.0324031036757,533.9239145948889,325.4198367320597,455.16555953233996,2151.2319520726364,355.2097664921655,120.46683102351089
2020-02-27,1617.0445496352202,522.1012411815232,315.0622418608928,440.67836504448314,2085.4738173116766,339.25656178556807,120.47357167756857
2020-02-28,1627.849338147399,523.1463467173347,313.69682783504106,438.7685569476218,2099.4085623679102,337.8311936107924,120.47951065471814
2020-03-02,1630.5449486960504,524.9264730473578,322.9913685853214,451.76885491249686,2102.8850437191186,352.4615757142613,120.48474108024384
2020-03-03,1560.9035990270404,517.9056523388249,313.16726613941324,438.02785764693454,2013.0698241138641,342.3696559788869,120.48916707348049
2020-03-04,1572.8415659946822,519.1903603325588,322.1938649637015,450.6533845533171,2028.466009425249,356.76047238537666,120.49254986086882
2020-03-05,1440.7988167105727,506.38324676451816,306.51120430491653,428.71800690272545,1858.1728060252685,344.90111138440056,120.49545772081828
2020-03-06,1330.6302249688356,496.54015941037113,297.67881442031944,416.3641205379537,1716.0903175623992,339.1995623296972,120.49760461768592
2020-03-09,1032.853230714746,467.9199144328586,260.81471752889485,364.80221375088973,1332.0525833795266,312.7100292031539,120.49913231268769
2020-03-10,1098.4332504917152,474.6847801456415,277.0213946273433,387.4705345384422,1416.6299774992515,328.89102175533316,120.50118405808252
2020-03-11,973.5889984606763,461.5425478496389,257.11934028339186,359.63348012812236,1255.6205489641352,312.85821633507817,120.50314060095853
2020-03-12,828.8952018225202,446.1761535137156,223.42587457921047,312.5063433074659,1069.011513063197,282.9247974643832,120.50471603055975
2020-03-13,913.1332459564449,454.99861538967855,246.11609663272364,344.2432150378882,1177.6518319106126,307.11102572009776,120.50600541953179
2020-03-16,748.2425117564866,440.09638866315066,207.86302012182097,290.7385388977719,964.9951620811484,273.50576145956785,120.50715172621402
2020-03-17,708.3538358525356,440.09638866315066,210.29043184328003,294.1337658928706,913.5514407416919,288.27283917706603,120.50805945323592
2020-03-18,550.1357181429522,440.09638866315066,186.21916453543682,260.4652226262591,709.5003266384308,273.676817093881,120.50815508502802
2020-03-19,609.4351250305801,440.09638866315066,196.9717174872904,275.50484599366087,785.9777251579441,274.25836043718544,120.50834632971926
2020-03-20,636.2386471560777,440.09638866315066,193.69585419222037,270.9228876083776,820.5457546021972,262.4393533711427,120.50858537406205
2020-03-23,721.0706047806727,440.09638866315066,188.76191342959035,264.02177202035915,929.9520331968699,255.7293186322078,120.50868100627154
2020-03-24,885.3649323269284,440.09638866315066,220.9760225538528,309.0797290018002,1141.8395278907153,278.89917748792556,120.50872882479531
2020-03-25,991.1787594529351,440.09638866315066,237.47728685653175,332.16008966679595,1278.3057532835844,283.074378086019,120.5085375029837
2020-03-26,1002.7382588596262,440.09638866315066,249.57682839985154,349.08374942876833,1293.2138356609828,299.6030749545708,120.50829833918397
2020-03-27,883.2870850556511,440.09638866315066,235.56622463402786,329.48708203904255,1139.1597649357623,290.6791095753455,120.50844178001421
2020-03-30,847.4358148861718,440.09638866315066,234.42134578559464,327.8857370599623,1092.9230145180431,300.11918154813463,120.50901528706704
2020-03-31,882.6065136396404,440.09638866315066,232.3364168758172,324.96954165118257,1138.2820439915736,295.6458505073782,120.50954103052453
2020-04-01,792.0851271056515,440.09638866315066,213.9486361109889,299.2505055763406,1021.538209342139,282.34029534155434,120.50997122895043
2020-04-02,844.5223287124512,440.09638866315066,214.62951447254193,300.20285188541004,1089.1655428183526,288.85543240987914,120.51040142891206
2020-04-03,859.3988224063128,440.09638866315066,210.99289840682815,295.11630767539054,1108.351494188059,284.6802127228856,120.51087940679
2020-04-06,963.5790094122389,440.09638866315066,233.77703918908253,326.98454377237204,1242.7108427493,303.8011822328535,120.51159619812722
2020-04-07,1046.6748336767262,440.09638866315066,243.53237547142328,340.62935762873724,1349.878060789528,304.11082328231157,120.51226524063287
2020-04-08,1133.6214400683227,440.09638866315066,260.9866763827755,365.04273304046086,1462.0115645786989,314.31928075314875,120.513316180814
2020-04-09,1183.0559236523904,440.09638866315066,272.04351313542304,380.5079589397663,1525.7663456143564,319.1024055545645,120.51451026336788
2020-04-13,1140.514602927188,440.09638866315066,270.94912213293196,377.0291062514727,1470.9015550640395,316.1890194346956,120.51575205981456
2020-04-14,1172.7140746511539,440.09638866315066,272.8998551798079,389.5446132182999,1512.4286454752141,325.5143480286368,120.5167075826244
2020-04-15,1141.7488251019636,440.09638866315066,272.3514038810948,381.5178756271367,1472.4933096207217,318.597714123295,120.51737665350684
2020-04-16,1096.9269764552885,440.09638866315066,271.0790952931309,381.3524671156017,1414.6873624578968,320.1348096306937,120.51804572810376
2020-04-17,1162.7942573122234,440.09638866315066,272.6791081215464,392.66726501896915,1499.6352321227369,328.7833603584437,120.51861928086235
2020-04-20,1123.7420374494745,440.09638866315066,271.67794733224093,385.25161788959093,1449.2702733774538,322.99083360558876,120.51919283635053
2020-04-21,1090.728684828857,440.09638866315066,270.7952145594945,374.3164032596571,1406.6935351376158,313.1838157050681,120.51971862420949
2020-04-22,1095.7114460946336,440.09638866315066,271.0756332824245,381.5760008420395,1413.1197144040036,320.1348096306937,120.52029218492949
2020-04-23,1126.2613608757154,440.09638866315066,271.89866528726077,382.72385454094837,1452.519400338087,320.1117693282034,120.52081797758458
2020-04-24,1121.1868082989567,440.09638866315066,271.8384278915425,387.04221011485595,1445.9748394379012,324.5737233844658,120.5213915435365
2020-04-27,1174.8974326497469,440.09638866315066,273.778923054516,394.4350779493639,1515.244483753083,329.25367268052923,120.52196511221801
2020-04-28,1270.935464008939,440.09638866315066,277.38030009226975,398.1044668164488,1639.103037873274,327.73950294221993,120.52249091217156
2020-04-29,1411.4005220703311,440.09638866315066,282.3260719855154,413.63597446810064,1820.2583442625003,336.3192381849014,120.52296893799976
2020-04-30,1374.7820662974962,440.09638866315066,280.06625206289374,407.3158845461861,1773.0321681117819,333.1878950030318,120.52339918436098
2020-05-01,1239.1969426130936,440.09638866315066,275.41056705326486,391.9628661127813,1598.170426965211,324.36725784036014,120.52397276259701
2020-05-04,1184.571889862848,440.09638866315066,272.8643973552284,389.27509599421427,1527.7214604815074,325.26203094635224,120.52459411106378
2020-05-05,1162.271923816995,440.09638866315066,272.5533882607292,391.8783726160353,1498.9615878323236,328.2671964981795,120.52521546273385
2020-05-06,1144.883165531805,440.09638866315066,271.8123227369802,388.5767048018812,1476.5356131567924,326.042003406796,120.52578904961365
2020-05-07,1176.8787751780383,440.09638866315066,272.51552568936825,393.5554855451333,1517.7997862441678,329.97622572929856,120.52631486624983
2020-05-08,1216.1329479625147,440.09638866315066,274.1281477288105,401.3657312090577,1568.4252001084435,335.43614748580575,120.52688845836177
2020-05-11,1190.900588458404,440.09638866315066,273.489512434767,400.896138329551,1539.9137770160687,335.5049438819741,120.52746205320346
2020-05-12,1157.6289619750855,440.09638866315066,273.23432550965276,392.6868979794722,1485.3560608694866,328.81764402312695,120.5280834196589
2020-05-13,1115.252885951402,440.09638866315066,272.84343124884924,385.3022702478291,1420.5786916586571,323.00240147908437,120.52870478931773
2020-05-14,1118.8568990006002,440.09638866315066,272.80298353717745,389.7739006755567,1431.9632730767225,326.86782740541855,120.52927839280345
2020-05-15,1136.2708541250295,440.09638866315066,272.8279331239189,391.5715191489261,1457.0368258239941,328.3705819814336,120.52985199901897
2020-05-18,1253.89691230964,440.09638866315066,274.51174233694525,405.5499159871898,1622.2115256174636,338.37259299706517,120.53047337779553
2020-05-19,1207.693147553277,440.09638866315066,273.71594686932167,400.613464264049,1562.4360536636887,334.89703876755186,120.53109475977553
2020-05-20,1226.0541811875546,440.09638866315066,274.322722180833,407.6721464760916,1586.1903831395555,340.58625639275334,120.53166837463527
2020-05-21,1274.3452153871378,440.09638866315066,275.02961257244135,406.16113005149344,1648.6662306302828,338.2348856713275,120.53224199222488
2020-05-22,1290.4665919092786,440.09638866315066,275.24331816701266,407.1711505820533,1669.5230351620553,338.87707445043293,120.53281561254435
2020-05-26,1404.990886048209,440.09638866315066,277.4364800808269,414.53948731504266,1806.5736327518368,343.0523132263267,120.53348477285351
2020-05-27,1432.2462833994205,440.09638866315066,277.57581194062453,420.85281495430723,1858.2895831056624,348.1566087728958,120.53420169864609
2020-05-28,1393.3463794874792,440.09638866315066,277.37415703761496,419.7806213731348,1805.9070139935793,347.5142672825891,120.53491862870288
2020-05-29,1362.518290021239,440.09638866315066,277.2163193831515,421.39403725804675,1771.0311500213647,349.06272068558167,120.53558780068732
2020-06-01,1380.8627733138405,440.09638866315066,277.30388874546736,423.23738608016237,1803.2220843433688,350.4735812962375,120.53625697638682
2020-06-02,1380.8627733138405,440.09638866315066,277.30388874546736,426.74194386898773,1818.153411793422,353.37562860941273,120.5369739186683
2020-06-03,1380.8627733138405,440.09638866315066,277.30388874546736,432.4211403004752,1842.3498858370517,358.0784464078651,120.53773862361511
2020-06-04,1380.8627733138405,440.09638866315066,277.30388874546736,431.28522724760234,1837.5102767424846,357.1378217636941,120.53845557470933
2020-06-05,1380.8627733138405,440.09638866315066,277.30388874546736,442.33891805008386,1884.6050278776377,366.2911402783143,120.53917253006792
2020-06-08,1380.8627733138405,440.09638866315066,277.30388874546736,447.68570385119494,1907.3852513501238,370.7186961364925,120.53998500348601
2020-06-09,1380.8627733138405,440.09638866315066,277.30388874546736,444.34735137755774,1893.1620491856422,367.9542797934543,120.54089297782646
2020-06-10,1380.8627733138405,440.09638866315066,277.30388874546736,441.86782625796377,1882.5979199253572,365.90103951469143,120.54170546284094
2020-06-11,1380.8627733138405,440.09638866315066,277.30388874546736,416.3947524423575,1774.068733300738,344.8073467068259,120.54251795333185
2020-06-12,1380.8627733138405,440.09638866315066,277.30388874546736,421.38128073088035,1795.314063297092,348.93658123333955,120.54328269345086
2020-06-15,1380.8627733138405,440.09638866315066,277.30388874546736,425.31520609261776,1812.0747307705929,352.1941784008522,120.54414294597579
2020-06-16,1380.8627733138405,440.09638866315066,277.30388874546736,433.50145179714366,1846.9526019789419,358.97302862485566,120.54495545289613
2020-06-17,1380.8627733138405,440.09638866315066,277.30388874546736,431.70076358762765,1839.280688170739,357.48191827793687,120.54576796529305
2020-06-18,1380.8627733138405,440.09638866315066,277.30388874546736,431.86701500692544,1839.9890098849614,357.6195874258742,120.54653272603062
2020-06-19,1380.8627733138405,440.09638866315066,277.30388874546736,429.3989237065178,1829.473594930036,355.57581524158957,120.54724972943161
2020-06-22,1380.8627733138405,440.09638866315066,277.30388874546736,432.1535520482277,1841.2098139487139,357.85686245483447,120.54801449956973
2020-06-23,1380.8627733138405,440.09638866315066,277.30388874546736,434.1430365866469,1849.6861030813038,359.50431089404486,120.54877927455968
2020-06-24,1380.8627733138405,440.09638866315066,277.30388874546736,423.06869114305454,1802.5033519106626,350.3338887248834,120.549496291323
2020-06-25,1380.8627733138405,440.09638866315066,277.30388874546736,427.6042290312526,1821.8272168464168,354.0896680087118,120.55026107571365
2020-06-26,1380.8627733138405,440.09638866315066,277.30388874546736,417.4479547225681,1778.5559493960495,345.679480377231,120.55093033287454
2020-06-29,1380.8627733138405,440.09638866315066,277.30388874546736,423.5834435269869,1804.6964777951027,350.7601438654049,120.55159959375096
2020-06-30,1380.8627733138405,440.09638866315066,277.30388874546736,429.0093439802098,1827.8137728320942,355.25321282892446,120.55236439148527
2020-07-01,1380.8627733138405,440.09638866315066,277.30388874546736,432.01450205360703,1840.6173851383714,357.7417182090832,120.55303366032312
2020-07-02,1380.8627733138405,440.09638866315066,277.30388874546736,434.3935202142245,1850.7532999402526,359.71173088315845,120.55370293287655
2020-07-06,1380.8627733138405,440.09638866315066,277.30388874546736,441.0992707505609,1879.3234543191215,365.2646155834336,120.55441997892548
2020-07-07,1380.8627733138405,440.09638866315066,277.30388874546736,436.5499016294762,1859.940660788174,361.4973829595106,120.55513702923938
2020-07-08,1380.8627733138405,440.09638866315066,277.30388874546736,439.88880735242884,1874.1662200964633,364.26225743615265,120.55585408381823
2020-07-09,1380.8627733138405,440.09638866315066,277.30388874546736,437.3847087424062,1863.497394365385,362.18866838982166,120.55647559664575
2020-07-10,1380.8627733138405,440.09638866315066,277.30388874546736,441.8507216332939,1882.5250448959682,365.88687555077445,120.5570971126774
2020-07-13,1380.8627733138405,440.09638866315066,277.30388874546736,438.0247259921822,1866.224216893625,362.71865261380015,120.55776640778983
2020-07-14,1380.8627733138405,440.09638866315066,277.30388874546736,443.7010639688731,1890.4085123609148,367.41910338863295,120.55848347800807
2020-07-15,1380.8627733138405,440.09638866315066,277.30388874546736,447.7774971334528,1907.776340793556,370.7947081369205,120.5592483194148
2020-07-16,1380.8627733138405,440.09638866315066,277.30388874546736,446.3026266666372,1901.4925882594544,369.5734003048306,120.55977428202343
2020-07-17,1380.8627733138405,440.09638866315066,277.30388874546736,447.59658460729514,1907.005554768429,370.6448984484828,120.56030024692667
2020-07-20,1380.8627733138405,440.09638866315066,277.30388874546736,451.2138669441469,1922.4171502693068,373.6402904834292,120.56092178267592
2020-07-21,1380.8627733138405,440.09638866315066,277.30388874546736,452.1739850270302,1926.5077769189681,374.4353431749976,120.56154332162942
2020-07-22,1380.8627733138405,440.09638866315066,277.30388874546736,454.7476086343632,1937.4728170552178,376.5665043442042,120.56216486378716
2020-07-23,1380.8627733138405,440.09638866315066,277.30388874546736,449.32175428524994,1914.355718446877,372.07347355848503,120.56273862651143
2020-07-24,1380.8627733138405,440.09638866315066,277.30388874546736,446.42793763659046,1902.0264813319047,369.6771675660879,120.5632646043472
2020-07-27,1380.8627733138405,440.09638866315066,277.30388874546736,449.6835332334557,1915.8970940684806,372.37305475756,120.56379058447762
2020-07-28,1380.8627733138405,440.09638866315066,277.30388874546736,446.8315330122236,1903.7460177396424,370.01137603004895,120.56431656690275
2020-07-29,1380.8627733138405,440.09638866315066,277.30388874546736,452.3269123586472,1927.1593307531543,374.5619789386438,120.56484255162255
2020-07-30,1380.8627733138405,440.09638866315066,277.30388874546736,450.7129918972108,1920.2831494087104,373.2255268608027,120.5652729474654
2020-07-31,1380.8627733138405,440.09638866315066,277.30388874546736,454.27462657374855,1935.4576555282608,376.17483829076843,120.5657033448447
2020-08-03,1380.8627733138405,440.09638866315066,277.30388874546736,457.432804186982,1948.9132145260257,378.79005579017405,120.56618154206546
2020-08-04,1380.8627733138405,440.09638866315066,277.30388874546736,459.199698084145,1956.4411461333066,380.25318180946164,120.5666119426883
2020-08-05,1380.8627733138405,440.09638866315066,277.30388874546736,462.05179051359636,1968.5926153194457,382.6149368925733,120.56709014351281
2020-08-06,1380.8627733138405,440.09638866315066,277.30388874546736,465.1403509213002,1981.7515670547382,385.1725059135027,120.567568346234
2020-08-07,1380.8627733138405,440.09638866315066,277.30388874546736,465.47428298729415,1983.1742997713527,385.4490277211871,120.56804655085189
2020-08-10,1380.8627733138405,440.09638866315066,277.30388874546736,466.8654744951454,1989.1015343045356,386.6010428457045,120.56857255184447
2020-08-11,1380.8627733138405,440.09638866315066,277.30388874546736,463.01172418004114,1972.6824562545046,383.40983687294033,120.56909855513184
2020-08-12,1380.8627733138405,440.09638866315066,277.30388874546736,469.46731381756723,2000.186788774979,388.75556882870416,120.56962456071399
2020-08-13,1380.8627733138405,440.09638866315066,277.30388874546736,468.61872157586015,1996.5713230312256,388.0528682360988,120.5701027734874
2020-08-14,1380.8627733138405,440.09638866315066,277.30388874546736,468.63246060052757,1996.6298587691176,388.0642452205928,120.57058098815753
2020-08-17,1380.8627733138405,440.09638866315066,277.30388874546736,470.1211623002299,2002.9725398984124,389.2970063927772,120.5710592047244
2020-08-18,1380.8627733138405,440.09638866315066,277.30388874546736,471.13678973109836,2007.2996666434492,390.13802515592533,120.57148962275964
2020-08-19,1380.8627733138405,440.09638866315066,277.30388874546736,469.1750598666718,1998.9416275585468,388.51355975250476,120.57201563877325
2020-08-20,1380.8627733138405,440.09638866315066,277.30388874546736,470.6359607882719,2005.1658622115033,389.72329971109906,120.57254165708174
2020-08-21,1380.8627733138405,440.09638866315066,277.30388874546736,472.3053444935838,2012.278347222672,391.10567968271954,120.57301988142518
2020-08-24,1408.57394456304,440.09638866315066,277.9244824097518,478.1004690276241,2071.198527222483,395.06887895566155,120.57359369580912
2020-08-25,1404.3640076606357,440.09638866315066,277.8329828420137,479.5435674710141,2069.4608787089082,396.4513352828827,120.57411972100219
2020-08-26,1378.9749013453797,440.09638866315066,277.2629004960044,483.1656933296875,2044.958269443465,400.42606425151996,120.57464574849011
2020-08-27,1399.7464926458704,440.09638866315066,277.740150162635,484.99816339148845,2078.2717255871516,401.30151939055247,120.57517177827295
2020-08-28,1424.7128477658507,440.09638866315066,278.31284568126546,488.9813993321071,2123.262499010061,403.89360114296704,120.57565001304815
2020-08-31,1406.1654941458607,440.09638866315066,278.0870596749355,486.8609172790498,2090.7936324799193,402.4306278348806,120.57617604721229
2020-09-01,1401.23670541869,440.09638866315066,277.9810777738595,491.14174175475296,2095.9211011234565,406.22091985019415,120.57674987661662
2020-09-02,1402.7148179005112,440.09638866315066,277.97031634979714,498.04727761403785,2117.4531874901663,412.09648331873507,120.57732370875185
2020-09-03,1420.696090516753,440.09638866315066,278.1533789124744,481.6550890422464,2097.5819543882126,397.91453765777095,120.57784975021778
2020-09-04,1433.833855810808,440.09638866315066,278.1674695757795,477.8509208935741,2106.464266191231,394.6656068509299,120.5783757939787
2020-09-08,1390.4215283965655,440.09638866315066,276.714491374347,462.91117073031035,2009.7496886257304,383.88205808504165,120.57899742291447
2020-09-09,1383.566182270895,440.09638866315066,276.65454041235625,471.2753146766587,2019.9145551807164,391.4628711824705,120.57957126574591
2020-09-10,1353.5138703720754,440.09638866315066,275.33839356096655,461.46176361288803,1958.198683136212,384.6656574365153,120.5801451113083
2020-09-11,1345.1206284291598,440.09638866315066,275.2468785441953,461.5258437402537,1946.522133405153,384.86147137433306,120.58067116508313
2020-09-14,1379.8584898347253,440.09638866315066,277.68065521503803,469.8389827927511,2007.01508699471,389.930643344612,120.581197221153
2020-09-15,1392.9628559889838,440.09638866315066,279.1223798852103,472.27839814192754,2026.0754912106886,391.90069419648756,120.58172327951786
2020-09-16,1450.0625214875638,440.09638866315066,285.1669439458228,482.5058726754507,2109.127406289116,390.34533061163796,120.58229713532184
2020-09-17,1442.0961620493993,440.09638866315066,285.568656574172,483.18557523713054,2097.540273479046,386.9121919182751,120.58272759347456
2020-09-18,1409.618392058112,440.09638866315066,282.22723396062713,477.5318482945284,2050.301100154638,382.4577970664751,120.58320585821824
2020-09-21,1358.5486383988457,440.09638866315066,277.0758997442082,468.81572931824087,1976.019739538067,378.2011632203089,120.58368412485886
2020-09-22,1364.879355400531,440.09638866315066,278.3526208339387,470.9759566399622,1985.2278174877113,382.05288331632994,120.58416239339641
2020-09-23,1321.8931419773676,440.09638866315066,273.0326282661449,461.97446572018043,1922.7040300786146,373.1927703081321,120.58468846469741
2020-09-24,1322.4574007850204,440.09638866315066,274.6062381571928,464.6370324371526,1923.5247489771623,374.18745471754966,120.58516673721846
2020-09-25,1327.5596317732018,440.09638866315066,278.24923206222775,470.80102160426344,1930.9459843038646,380.23699442212796,120.58564501163649
2020-09-28,1356.1258687854577,440.09638866315066,282.5006944198628,477.99454665535484,1972.4958019733062,386.5524806837033,120.58617108940568
2020-09-29,1342.6430467271034,440.09638866315066,278.15797154725084,470.6466077237118,1952.8849306515501,384.4472422409109,120.58660156138777
2020-09-30,1340.8701710652695,440.09638866315066,279.88521345044376,473.56912163885886,1950.3062689794444,387.3622318283931,120.5870798414967
2020-10-01,1324.3452973999767,440.09638866315066,278.04644684486976,470.45790659621554,1926.2707095353044,389.8490955631383,120.58751031672286
2020-10-02,1346.2128244347066,440.09638866315066,280.71680155635704,474.9761786392189,1958.077200561224,386.14752875575783,120.58794079348576
2020-10-05,1381.0683308187083,440.09638866315066,286.82261043313304,485.30728013265855,2008.7748102747464,392.99517537592965,120.58841907890644
2020-10-06,1363.2840928559972,440.09638866315066,283.29213711668876,479.33367714439663,1982.9074954994892,387.40838878897443,120.58889736622413
2020-10-07,1382.3321327895624,440.09638866315066,287.333704739814,486.17205779956583,2010.6130202369732,394.1518481920855,120.58937565543887
2020-10-08,1426.648244926575,440.09638866315066,293.3137748789616,496.29040784822377,2075.0711558437533,397.64511692094516,120.58980613886071
2020-10-09,1437.1642060557626,440.09638866315066,294.18588386397806,497.76602665965055,2090.3667044786416,401.1961104838817,120.59028443167988
2020-10-12,1437.9136577087095,440.09638866315066,294.96224789698465,501.40455126374405,2095.432534151246,407.65037304960356,120.5907627263961
2020-10-13,1422.2496064416857,440.09638866315066,293.95721506728535,497.6980651648389,2069.2203826290242,404.9900675680254,120.59128882649227
2020-10-14,1427.8862865448643,440.09638866315066,294.3219861787864,496.3957850955902,2074.1355540114105,402.4453644658024,120.59186272781926
2020-10-15,1427.4679211111381,440.09638866315066,293.3336323461907,494.3487941616087,2072.885447434221,401.94790772769267,120.59238883271446
2020-10-16,1409.3733145962995,440.09638866315066,291.93983336022455,491.8079988062186,2046.2566913704188,401.705020562086,120.59291493990486
2020-10-19,1396.1652944848415,440.09638866315066,289.94697727207,485.5738910642428,2028.838338393116,395.5978323790315,120.59344104939049
2020-10-20,1405.7199480960812,440.09638866315066,291.33948051995435,488.75242481762115,2042.722688357352,397.1823638033221,120.59391935662673
2020-10-21,1394.2082751457324,440.09638866315066,290.86144093470955,487.5527628550481,2025.994494702225,396.43060473731146,120.59439766576007
2020-10-22,1422.7874381465592,440.09638866315066,294.50241674015246,494.8358934196482,2067.5243205790803,398.6050595320757,120.59482816710961
2020-10-23,1426.1541908403497,440.09638866315066,295.2124870239398,496.7414123806563,2072.4167190422363,399.9583861976562,120.59530647984754
2020-10-26,1409.7155027255312,440.09638866315066,293.34094845493576,487.3005765044114,2031.1063657750906,392.56727858999454,120.59583259976674
2020-10-27,1409.7155027255312,440.09638866315066,293.34094845493576,485.62062123465734,2024.1041827136798,391.21391374661374,120.59631091648852
2020-10-28,1409.7155027255312,440.09638866315066,293.34094845493576,469.022668856379,1954.9226377703449,377.84267367534727,120.59678923510747
2020-10-29,1409.7155027255312,440.09638866315066,293.34094845493576,473.7894690710032,1974.7910285072348,381.6827877200724,120.5972197449945
2020-10-30,1409.7155027255312,440.09638866315066,293.34094845493576,468.85026124907375,1954.2040295732897,377.7037828377998,120.59765025641842
2020-11-02,1409.7155027255312,440.09638866315066,293.34094845493576,474.105470699786,1976.1081476545587,381.9373572925755,120.59808076937917
2020-11-03,1409.7155027255312,440.09638866315066,293.34094845493576,482.4761017273654,2010.9975830162612,388.6807021622856,120.59855909501782
2020-11-04,1409.7155027255312,440.09638866315066,293.34094845493576,493.25906492500013,2055.941804814111,397.36741160145084,120.59903742255368
2020-11-05,1409.7155027255312,440.09638866315066,293.34094845493576,502.87915350249824,2096.039075556617,405.11731417647667,120.59951575198669
2020-11-06,1409.7155027255312,440.09638866315066,293.34094845493576,502.7640887222516,2095.5594766829363,405.0246184773109,120.59999408331689
2020-11-09,1503.921451114371,440.09638866315066,299.91874344120635,534.0439881544572,2322.605952707459,410.114139215158,120.60052022368664
2020-11-10,1530.8696063886387,440.09638866315066,304.86249615455307,542.8469772080659,2364.223781755725,409.51264797118876,120.60099855900087
2020-11-11,1526.7825504378322,440.09638866315066,303.3231645739006,540.1059988784316,2357.9118693394507,412.5547696337212,120.60147689621229
2020-11-12,1470.1890169281746,440.09638866315066,295.06662728978466,525.404169813121,2270.5107103780683,408.5526290044576,120.60195523532094
2020-11-13,1544.2978922252428,440.09638866315066,304.6534301732376,542.4747082755945,2384.961976955776,414.20874647678556,120.60238576364975
2020-11-16,1627.5282949509597,440.09638866315066,314.8340231481376,560.6025665471752,2513.5002251959017,419.37916597350096,120.60281629351543
2020-11-17,1621.2166205263197,440.09638866315066,314.0295971920531,559.1701824259526,2503.7526864668284,417.1235833530665,120.60324682491803
2020-11-18,1599.8375463971659,440.09638866315066,311.27298143202637,554.2616726829367,2470.7355599414022,412.1035462117934,120.60367735785759
2020-11-19,1619.6283800597066,440.09638866315066,313.17558271913316,557.6494995575633,2501.2998610487507,413.8387654139289,120.60401225133853
2020-11-20,1608.4279024000132,440.09638866315066,311.7255007608252,555.0674416865538,2484.00221823217,411.004789118716,120.60434714574943
2020-11-23,1604.6127180602807,440.09638866315066,312.45219512046873,556.3614146791742,2478.1101752324694,413.4684789286698,120.60472986423325
2020-11-24,1591.1650390001612,440.09638866315066,314.7165335776546,560.3933612202014,2457.3420297871135,420.1310013951122,120.60516040246699
2020-11-25,1590.3387934513842,440.09638866315066,314.8345368517903,560.6034812627557,2456.066003816099,419.48327683496103,120.60559094223768
2020-11-27,1604.8244270143928,440.09638866315066,316.6273569775738,563.7958286266831,2478.437131455281,420.65155570241285,120.60602148354533
2020-11-30,1605.2116318636924,440.09638866315066,317.2650227724884,564.93127478226,2479.0351176647555,418.7892807808276,120.60640420734241
2020-12-01,1625.5537728498953,440.09638866315066,320.0944643501583,569.9694602822772,2510.45083935046,423.3697769070694,120.60683475155327
2020-12-02,1622.3259505766412,440.09638866315066,318.11183689058043,566.4391364906097,2505.4658986671634,424.2603886328272,120.6072652973011
2020-12-03,1637.9336924561833,440.09638866315066,317.96018661091915,566.1691036169526,2529.569972833327,424.1447098978715,120.60764802504521
2020-12-04,1665.5359731373098,440.09638866315066,319.28992980959697,568.5368828123939,2572.1980112663073,427.7997379666675,120.60807857369629
2020-12-07,1671.3035256938801,440.09638866315066,319.08106844968427,567.9884871253001,2580.3034484909613,426.92073229220557,120.6084613040212
2020-12-08,1671.3035256938801,440.09638866315066,319.08106844968427,569.650431501519,2587.8534620957475,428.1699099185257,120.60889185557554
2020-12-09,1671.3035256938801,440.09638866315066,319.08106844968427,564.5413239535136,2564.6434004067305,424.32971951819997,120.60927458848127
2020-12-10,1671.3035256938801,440.09638866315066,319.08106844968427,564.3567932713986,2563.8050996907714,424.19101956965415,120.60965732260154
2020-12-11,1671.3035256938801,440.09638866315066,319.08106844968427,563.695063096173,2560.7989390170806,423.693639187145,120.61004005793636
2020-12-14,1671.3035256938801,440.09638866315066,319.08106844968427,561.1712644358562,2549.3336249585655,421.79666064507313,120.61047061512657
2020-12-15,1671.3035256938801,440.09638866315066,319.08106844968427,568.7578982931169,2583.798790975231,427.49904961138344,120.61085335304226
2020-12-16,1671.3035256938801,440.09638866315066,319.08106844968427,569.650431501519,2587.8534620957475,428.1699099185257,120.6112839131358
2020-12-17,1671.3035256938801,440.09638866315066,319.08106844968427,572.8357571653773,2602.3240138434053,430.56411613190545,120.61166665363234
2020-12-18,1671.3035256938801,440.09638866315066,319.08106844968427,570.548704309998,2591.9342075297527,428.8450843171036,120.61204939534345
2020-12-21,1671.3035256938801,440.09638866315066,319.08106844968427,568.508657429605,2582.6665196806503,427.3117111452357,120.61247995970665
2020-12-22,1671.3035256938801,440.09638866315066,319.08106844968427,567.5503981813853,2578.3132630587706,426.5914487644853,120.61291052560689
2020-12-23,1671.3035256938801,440.09638866315066,319.08106844968427,568.0604606944046,2580.6304157671834,426.9748302352526,120.6133410930442
2020-12-24,1671.3035256938801,440.09638866315066,319.08106844968427,570.2706638602601,2590.6711031754558,428.6360990381771,120.61377166201855
2020-12-28,1671.3035256938801,440.09638866315066,319.08106844968427,575.1697426797917,2612.9270295877063,432.3184242341987,120.6142978624956
2020-12-29,1671.3035256938801,440.09638866315066,319.08106844968427,574.0723108279401,2607.9415285502673,431.493554680584,120.61477625245578
2020-12-30,1671.3035256938801,440.09638866315066,319.08106844968427,574.8914990583697,2611.663002248861,432.10928624407086,120.61515900403472
2020-12-31,1671.3035256938801,440.09638866315066,319.08106844968427,577.8123967753272,2624.9322896069552,434.30473882900856,120.61558957949872
2021-01-04,1671.3035256938801,440.09638866315066,319.08106844968427,569.9460463019346,2589.1964046134694,428.39210471636136,120.61602015649976
2021-01-05,1671.3035256938801,440.09638866315066,319.08106844968427,573.8714248252523,2607.0289275781724,431.3425614803366,120.61645073503792
2021-01-06,1671.3035256938801,440.09638866315066,319.08106844968427,577.302334262308,2622.6151368985425,433.92135735824127,120.61688131511315
2021-01-07,1671.3035256938801,440.09638866315066,319.08106844968427,585.8796840443289,2661.5810063186723,440.36840431970353,120.6173118967255
2021-01-08,1671.3035256938801,440.09638866315066,319.08106844968427,589.2178456075773,2676.74587319276,442.8774875342324,120.61769465635088
2021-01-11,1671.3035256938801,440.09638866315066,319.08106844968427,585.2460423544348,2658.702448258779,439.89213626076884,120.61807741719089
2021-01-12,1671.3035256938801,440.09638866315066,319.08106844968427,585.3696723242306,2659.264084356397,439.9850610267366,120.61850800307309
2021-01-13,1671.3035256938801,440.09638866315066,319.08106844968427,586.9459290426659,2666.4248292279535,441.16983270392456,120.61893859049243
2021-01-14,1671.3035256938801,440.09638866315066,319.08106844968427,584.8905934930418,2657.087686791594,439.6249680141617,120.6193691794489
2021-01-15,1671.3035256938801,440.09638866315066,319.08106844968427,580.6250039846411,2637.7096262008254,436.4187963436739,120.61979976994247
2021-01-19,1671.3035256938801,440.09638866315066,319.08106844968427,585.1842273695371,2658.4216302099703,439.845673877785,120.62023036197317
2021-01-20,1671.3035256938801,440.09638866315066,319.08106844968427,593.282345941606,2695.210409826886,445.9325132932714,120.62061313085984
2021-01-21,1671.3035256938801,440.09638866315066,319.08106844968427,593.8232905506137,2697.6678561866347,446.3391068666305,120.62104372579411
2021-01-22,1671.3035256938801,440.09638866315066,319.08106844968427,591.7213270994807,2688.1188887964495,444.75919495617813,120.62142649726185
2021-01-25,1671.3035256938801,440.09638866315066,319.08106844968427,594.0550586492899,2698.720750810065,446.51331216946977,120.6218570950997
2021-01-26,1671.3035256938801,440.09638866315066,319.08106844968427,593.1277830829008,2694.5082493317955,445.81633824691164,120.62219203906234
2021-01-27,1671.3035256938801,440.09638866315066,319.08106844968427,578.631432626994,2628.653071067138,434.9203558590945,120.62257481417406
2021-01-28,1671.3035256938801,440.09638866315066,319.08106844968427,583.6077674794176,2651.2599623538654,438.66074948939576,120.62290976012966
2021-01-29,1671.3035256938801,440.09638866315066,319.08106844968427,571.9241766115878,2598.182812921489,429.8789391496449,120.62319687175076
2021-02-01,1671.3035256938801,440.09638866315066,319.08106844968427,581.4441414221499,2641.4308691532824,437.0344897293604,120.62353181943371
2021-02-02,1671.3035256938801,440.09638866315066,319.08106844968427,589.6658899640146,2678.781284867816,443.21425391081453,120.62386676804672
2021-02-03,1671.3035256938801,440.09638866315066,319.08106844968427,590.1294769542882,2680.8873048608134,443.56270269429325,120.62405819637073
2021-02-04,1671.3035256938801,440.09638866315066,319.08106844968427,596.8368345555364,2711.3580244987365,448.6041957593436,120.62424962499851
2021-02-05,1671.3035256938801,440.09638866315066,319.08106844968427,599.1859055674978,2722.029571845746,450.3698426683305,120.6243932038454
2021-02-08,1671.3035256938801,440.09638866315066,318.80776008417,601.8163679152063,2741.6879889930497,453.6224003662015,120.62463247838262
2021-02-09,1671.3035256938801,440.09638866315066,320.33678045772365,604.5106667049233,2739.8616333181753,453.320223076705,120.6248239079218
2021-02-10,1671.3035256938801,440.09638866315066,320.3710004368811,604.4525047584071,2738.6684450434095,453.1228056712741,120.62506318331339
2021-02-11,1671.3035256938801,440.09638866315066,319.5845006530028,603.4247211689568,2743.0913869986825,453.85459774771977,120.6253024591796
2021-02-12,1671.3035256938801,440.09638866315066,319.6444168507991,604.9306716073296,2756.6417231517225,456.0965508934417,120.625493889782
2021-02-16,1677.1821618146373,440.09638866315066,317.1306551196297,600.9759469750118,2772.9678014341157,455.7016397269791,120.62568532068822
2021-02-17,1687.5975989283415,440.09638866315066,318.88853785389836,604.3072087872752,2790.276098950151,455.80617054424266,120.62587675189823
2021-02-18,1693.9614898638886,440.09638866315066,320.27294322355414,606.9307152651096,2799.3389965586834,453.86620379901564,120.62602033268188
2021-02-19,1700.6051940298744,440.09638866315066,317.4556565741068,601.5918384182371,2809.7241484373735,453.0647372369943,120.62621176442356
2021-02-22,1706.0281153029694,440.09638866315066,315.70424761451306,598.2728446816168,2816.039474875245,449.5798676242041,120.62635534560599
2021-02-23,1710.4707759990515,440.09638866315066,317.1536385310756,601.0195015076167,2823.7988031555574,450.125886524315,120.62654677787931
2021-02-24,1713.7294044684788,440.09638866315066,316.00449918057546,598.8418340439885,2833.047701784121,455.0859845190929,120.62669035946051
2021-02-25,1696.0944580051348,440.09638866315066,312.7341216282019,592.644330854768,2795.3827154010673,444.1203276457001,120.62688179226551
2021-02-26,1684.9773046728194,440.09638866315066,308.8154312442042,585.2182475468126,2775.246589902022,441.831873939194,120.6270732253743
2021-03-01,1704.5973753960714,440.09638866315066,313.00781567570203,593.162992601031,2822.8751568031803,452.54212132847675,120.62731250522769
2021-03-02,1691.3565783137299,440.09638866315066,312.460273935074,592.12537794357,2792.7576760368947,449.01078933270264,120.62750393902003
2021-03-03,1683.197868888655,440.09638866315066,309.2237295179617,585.9919899705056,2765.362586430958,443.06337524396804,120.62774321972782
2021-03-04,1675.3756845457697,440.09638866315066,307.7437735602153,583.1874111042575,2739.611265314072,437.58054680727173,120.62793465420368
2021-03-05,1702.9236354292746,440.09638866315066,314.81911998318924,596.5954905443198,2803.91883251326,445.6305268927766,120.62812608898336
2021-03-08,1701.8983606858333,440.09638866315066,314.7016401121754,596.3728612412453,2782.7190667492355,443.41182402744676,120.62836537092527
2021-03-09,1701.8983606858333,440.09638866315066,318.6555920180691,603.8657666181847,2822.448993463896,449.7425814091484,120.62860465334181
2021-03-10,1701.8983606858333,440.09638866315066,321.201633115946,608.6906217216958,2840.018062869584,452.54212132847675,120.62879608918476
2021-03-11,1701.8983606858333,440.09638866315066,322.9049416828759,611.9184631885355,2868.812993502536,457.13044390378315,120.62898752533152
2021-03-12,1701.8983606858333,440.09638866315066,325.1166342751664,616.1097137933314,2872.677139357176,457.74617546727,120.62917896178207
2021-03-15,1701.8983606858333,440.09638866315066,325.7568913327573,620.2688467808468,2889.807994305514,460.47588818982155,120.62937039853647
2021-03-16,1701.8983606858333,440.09638866315066,325.7568913327573,619.4865008244336,2886.1630754757366,459.89508931362326,120.62946612659752
2021-03-17,1701.8983606858333,440.09638866315066,325.7568913327573,621.5988297641348,2896.0043323568975,461.46324246157855,120.62956185473456
2021-03-18,1701.8983606858333,440.09638866315066,325.7568913327573,612.5548734811725,2853.8688981781625,454.7491799647103,120.62960972122454
2021-03-19,1701.8983606858333,440.09638866315066,325.7568913327573,611.4215440795136,2848.588761376044,453.90781760135945,120.6296575877335
2021-03-22,1729.3632228775589,440.09638866315066,330.4819118082503,620.8550913713466,2899.715078890014,457.5321507187018,120.6298011730175
2021-03-23,1720.4360421586164,440.09638866315066,331.9103491408689,623.5386046256989,2881.9360301310057,453.9310678817516,120.62984903960243
2021-03-24,1691.8467468467195,440.09638866315066,329.34295907101,618.7154141893856,2832.2288127794977,451.6234107416868,120.62994476804333
2021-03-25,1686.4154018462625,440.09638866315066,329.93501293631033,619.8276676698457,2825.1204377297663,454.1640669970764,120.6300404965602
2021-03-26,1715.5445288042863,440.09638866315066,336.172348008375,631.5453475116612,2879.6597018640973,461.4828658509407,120.63013622515302
2021-03-29,1706.4453591696638,440.09638866315066,335.2535354055504,629.8192334276615,2862.7984408432862,461.2498285578154,120.63027981100672
2021-03-30,1696.6645283021421,440.09638866315066,334.7108219470217,628.7996725928797,2846.389742371208,460.0261537021061,120.63037553978945
2021-03-31,1705.1030128200798,440.09638866315066,336.0931791870399,631.3966181438894,2860.546468920476,461.8908338251111,120.63051912592802
2021-04-01,1725.257892210743,440.09638866315066,339.8316318824326,638.4198085420751,2894.3590706454147,466.8787634363189,120.63061485490067
2021-04-05,1744.0895909085218,440.09638866315066,343.32817804554924,644.9885447119519,2925.951853491192,473.5799600144809,120.63075844132409
2021-04-06,1737.813714147782,440.09638866315066,344.18707951973806,646.6021076156483,2915.4232009861316,473.30034580497085,120.63085417048666
2021-04-07,1722.3384179066554,440.09638866315066,342.7342110640092,643.8726971831786,2889.461248139166,473.8479299948946,120.63094989972521
2021-04-08,1721.7545369025659,440.09638866315066,343.6886857748517,645.665807373595,2888.4817068844973,476.0972514560774,120.63099776676597
2021-04-09,1724.5568863223953,440.09638866315066,345.22431419133017,648.5506936162598,2893.1830361750463,479.5586798994741,120.63109349611845
2021-04-12,1717.7145405522203,440.09638866315066,345.3215699806623,648.7334018063731,2881.7040534479947,479.733457869318,120.63118922554692
2021-04-13,1718.7406218791039,440.09638866315066,346.20889979377154,650.400371200189,2883.4254469910084,481.1551991530637,120.63133281265402
2021-04-14,1743.8118441658785,440.09638866315066,346.6948799322856,651.3133507991348,2925.4858948611572,479.51198844968826,120.6314285422724
2021-04-15,1745.9920454258106,440.09638866315066,349.95800863796376,657.443580619084,2929.1434844429855,484.66316633504476,120.63152427196674
2021-04-16,1758.242627178692,440.09638866315066,351.2936653604282,659.9527929143314,2949.695532097554,486.28301222462704,120.63162000173705
2021-04-19,1733.7253580972736,440.09638866315066,349.2170418435582,656.05157400569,2908.564417454557,483.89396001429,120.63171573158333
2021-04-20,1724.871645545035,440.09638866315066,346.39319343637396,650.7465918017664,2893.7110883666837,480.35106014502026,120.63185931931713
2021-04-21,1759.4623229635265,440.09638866315066,351.3711334733299,660.0983272706619,2951.741740710309,484.89616545036966,120.63200290722182
2021-04-22,1739.1276921735878,440.09638866315066,348.54100987937306,654.7815562773451,2917.627581116658,480.4676933249839,120.63214649529743
2021-04-23,1756.6789320012813,440.09638866315066,352.0756418295966,661.4218417635078,2947.072216858195,485.6769778224203,120.63229008354396
2021-04-26,1767.9761597457757,440.09638866315066,353.7560146853542,664.5786500656346,2966.0248811196093,486.6909420209972,120.63243367196141
2021-04-27,1744.369957442314,440.09638866315066,353.6168629722306,664.3172347007416,2926.4222071837353,486.58614395913145,120.63248153959093
2021-04-28,1742.0237400312355,440.09638866315066,353.68178026123985,664.4391906322453,2922.4861025143277,486.44622232097544,120.63252940723946
2021-04-29,1754.7117007714544,440.09638866315066,355.3560828954204,667.5845951998948,2943.771913999235,489.54622152878613,120.63257727490696
2021-04-30,1744.0735116679439,440.09638866315066,352.6458384058988,662.4930333622937,2925.9248783380726,486.3296654966125,120.63262514259347
2021-05-03,1751.1163467814497,440.09638866315066,354.312874620489,665.624786975268,2937.740209707294,487.378562382478,120.6328165848169
2021-05-04,1740.094488787989,440.09638866315066,351.1269116938703,659.6395235365268,2919.2495163432664,484.37179336303757,120.63291231561274
2021-05-05,1738.8691961244026,440.09638866315066,352.05956381986226,661.3916370417168,2917.1939181912117,484.5232446968888,120.63300804648456
2021-05-06,1736.3888752781418,440.09638866315066,353.4251863591035,663.9571441877515,2913.0328364353195,488.3925265810548,120.63310377743235
2021-05-07,1760.693606780946,440.09638866315066,357.1206505186774,670.899574791285,2953.8073898527227,491.94703250162036,120.63319950845613
2021-05-10,1750.9699945352236,440.09638866315066,354.62795705211255,666.2167120546318,2924.896600611929,487.0755833591749,120.63329523955588
2021-05-11,1775.4869389522971,440.09638866315066,353.79177447778176,664.6458296854614,2956.165314531032,482.7285826596622,120.63334310752727
2021-05-12,1716.7530739917827,440.09638866315066,346.4304547709382,650.8165922721362,2834.4010527331725,472.47284198313434,120.63343883874096
2021-05-13,1706.1940948434324,440.09638866315066,349.96321794297023,657.4533670050236,2829.5562030064366,478.1484683114236,120.63353457003062
2021-05-14,1751.1008621883482,440.09638866315066,355.86412258267995,668.5390166528815,2921.5232098907973,485.4906319790809,120.63358243809698
2021-05-17,1737.5248991373132,440.09638866315066,353.4198577245632,663.9471336250971,2895.9409330426897,484.255160183074,120.63367816950058
2021-05-18,1747.1015609084939,440.09638866315066,352.16735613067857,661.5941395164052,2899.387830867162,480.0830138090058,120.63377390098017
2021-05-19,1759.878789765637,440.09638866315066,352.5691773492954,662.3490151706704,2916.9055110735762,478.82429173260687,120.63382176914152
2021-05-20,1793.1632893111105,440.09638866315066,358.29776575139203,673.1109453966017,2987.820489664461,483.97550779576363,120.63386963732184
2021-05-21,1790.375755029911,440.09638866315066,357.61643423264667,671.830971736287,2981.9868951280937,483.5792604062901,120.63391750552117
2021-05-24,1821.1305233711446,440.09638866315066,359.6075314134725,675.5715178235681,3040.971416636658,488.5090452276175,120.63401323719069
2021-05-25,1827.132831441932,440.09638866315066,358.6784304721295,673.8260757003529,3050.994227765717,487.42513929886275,120.63410896893619
2021-05-26,1853.7805824687405,440.09638866315066,359.59881622228755,675.5551451549691,3095.4913399442376,488.3925265810548,120.63420470075765
2021-05-27,1868.9531451139517,440.09638866315066,360.85904637353525,677.9226584068163,3120.8268821962047,488.6487759767719,120.63430043265507
2021-05-28,1866.0024583645265,440.09638866315066,360.9303620374886,678.0566345534012,3115.899748226784,489.5229330705937,120.63434830102533
2021-06-01,1864.526605541659,440.09638866315066,360.70812143512717,677.6391254415421,3113.435330552209,489.09167663823087,120.63444403303673
2021-06-02,1876.5558951356616,440.09638866315066,361.03380226456903,678.2509610485624,3133.5221531870257,489.86088295898566,120.63453976512407
2021-06-03,1864.8970486385738,440.09638866315066,360.82654685203056,677.86160364808,3114.0539061319123,488.0428179301657,120.63463549728739
2021-06-04,1862.7542692481688,440.09638866315066,362.37836527808463,680.7769050194246,3110.4758370178333,492.5064518096421,120.63473122952668
2021-06-07,1865.2420842525644,440.09638866315066,361.35962347821754,678.8630603863556,3114.6300556315773,492.0285421052938,120.63482696184195
2021-06-08,1870.718807928702,440.09638866315066,361.68087069129103,679.466566843742,3123.775232181099,492.1335692339615,120.6349226942332
2021-06-09,1856.051933183707,440.09638866315066,360.67686330376506,677.5804028025414,3099.284100821466,491.3992192448947,120.63506628578425
2021-06-10,1848.3996622815635,440.09638866315066,361.534241637316,679.1911042799798,3086.5061385682707,493.6835115711664,120.63520987750618
2021-06-11,1878.421554290336,440.09638866315066,362.5034257073096,681.0118479964505,3136.6374796777645,494.49929480830593,120.63535346939905
2021-06-14,1862.1544499761997,440.09638866315066,361.4248217893435,678.9855442560179,3109.4742430970246,495.606489195253,120.63549706146283
2021-06-15,1872.0870926851192,440.09638866315066,361.7270790016425,679.5533754215198,3126.060029882683,494.6973994141426,120.63564065369752
2021-06-16,1854.6216406821277,440.09638866315066,358.8725693143331,674.1907918445917,3096.8957609639347,491.9353882725242,120.63583210070651
2021-06-17,1842.1149909881226,440.09638866315066,355.940808128656,668.683080851112,3076.0118299390715,491.7721781761759,120.63602354801931
2021-06-18,1840.2721780966515,440.09638866315066,350.05543014583316,657.6266001339451,3072.934652736638,485.1379072819668,120.63626284562689
2021-06-21,1879.7947389772391,440.09638866315066,356.6923536358948,670.0949610112507,3142.497964642441,492.08325089314576,120.63650214370914
2021-06-22,1879.2640193855016,440.09638866315066,357.0505944320658,670.767964931563,3143.697661657231,494.7140067572797,120.6366935920853
2021-06-23,1873.184241158983,440.09638866315066,356.51279108911916,669.7576284148153,3133.0733050521308,494.11766951635315,120.63693289102197
2021-06-24,1892.544655737977,440.09638866315066,359.24933294118836,674.8985934144177,3167.717469506843,497.04079097530246,120.63717219043335
2021-06-25,1908.2679660381718,440.09638866315066,362.19973117955095,680.4413166389279,3195.370832349072,498.80628517308816,120.63745933600252
2021-06-28,1894.3478214429974,440.09638866315066,360.6002909992151,677.436551343691,3172.3797323867766,499.81181207779525,120.63769863645817
2021-06-29,1892.930977589817,440.09638866315066,359.6250280469049,675.6043876223715,3170.007007234137,500.08077468101726,120.63789008673312
2021-06-30,1913.0640157413948,440.09638866315066,360.6866854300257,677.5988549988028,3203.7229074824777,500.501723107295,120.63812938804323
2021-07-01,1918.8582338730296,440.09638866315066,363.2332966260572,682.383009502595,3213.4262259321085,503.27270603198747,120.638368689828
2021-07-02,1911.0803242595214,440.09638866315066,363.5112383853282,682.9051607919173,3200.4009079102925,507.1195775473684,120.63860799208746
2021-07-06,1866.115000243503,440.09638866315066,358.79257132692766,674.040504775904,3125.099487044529,506.19586566873716,120.63884729482162
2021-07-07,1839.2637045078916,440.09638866315066,358.89540695003984,674.2336954405126,3080.1328207249876,507.9847246803158,120.63908659803047
2021-07-08,1814.5978178075266,440.09638866315066,354.62745053287017,666.2157604895425,3038.8259613595415,503.8457166369214,120.63937374815637
2021-07-09,1861.172257135122,440.09638866315066,361.5615055484687,679.2423232346202,3116.8220958062734,509.2241287897552,120.63966089896574
2021-07-12,1853.0202310585883,440.09638866315066,362.36403598131096,680.7499854920939,3103.170261644485,511.0481495554243,120.63990020378849
2021-07-13,1812.0400213166142,440.09638866315066,358.0310507004098,672.609885001373,3034.542533756917,509.30602017143167,120.64013950908593
2021-07-14,1783.6548698102818,440.09638866315066,357.066015419559,670.7969353479688,2987.0071876498723,510.0660256423105,120.64042666171801
2021-07-15,1765.532721325276,440.09638866315066,355.9150550218129,668.6347001472654,2956.6588345594973,508.3238199027172,120.64066596805975
2021-07-16,1727.3120038199654,440.09638866315066,351.20587742483855,659.7878713715061,2892.652305136212,504.33675950457814,120.64090527487616
2021-07-19,1681.1303065263276,440.09638866315066,343.54492820868376,645.3957392891112,2815.313878241641,496.8886906188459,120.64114458216729
2021-07-20,1747.1972999023624,440.09638866315066,350.3333987318487,658.1488018209467,2925.9533228005666,504.0094612224742,120.6413838899331
2021-07-21,1814.4297501706403,440.09638866315066,354.7533612655003,666.452300876836,3038.5445059906306,508.0899808757854,120.64162319817363
2021-07-22,1792.2211205870135,440.09638866315066,352.5075128099526,662.2331699705593,3001.352705425983,509.1539961705758,120.64186250688886
2021-07-23,1769.1948081767305,440.09638866315066,354.7130077473971,666.3764913203254,2962.79156793311,514.392181262851,120.64210181607878
2021-07-26,1797.9804701948551,440.09638866315066,355.5820341006684,668.0090751825143,3010.997631115356,515.655026541684,120.64234112574339
2021-07-27,1774.7047535402698,440.09638866315066,356.0213470278099,668.8343840958792,2972.018827468021,513.304839332068,120.6425804358827
2021-07-28,1791.6898656958588,440.09638866315066,355.1212454919493,667.1434212887689,3000.4630365751227,513.0943269411288,120.64281974649673
2021-07-29,1790.4619544490104,440.09638866315066,357.3151035488445,671.2648811802237,2998.406708424306,515.2223957085098,120.64310690550843
2021-07-30,1763.1427003121373,440.09638866315066,356.39661516730797,669.5393761898835,2952.6563730599573,512.7201844980378,120.64339406520362
2021-08-02,1747.7666354767669,440.09638866315066,355.8557518747834,668.5232911428633,2926.9067636717314,511.6444104407503,120.64363337743158
2021-08-03,1731.1722537096864,440.09638866315066,358.19517829183405,672.9182209408882,2899.116893303957,515.8068596535384,120.64387269013426
2021-08-04,1674.7611392197723,440.09638866315066,354.8686333121574,666.668855049704,2804.6477180746506,513.2697157557777,120.64411200331165
2021-08-05,1756.5087620622048,440.09638866315066,356.5909750873548,669.9045076588344,2941.546812813539,516.5201736746315,120.64435131696375
2021-08-06,1777.4809039247052,440.09638866315066,357.80164240059173,672.1789103977534,2976.6679225887524,517.373714756283,120.64463847962095
2021-08-09,1751.7373795520023,440.09638866315066,357.2553891771499,671.15269963452,2933.5563915194703,516.9528808634062,120.64492564296167
2021-08-10,1763.6484132422202,440.09638866315066,358.70720977503953,673.8801415239287,2953.5032679288083,517.5957950207177,120.64516495822772
2021-08-11,1777.7734800558171,440.09638866315066,361.40502823742594,678.9483593843358,2977.1578867748503,518.8820814689443,120.6454042739685
2021-08-12,1765.2491526575282,440.09638866315066,361.0059145377133,678.1985701715253,2956.183954770198,520.4370632757908,120.645691439132
2021-08-13,1755.4704790121018,440.09638866315066,361.4561484235112,679.0443955868284,2939.8080465387598,521.3841781460154,120.64597860497902
2021-08-16,1745.8784086628466,440.09638866315066,362.37135414790373,680.7637336605294,2925.5686756490004,522.6118234929576,120.64626577150956
2021-08-17,1744.3507481445354,440.09638866315066,360.33863210088055,676.9449896169235,2920.6007426269966,519.1860912928558,120.64660078325045
2021-08-18,1727.0348138062802,440.09638866315066,356.33645767041764,669.4263621734023,2887.60702494118,513.5035547827096,120.64693579592158
2021-08-19,1705.9157695105541,440.09638866315066,356.10615361674957,668.9937047746936,2852.801412306261,514.2986456520782,120.64722296473047
2021-08-20,1712.775507269707,440.09638866315066,358.2780904290029,673.0739826351253,2867.167105960194,518.3910004234873,120.64746228455358
2021-08-23,1748.3833674239424,440.09638866315066,360.12821516681987,676.549692869492,2928.0957549029986,522.9509187153591,120.64770160485142
2021-08-24,1800.2096820949369,440.09638866315066,361.24255469949316,678.6431308086238,3014.891600029343,523.7811331610178,120.64794092562396
2021-08-25,1816.5603408957954,440.09638866315066,362.7926571282558,681.5552084463351,3042.274778980079,524.8801956764978,120.64822809682529
2021-08-26,1796.7722978726686,440.09638866315066,360.33341297190265,676.935184775317,3009.1348590669622,521.7817617585,120.64846741864221
2021-08-27,1832.3719479987813,440.09638866315066,363.7584828542889,683.3696430582138,3068.7551839639486,526.447012601442,120.64870674093386
2021-08-30,1840.1768820262469,440.09638866315066,363.7185712482517,683.2946636934499,3081.826455756469,528.7621144125682,120.64894606370024
2021-08-31,1850.017554827531,440.09638866315066,363.9896131924939,683.8038527444855,3098.307070243946,527.9785914166952,120.64913753182469
2021-09-01,1855.8739030371112,440.09638866315066,364.5159888806843,684.7927208619528,3108.1149582913895,528.259274604614,120.6493768554456
2021-09-02,1866.8697429923968,440.09638866315066,366.48337669283006,688.488725684695,3126.5301828322754,529.8845035640408,120.64961617954124
2021-09-03,1861.364661262902,440.09638866315066,365.3028210821624,686.2708918628092,3117.3105764559705,529.7558443769778,120.6498555041116
2021-09-07,1849.5620120395524,440.09638866315066,361.4816063686856,679.0922217894476,3097.5441523802156,527.8617291699296,120.65009482915669
2021-09-08,1904.3944291923815,440.09638866315066,362.68441262498436,681.3518564667914,3189.3744516656798,527.218662301417,120.65033415467653
2021-09-09,1885.0439935801705,440.09638866315066,360.7496440479162,677.7171313009708,3156.967412438854,524.9620870581742,120.65052562500387
2021-09-10,1861.4967136372866,440.09638866315066,358.41504103490723,673.3312629215889,3117.531730468337,520.8229644813789,120.65076495137824
2021-09-13,1882.796298095444,440.09638866315066,358.76060705779486,673.9804555613323,3153.203096368495,522.1558278459904,120.65105212930143
2021-09-14,1841.0174447545726,440.09638866315066,356.76322032293854,670.2280936938167,3083.2341837195695,519.3381152937119,120.6512436007682
2021-09-15,1838.38018769994,440.09638866315066,359.07224642565353,674.5659123784636,3078.8174514798693,523.6758769655482,120.65143507253882
2021-09-16,1841.5682896607636,440.09638866315066,358.11439415867034,672.7664569907726,3084.1567082994075,522.8457770532904,120.65162654461332
2021-09-17,1852.3013270643592,440.09638866315066,354.9359549586511,666.7953278928169,3102.1318056632012,517.7526294244134,120.65181801699168
2021-09-20,1839.315622633704,440.09638866315066,350.7772513980275,658.982639249766,3079.4509169988833,509.11959797249153,120.6520094896739
2021-09-21,1818.2574288207365,440.09638866315066,349.83984297637403,657.2215903981263,3043.8244917084,508.63855768851744,120.65215310156331
2021-09-22,1814.682044000326,440.09638866315066,352.71580794136617,662.6244806239528,3041.566045575478,513.6002591509085,120.65229671362366
2021-09-23,1830.27893866752,440.09638866315066,356.42281008848147,669.588586901867,3072.3752526594058,519.8406115014632,120.65244032585497
2021-09-24,1825.653541208939,440.09638866315066,356.55160047962613,669.8305371182173,3065.2728765221887,520.6968250291368,120.65258393825721
2021-09-27,1840.817882694104,440.09638866315066,355.2390417690345,667.3647175708314,3089.5696330880673,519.2072417942306,120.65277541215495
2021-09-28,1827.0467784666105,440.09638866315066,349.8333555846629,657.2094029529769,3066.4566538871672,508.74419566199015,120.65296688635654
2021-09-29,1832.7568773049443,440.09638866315066,351.4124396527474,660.1759265306492,3076.04030044922,509.6004473674641,120.65315836086198
2021-09-30,1814.8553505899195,440.09638866315066,346.0528325276014,650.1071776748029,3045.994952756427,503.3720064906079,120.65334983567132
2021-10-01,1815.8424080644959,440.09638866315066,349.20485109447844,656.028672030229,3047.6515983313284,509.3540860220288,120.65354131078452
2021-10-04,1794.9969190725665,440.09638866315066,347.15979956631844,652.1867653841805,2996.6185817628175,502.78551912216255,120.65373278620157
2021-10-05,1793.0015659024743,440.09638866315066,349.6939095231617,656.9474346147374,3008.914503189373,508.0169849215824,120.6539242619225
2021-10-06,1798.7932330461426,440.09638866315066,351.11706284686136,659.621021141717,3024.9461016203345,510.1282554568246,120.65411573794731
2021-10-07,1799.1478110778835,440.09638866315066,353.5917134772159,664.2699879635761,3038.7299510804432,514.5387076604616,120.65435507144316
2021-10-08,1802.947725115659,440.09638866315066,352.4599228028918,662.1437656881228,3042.2997013028025,513.6002591509085,120.65459440541375
2021-10-11,1802.6467114822547,440.09638866315066,350.5405602581905,658.5379828434732,3038.5718223707204,509.88200864479023,120.65483373985909
2021-10-12,1807.0014769067477,440.09638866315066,350.5997157387717,658.6491144364255,3045.9122887125795,508.62687528162087,120.655120927467
2021-10-13,1810.7357315423678,440.09638866315066,351.6729533271134,660.6653367988765,3052.206811561165,510.45673725073834,120.65536026295675
2021-10-14,1836.7651357433003,440.09638866315066,357.7206514553425,672.0267579230879,3096.082416056633,519.0428863638729,120.65559959892127
2021-10-15,1827.282962615162,440.09638866315066,358.83846997940856,674.1267316193732,3080.099104463474,522.99581580853,120.65583893536053
2021-10-18,1800.7144441132366,440.09638866315066,358.5484307697558,673.5818536288527,3035.3147597730485,524.5442310337221,120.65612612536104
2021-10-19,1819.3319377719606,440.09638866315066,360.8238083454484,677.8564589920676,3066.696722347428,528.5910015115545,120.65636546284476
2021-10-20,1832.0669820689848,440.09638866315066,363.70837589878107,683.2755103467761,3088.163128666035,530.6671866483069,120.65660480080322
2021-10-21,1836.5207667961934,440.09638866315066,364.29405386518914,684.3757858364646,3095.6705036213157,532.0512846209417,120.65689199262667
2021-10-22,1843.9796204110908,440.09638866315066,365.51906257535785,686.6771308345052,3108.2432735806497,531.4999208287867,120.65717918513371
2021-10-25,1839.5185255190027,440.09638866315066,365.65745961881834,686.9371284500871,3102.5099543658625,534.3503517559354,120.65746637832433
2021-10-26,1844.913960380052,440.09638866315066,365.2189193829651,686.1132711421004,3112.3054173095024,534.8313156843088,120.65775357219854
2021-10-27,1840.803224087726,440.09638866315066,361.2157158775266,678.5927104416734,3101.9189342488453,532.4618486855336,120.65804076675636
2021-10-28,1844.0168871362878,440.09638866315066,364.62149904584714,684.9909360165282,3114.8335943007673,537.5994734517781,120.65832796199774
2021-10-29,1839.9321710987726,440.09638866315066,364.06476973225847,683.9450444971824,3109.5412841915313,538.6903277401901,120.65856730384908
2021-11-01,1871.7253418854039,440.09638866315066,365.83783756284845,687.2759928808496,3164.702292940481,539.617017487246,120.65880664617518
2021-11-02,1810.6473597952156,440.09638866315066,367.3605704824856,690.1366531838082,3061.431997003637,541.7987260640703,120.65904598897605
2021-11-03,1838.1573115820402,440.09638866315066,369.33396611170673,693.8439445057078,3107.945663058267,545.1066033945982,120.65928533225168
2021-11-04,1814.4163458109729,440.09638866315066,368.560965370331,692.3917577784802,3067.8045765799293,547.67535851102,120.65947681678443
2021-11-05,1840.4967699436884,440.09638866315066,371.0336026743514,697.0369422937707,3111.9012056133993,549.5755439883183,120.65971616091467
2021-11-08,1833.6162120828553,440.09638866315066,371.1162591268222,697.1922236496285,3100.2675985068386,550.0447491541947,120.6600033601439
2021-11-09,1794.4568318474323,440.09638866315066,371.4625420763338,697.8427631332668,3034.0571467659124,548.2265695919738,120.66019484581615
2021-11-10,1790.9533003950514,440.09638866315066,370.48618402376974,696.0085421175996,3028.133396217356,543.8162319217378,120.6604341913707
2021-11-11,1786.6105820781866,440.09638866315066,370.4796131228726,695.9961977891186,3020.7907534121186,543.9921934033915,120.66067353740002
2021-11-12,1816.0285887847037,440.09638866315066,372.41871979471966,699.639072654314,3070.5305475979867,548.0975286269078,120.66091288390413
2021-11-15,1830.7903089926203,440.09638866315066,373.1810195234903,701.0711560780915,3095.4895780413544,548.2852106932583,120.661152230883
2021-11-16,1816.644926086031,440.09638866315066,373.62832937705775,701.9114883022918,3071.5726471128505,550.4552750409863,120.66139157833666
2021-11-17,1796.649091800753,440.09638866315066,372.3127180688231,699.439934036239,3037.763807110645,549.1180594071388,120.66163092626508
2021-11-18,1776.7572670762204,440.09638866315066,370.9500088666129,696.8798999889244,3004.130825867208,550.9831976637477,120.66187027466829
2021-11-19,1777.2170063688836,440.09638866315066,369.45575534500045,694.0727420975389,3004.908150382235,549.9978286376071,120.66210962354627
2021-11-22,1794.9030101700853,440.09638866315066,370.05300236284813,695.1947516193557,3034.8115424719313,548.4495279458158,120.66234897289904
2021-11-23,1783.7497108691746,440.09638866315066,371.47338423267274,697.8631315943654,3015.9536090553283,549.176776864024,120.66263617839502
2021-11-24,1780.631860998791,440.09638866315066,371.39615329840825,697.7180428102704,3010.68196667648,550.6429571073368,120.66292338457461
2021-11-26,1748.2963973712485,440.09638866315066,363.1232332897652,682.1762405985532,2956.009353341931,538.3619986574777,120.6632105914378
2021-11-29,1712.2536962270485,440.09638866315066,365.8388552270256,687.2779047010248,2895.0685644332752,544.9657654892346,120.66349779898462
2021-11-30,1679.2140083140587,440.09638866315066,356.72632558600776,670.1587819268235,2839.2052527836336,534.3620723406323,120.66373715109103
2021-12-01,1603.7105978642776,440.09638866315066,353.198267488451,663.5308463144409,2711.5445266994548,528.426798792398,120.66402435989121
2021-12-02,1674.5949332250977,440.09638866315066,360.96066800036664,678.1135684147747,2831.3953475597327,536.5203015702625,120.6642637130421
2021-12-03,1628.6237029639155,440.09638866315066,360.53128296779494,677.3069103977821,2753.667459519113,531.8518056142937,120.66455092309562
2021-12-06,1718.6391857538508,440.09638866315066,365.82880859355845,687.2590307375292,2905.8651128876877,538.1507608883326,120.66483813383277
2021-12-07,1745.476764692358,440.09638866315066,370.84173970976326,696.6765016942925,2951.2419348513795,549.2823766596963,120.66512534525353
2021-12-08,1806.3464336265797,440.09638866315066,371.85875279748126,698.58709870714,3054.160016118911,550.7367981405121,120.66546040936386
2021-12-09,1775.4938308147011,440.09638866315066,369.8585141296119,694.8293790966787,3001.9946152040616,547.0185094565934,120.6657476222658
2021-12-10,1767.8213989571898,440.09638866315066,372.4852880734416,699.764130193902,2989.022112161796,552.1678548075347,120.66603483585136
2021-12-13,1728.381116564623,440.09638866315066,371.70813852294776,698.3041493660819,2922.3367126916755,547.2765532089253,120.66627419299031
2021-12-14,1712.1751512665564,440.09638866315066,369.7825819695682,694.6867302360971,2894.9357610721163,543.511229475018,120.66651355060408
2021-12-15,1712.6904758338706,440.09638866315066,374.18150431842747,702.9507024513783,2895.8070688453736,552.0037666217792,120.66680076601274
2021-12-16,1684.4031037253271,440.09638866315066,374.9301674582086,704.3571676933399,2847.9789450443714,547.1358298369627,120.667040124671
2021-12-17,1720.3344052208306,440.09638866315066,370.4420893710758,695.9257043323882,2908.731380076646,541.3125699548539,120.6672794838041
2021-12-20,1705.7987870464622,440.09638866315066,366.25284155597393,688.0556341648819,2884.1546416330693,535.5566938903016,120.66761455389606
2021-12-21,1809.4348045004338,440.09638866315066,371.61145937815775,698.1225244809426,3059.3818155823365,545.0676238604761,120.66794962491844
2021-12-22,1831.5713911367648,440.09638866315066,374.11392407611754,702.8237438009473,3096.8102271757293,550.5176575667016,120.6683325452345
2021-12-23,1859.455243397218,440.09638866315066,376.3290681073994,706.9851922820998,3143.9560819707394,553.9429698109998,120.6687154667657
2021-12-27,1834.1356662952803,440.09638866315066,380.86221242068217,715.501318660768,3101.1458886599676,561.7825138611662,120.66900268741546
2021-12-28,1819.2338309088823,440.09638866315066,382.105495969259,717.8369954211959,3075.9499522899177,561.3233876345731,120.66928990874887
2021-12-29,1811.593888482095,440.09638866315066,383.6538303684515,720.7457515755781,3063.0323821876545,562.0414357029052,120.66952927234468
2021-12-30,1833.9944846952765,440.09638866315066,383.05826294932973,719.6268974077541,3100.9071796339936,560.4875228744677,120.66976863641531
2021-12-31,1827.4774037724023,440.09638866315066,383.6683128147711,720.7729588151025,3089.8881372144883,559.0750969739989,120.67005585957186
2022-01-03,1887.4943659195987,440.09638866315066,382.44157033769983,718.4683567008011,3191.3644668191464,562.3120399515409,120.6704866310082
2022-01-04,1896.344287745405,440.09638866315066,385.1973950896645,723.6455472430101,3206.3278630331765,562.1237088625851,120.67086955937505
2022-01-05,1842.9411766916278,440.09638866315066,380.56642850737404,714.9456484653302,3116.034194288058,551.3297757350109,120.67130033371618
2022-01-06,1859.9636613357688,440.09638866315066,381.03033829473617,715.8171659164526,3144.8157120563615,550.8118175181318,120.67177894976408
2022-01-07,1893.282056714825,440.09638866315066,380.26503360822653,714.3794372720306,3201.150260664322,548.6341939659413,120.67225756771028
2022-01-10,1940.3073591774541,440.09638866315066,378.50319203397663,711.0695789334081,3280.66036783624,547.9515367185015,120.67287968064352
2022-01-11,1952.889422739643,440.09638866315066,380.6041466365423,715.016507086316,3301.9340475338563,552.942329664733,120.67345397026637
2022-01-12,1935.6163268846628,440.09638866315066,381.0622394890922,715.877096636499,3272.728797791726,554.4372959694838,120.67402826262229
2022-01-13,1862.3255922827507,440.09638866315066,379.70444552828314,713.3262965367619,3148.8092511277237,546.7979563041713,120.67460255771132
2022-01-14,1880.551868709275,440.09638866315066,378.4278290874432,710.9279994176028,3179.62613302167,547.021601858419,120.67522468273391
2022-01-18,1808.890447583918,440.09638866315066,373.08832529381897,700.8970173964399,3058.4614200823535,537.3340232061851,120.676038073188
2022-01-19,1792.0190726402927,440.09638866315066,370.3286761983679,695.7126423063335,3029.9353977144747,531.7546812902913,120.67685146912461
2022-01-20,1761.6738614325095,440.09638866315066,366.55868628457927,688.6302049663074,2978.6278915649345,525.8691152380677,120.677712674858
2022-01-21,1677.6132864623867,440.09638866315066,362.8833245518417,681.725539497882,2836.4987616115664,515.5459907439832,120.67852608208197
2022-01-24,1727.249116601551,440.09638866315066,364.5392435541329,684.8364079198336,2920.422733755463,517.7354494142714,120.6794828954641
2022-01-25,1677.9346181928502,440.09638866315066,361.0271543640638,678.2384720658741,2837.042067427562,511.41423648264873,120.68043971643243
2022-01-26,1655.7194072166878,440.09638866315066,358.4895152712986,673.4711728748669,2799.480718258885,510.13134785865014,120.68134874875604
2022-01-27,1628.815224799662,440.09638866315066,357.19981648847715,671.0482988020649,2753.991283522117,507.612300238239,120.682305584518
2022-01-28,1704.0900585487439,440.09638866315066,363.01270797305085,681.9686038016331,2881.2655334537176,520.2191443915905,120.68321463089636
2022-01-31,1799.9795331156442,440.09638866315066,367.5806442968234,690.5500916905074,3050.2980332438124,529.5887783227977,120.68436262327137
2022-02-01,1824.6909456019148,440.09638866315066,369.0160209148513,693.2466413336083,3094.5645727325136,533.167221724161,120.68531948292917
2022-02-02,1763.8812395213968,440.09638866315066,372.29665360903886,699.4097547698661,2995.3541438611414,538.3463839371486,120.68627635017354
2022-02-03,1717.8795334534752,440.09638866315066,367.9603788488237,691.2634745461343,2908.7844138360542,525.6925810894093,120.68728101879603
2022-02-04,1760.6074678987284,440.09638866315066,366.34585653519605,688.2303754180656,2982.74221433162,528.1645554820316,120.68838126991089
2022-02-07,1760.936334690018,440.09638866315066,366.3591030030478,688.2552607044163,2980.041019552414,526.4694611480274,120.68972038547639
2022-02-08,1786.9116483200082,440.09638866315066,369.21890454775667,693.6277857531509,3030.1592143300822,530.8011525496137,120.69101175397736
2022-02-09,1860.708739214483,440.09638866315066,374.2571224976277,703.0927614563632,3166.152091720447,538.5700294913963,120.69230313629588
2022-02-10,1823.6558097334064,440.09638866315066,367.7627482993907,690.8921987563198,3089.7318749473443,528.8942477794598,120.6942627823171
2022-02-11,1772.3267073742213,440.09638866315066,363.9110219840163,683.6562085008037,2988.0600964714463,518.4651798895001,120.69603162326383
2022-02-14,1766.9896751682186,440.09638866315066,361.17690380760536,678.5197967046261,2970.905747147291,516.7701237332964,120.69818209380547
2022-02-15,1766.9896751682186,440.09638866315066,364.92607906256313,685.5631308851496,3018.8172946311843,525.1040321197469,120.70014183528164
2022-02-16,1766.9896751682186,440.09638866315066,366.06627647781465,687.7051463635598,3022.2008561726593,525.6925810894093,120.70200619495087
2022-02-17,1766.9896751682186,440.09638866315066,361.1253022849154,678.422856246041,2957.6425634167645,514.4630774380367,120.70377514938157
2022-02-18,1766.9896751682186,440.09638866315066,360.1577659994383,676.6052081162592,2938.4912890354103,511.13183529371565,120.7054486753597
2022-02-22,1766.9896751682186,440.09638866315066,357.4034047738061,671.430767006751,2906.956302323159,505.64652529999876,120.7073131169995
2022-02-23,1766.9896751682186,440.09638866315066,352.15391573568473,661.5688899116228,2855.3910087974305,496.67707107169764,120.7090344229868
2022-02-24,1766.9896751682186,440.09638866315066,353.9387824462921,664.9220040915684,2898.361976993661,504.1515971730484,120.71061254439523
2022-02-25,1766.9896751682186,440.09638866315066,363.8511037864835,683.5436440406181,2962.3120802690532,515.2753101397469,120.71219068643562
2022-02-28,1698.0957827096995,440.09638866315066,361.4782140325034,679.085848825865,2812.2719498613233,513.9568779836547,120.71395979012566
2022-03-01,1662.1304896234617,440.09638866315066,355.83727002933085,668.4885704896673,2747.1707929373792,506.1292454071868,120.71549022812565
2022-03-02,1721.6986440201547,440.09638866315066,363.25629466164577,682.4262144314478,2852.372318077159,515.4400855259083,120.71706843393572
2022-03-03,1663.1657615099411,440.09638866315066,364.13681756281846,684.0803961180378,2753.7256164935607,512.873926499908,120.71883760911183
2022-03-04,1615.8636275461383,440.09638866315066,363.593526014253,683.0597492627211,2672.503504766446,508.7070486622832,120.72041585868476
2022-03-07,1515.380928233141,440.09638866315066,355.6390265213666,668.1161431741234,2505.652901680328,493.7108850539925,120.72223280958279
2022-03-08,1536.7111816630977,440.09638866315066,351.58027304212914,660.4912243142128,2540.9220610082493,489.9675899108672,120.72395432832735
2022-03-09,1616.7546297315346,440.09638866315066,357.3425324961237,671.3164101776113,2673.2723461256824,503.10403651019396,120.72577133248254
2022-03-10,1609.2146000145274,440.09638866315066,356.72100707104966,670.1487903751764,2660.805053587428,500.83230468022606,120.72758836398525
2022-03-11,1585.3742837130883,440.09638866315066,353.85360663294927,664.7619897746401,2621.385554104003,494.4640948764151,120.72945314759932
2022-03-14,1553.1150542324408,440.09638866315066,353.5087202435929,664.1140739186549,2568.0455453654736,490.8504133653607,120.73160421362036
2022-03-15,1606.73658914447,440.09638866315066,358.7730926958802,674.0039115257841,2656.7077107931013,501.6443464929348,120.73380301119316
2022-03-16,1685.891038559637,440.09638866315066,363.5664305397224,683.0088467391199,2787.5880539219215,512.7679067484321,120.73585875233894
2022-03-17,1714.0559494591705,440.09638866315066,367.5212121121572,690.438440271404,2834.158186491338,519.1831516022316,120.73777138699673
2022-03-18,1748.6511932059104,440.09638866315066,369.1970382878809,693.5867070184664,2891.360749400339,524.8696586036107,120.7397317712728
2022-03-21,1734.6184368794677,440.09638866315066,369.2585900388547,693.7023403303352,2868.1578596497598,524.7161838463428,120.74235977211404
2022-03-22,1767.9913980953281,440.09638866315066,370.9265483923191,696.8358263062465,2923.3394021584704,530.8561285820679,120.74479718202895
2022-03-23,1744.4635123502746,440.09638866315066,366.8631979150865,689.2022713621577,2884.4365005255245,524.0195535239875,120.7471869663454
2022-03-24,1795.0578630607724,440.09638866315066,370.6240462674892,696.2675350393409,2968.0932757326664,531.9187694760469,120.74957679796053
2022-03-25,1797.7933784464437,440.09638866315066,374.1861171957923,702.9593683671077,2972.616397236967,534.5164633651078,120.75210969277089
2022-03-28,1805.8555717185893,440.09638866315066,375.1937067061154,704.8522619117913,2985.9470770613543,538.3185141429184,120.75497618621986
2022-03-29,1854.4052310140762,440.09638866315066,379.9539107703233,713.7949508264729,3066.2229947681735,544.9779823853356,120.75765217407594
2022-03-30,1825.356513114201,440.09638866315066,378.61328644664127,711.2764062186303,3018.191504507319,541.6128383543344,120.76028056496969
2022-03-31,1804.279714001938,440.09638866315066,374.0430828055792,702.690658866734,2983.341426965859,533.2767156554656,120.76271833664926
2022-04-01,1792.6937685856146,440.09638866315066,376.29957924994517,706.929793464088,2964.1842914824597,534.7881365921521,120.76520383469295
2022-04-04,1815.8335117885333,440.09638866315066,375.76925418531573,705.9335059073645,3002.4454069685394,539.3693199187996,120.76840398954268
2022-04-05,1758.236548469999,440.09638866315066,373.3190048502752,701.3303802280624,2907.209947963965,532.5563387413142,120.7715090072162
2022-04-06,1719.9565719522323,440.09638866315066,373.8053623931423,702.24406883227,2843.9147510593616,527.231260975521,120.77470932914656
2022-04-07,1701.771466050113,440.09638866315066,375.15896769026983,704.7869999592125,2813.8460320184427,529.8878632104686,120.77795734229039
2022-04-08,1699.8099891164754,440.09638866315066,376.2126654607873,706.7665141238848,2810.602768045154,528.4710086851633,120.7812530457624
2022-04-11,1713.3314230802787,440.09638866315066,372.83880798808036,700.4282652980112,2829.502795502432,519.4383320195398,120.78497706588098
2022-04-12,1704.3402448873264,440.09638866315066,371.86476380374353,698.5983911976193,2813.3608275153388,517.5135982166386,120.78851091901447
2022-04-13,1725.6418087005668,440.09638866315066,374.71863572682224,703.9597766479452,2852.510355381448,523.4409307824072,120.79209245443712
2022-04-14,1698.2618979590259,440.09638866315066,372.8082053480716,700.3707740884169,2802.919585957183,516.9232167125612,120.79581680876467
2022-04-18,1694.6713841332855,440.09638866315066,371.57331242933486,698.0508602640834,2796.020547455443,517.1358288825177,120.79973150159208
2022-04-19,1742.9864761489232,440.09638866315066,377.4898377986337,709.1658555709621,2875.735111171294,525.483748521684,120.803646321285
2022-04-20,1661.7344487711375,440.09638866315066,381.24352427440084,716.2176646915908,2741.6782431567976,525.0940677138647,120.80756126784749
2022-04-21,1624.8062564739619,440.09638866315066,377.27059875481456,708.7539852938929,2680.7508058907842,517.2420395229951,120.8114763412837
2022-04-22,1586.4894211200294,440.09638866315066,367.25445115923145,689.9372936431473,2617.5322610058383,503.0494040779426,120.81539154159773
2022-04-25,1618.8435214077874,440.09638866315066,367.94520862103013,691.2349752158387,2670.9129518264795,505.96576806623614,120.81982968124143
2022-04-26,1561.9611356640614,440.09638866315066,360.2456117152311,676.7702382070369,2577.0633000197454,491.31267017157967,120.82384025481466
2022-04-27,1536.9642918963546,440.09638866315066,360.7862995186417,677.7859935739572,2535.8212695881125,492.69405752039194,120.82775585581244
2022-04-28,1614.5895312641562,440.09638866315066,366.1627440123715,687.8863737101769,2663.8943380930864,505.1393332228086,120.83162402226428
2022-04-29,1540.2001170210742,440.09638866315066,355.03345225241213,666.9784897817613,2541.1600235326223,486.4715342025846,120.83558743377955
2022-05-02,1600.267032873906,440.09638866315066,355.04473204217686,666.9996803966017,2640.26379817545,489.3997714867762,120.83988376258415
2022-05-03,1622.4118766440138,440.09638866315066,357.58166173576166,671.7656468850403,2676.800343715268,491.64321356671036,120.84418024414542
2022-05-04,1690.7027114029502,440.09638866315066,367.16488423445855,689.769030027876,2789.472675930594,506.61517244960123,120.8483818130984
2022-05-05,1566.7963205316162,440.09638866315066,356.5669539096361,669.8593806187346,2585.040820834109,488.6086511086404,120.85239333445003
2022-05-06,1509.5460706633967,440.09638866315066,353.68985952723165,664.4543686291279,2490.5842338655584,485.6923252981471,120.85640498896275
2022-05-09,1453.472042487455,440.09638866315066,345.41088660672955,648.901195201587,2371.178220508012,470.141743673676,120.86079711415744
2022-05-10,1449.0510048719498,440.09638866315066,343.62834660543007,645.552452060624,2367.3561080466347,471.2279020926493,120.86504680242169
2022-05-11,1435.0549658775603,440.09638866315066,340.71231118510985,640.0742840501003,2320.356902923028,463.7419608290042,120.86934417865888
2022-05-12,1435.523412537674,440.09638866315066,342.0307480166591,642.5511464448981,2319.5831852596207,463.2579044988052,120.87387933849985
2022-05-13,1459.0796848669124,440.09638866315066,348.33933583623303,654.4026842362257,2393.817934844781,474.33339890370536,120.8786996814752
2022-05-16,1451.1601040548085,440.09638866315066,347.6270267619934,653.0645150367318,2374.5985031400783,472.40866510080417,120.88380507243457
2022-05-17,1459.0617390788927,440.09638866315066,353.75981575043994,664.585790881905,2424.2653475346933,482.1263278596866,120.88886321275861
2022-05-18,1443.6306155735724,440.09638866315066,341.3047813649896,641.187319633957,2325.5404929481347,462.6910023419217,120.89373164493095
2022-05-19,1448.812294075798,440.09638866315066,340.08365411480247,638.8932664848976,2323.3040170705303,459.8572169357104,120.89869524624989
2022-05-20,1449.1098988249137,440.09638866315066,340.649248509254,639.9558122609287,2324.550125638534,460.05803216536947,120.90351657886163
2022-05-23,1451.1577711921825,440.09638866315066,345.25627370495755,648.6107338969682,2366.2741325644447,468.6657517356821,120.90862301797888
2022-05-24,1451.1577711921825,440.09638866315066,345.25354699586137,648.6056114041324,2348.2101884430854,465.0879955347245,120.91363471607079
2022-05-25,1451.1577711921825,440.09638866315066,347.79529410483343,653.3806280607153,2368.9567476801376,469.1970721826716,120.91864662189907
2022-05-26,1451.1577711921825,440.09638866315066,353.33887026202666,663.7949876931887,2416.2919800384434,478.5723182505252,120.92370622009786
2022-05-27,1451.1577711921825,440.09638866315066,360.4737661966742,677.198857342794,2475.609829774916,490.3208490971857,120.92876603000538
2022-05-31,1443.9981293396188,440.09638866315066,357.2100196050926,671.0674667403787,2451.7157600682235,487.569565917456,120.93415834083325
2022-06-01,1424.033738110169,440.09638866315066,353.74585840296106,664.5595701117654,2415.325747281258,483.6258755004752,120.93950343413489
2022-06-02,1482.8806435054034,440.09638866315066,358.5628780974664,673.6089948933081,2521.0662486328943,492.83584987076335,120.94489622375224
2022-06-03,1448.429453562781,440.09638866315066,354.7268338841068,666.4024655932374,2457.4615181303475,484.7475774515421,120.95047905585449
2022-06-06,1452.5624504371501,440.09638866315066,355.6133364911274,668.0678809682327,2467.47315923464,486.2236075673363,120.95634672171965
2022-06-07,1466.5560812709437,440.09638866315066,358.98524392272856,674.402466377425,2491.2441912286395,490.8875985428679,120.96226208755188
2022-06-08,1430.184626424715,440.09638866315066,353.5643794167516,664.2186372239474,2429.4598675540365,485.5504947699754,120.96822515563807
2022-06-09,1367.467881883507,440.09638866315066,345.8979457578815,649.8162018721081,2322.9227037003006,474.00270279737333,120.97423592832152
2022-06-10,1294.7953502846863,440.09638866315066,338.01062539637775,634.9988008926625,2199.4736078767405,460.25880921722813,120.98062613580166
2022-06-13,1207.5181163312002,440.09638866315066,325.66487484920873,611.8056341560278,2051.215450626663,442.7835319676562,120.98867199126927
2022-06-14,1184.8232468048877,440.09638866315066,323.06777642800193,606.926632552653,2012.6635925694377,441.4492942022333,120.997143144127
2022-06-15,1218.3371224240068,440.09638866315066,325.8552759261647,612.1633284013318,2069.5937359358845,447.74275187302675,121.00519009806355
2022-06-16,1125.206067206164,440.09638866315066,316.3953753924504,594.3916222946724,1911.3916710456158,432.92422956960354,121.01252872045133
2022-06-17,1173.5758524116122,440.09638866315066,316.9070094856902,595.3527963267668,1993.5576024838604,433.85748589831366,121.02005693243203
2022-06-21,1160.5753592765564,440.09638866315066,322.5143415050752,605.8869299929532,1971.4736171392642,444.7792383013437,121.02796370286174
2022-06-22,1157.009225102307,440.09638866315066,322.8084952838474,606.4395377595855,1965.4158119450428,443.9729231586823,121.03544558984942
2022-06-23,1171.4433880648883,440.09638866315066,325.58182149986317,611.6496071755682,1989.9351774810784,448.3248869722361,121.04302251098557
2022-06-24,1253.0805893372099,440.09638866315066,335.276946130749,629.8632136499137,2128.612590540921,462.578950497996,121.05093078185716
2022-06-27,1244.3443133486767,440.09638866315066,335.47425776235303,630.2338903093345,2113.772246494518,460.81208189939906,121.05926467514377
2022-06-28,1220.185777322408,440.09638866315066,331.36710300823034,622.5180430903592,2072.7340527884367,451.3962528298101,121.06759914218702
2022-06-29,1191.712323697833,440.09638866315066,330.19969162960274,620.3249024909852,2024.3660927408628,451.02871514617374,121.07583973445742
2022-06-30,1168.4988048128687,440.09638866315066,328.67323348419905,617.457243846209,1984.9332031168756,447.3644862275017,121.08375014942197
2022-07-01,1189.9226251627133,440.09638866315066,333.04029332189043,625.6613580130584,2021.325925278733,452.0959755539909,121.09166108120857
2022-07-05,1195.2102629105673,440.09638866315066,330.3603798250444,620.626777058693,2030.3080549039753,452.94986023584534,121.10051701862443
2022-07-06,1192.263478607958,440.09638866315066,331.2638195623463,622.3240111299389,2025.3023416070675,454.479568338883,121.1093264197092
2022-07-07,1243.377996740481,440.09638866315066,334.55845551094995,628.5134315787408,2112.1307609299374,461.286326534917,121.11832518368979
2022-07-08,1235.1122840190292,440.09638866315066,333.33509756746867,626.2151877698028,2098.0897644302777,460.9069537331828,121.12741895667192
2022-07-11,1191.7823273733552,440.09638866315066,331.04764679275837,621.9179012648615,2024.4850082410862,455.64170058048387,121.13755001890425
2022-07-12,1197.113600063424,440.09638866315066,329.7496944667285,619.4795217917961,2033.541260702621,451.60970491137357,121.14782312338133
2022-07-13,1200.4417921455035,440.09638866315066,327.7313744559513,615.6878339264866,2039.194872792647,449.23802360017993,121.15889649195572
2022-07-14,1173.7375086315153,440.09638866315066,325.12290939437366,610.7874785476282,1993.8322084971956,448.1471311339675,121.16997087267781
2022-07-15,1216.9917455667585,440.09638866315066,331.14719499970244,622.1049160723587,2067.308339336712,456.7089609883011,121.18085825789863
2022-07-18,1230.47488234219,440.09638866315066,329.13531740427896,618.325331158012,2090.212193202447,452.9380251177475,121.19245133653182
2022-07-19,1283.2135822234075,440.09638866315066,338.28818891978636,635.5202416146177,2179.7996160156085,465.1759190088509,121.20413941758441
2022-07-20,1302.815061632377,440.09638866315066,339.55650023486766,637.9029364286953,2213.0967209410223,468.140654270144,121.21573472346965
2022-07-21,1314.9549528274315,440.09638866315066,341.95817082907485,642.4148003550802,2233.7187986154186,472.9078016621278,121.22714326109791
2022-07-22,1286.999832493218,440.09638866315066,340.66843162595455,639.9918503472654,2186.2313332282424,468.52010342747883,121.23859985313203
2022-07-25,1274.7510031710706,440.09638866315066,341.739748354317,642.0044641137376,2165.4242019580174,469.08933443018157,121.2507148398965
2022-07-26,1252.887341096725,440.09638866315066,340.02207553977536,638.7775827804044,2128.2843190464164,463.53950395393156,121.26250246023154
2022-07-27,1292.7435009657156,440.09638866315066,345.0357316819378,648.1964157967562,2195.9881239171136,475.5759335927705,121.27377438900345
2022-07-28,1315.9191457479367,440.09638866315066,349.71527951566014,656.9875810438512,2235.356676663935,481.54075675844894,121.28495332692947
2022-07-29,1344.6727150725394,440.09638866315066,352.65771628304697,662.5153475653998,2284.2004702779705,488.56108156944737,121.29608626481128
2022-08-01,1344.6674751629348,440.09638866315066,352.2892140100502,661.8230660692046,2284.191569224318,487.11429564869474,121.30787829601623
2022-08-02,1330.6715011162246,440.09638866315066,349.9159685137931,657.3646025443377,2260.416556805947,483.9007556627461,121.31967147360608
2022-08-03,1374.6204550973982,440.09638866315066,353.49390793579784,664.0862469896136,2335.0728060380184,491.47836182494854,121.33127783216273
2022-08-04,1375.6925533180324,440.09638866315066,352.6503975000971,662.5015982390532,2336.893983215415,491.1462913178051,121.34274426545242
2022-08-05,1367.389250819981,440.09638866315066,352.7801761037696,662.7454049466604,2322.7891328244514,490.3161532277469,121.35454083260421
2022-08-08,1371.5664810547116,440.09638866315066,354.1702233007374,665.3567971247122,2329.885009136715,489.7470367584451,121.36676132345762
2022-08-09,1338.7705029132778,440.09638866315066,353.07560803051877,663.300413887609,2274.174360847218,487.80225961037837,121.37903000204986
2022-08-10,1388.9266516946486,440.09638866315066,359.7966647371218,675.9268304223549,2359.3747946401786,498.04784499202225,121.3912059925467
2022-08-11,1399.5234305064882,440.09638866315066,361.54760484343535,679.2162088750002,2377.3755816526004,498.04784499202225,121.40319527425441
2022-08-12,1419.2596640422903,440.09638866315066,367.1228038841693,689.6899763829083,2410.9015939072347,506.47945036948,121.41523273413054
2022-08-15,1420.1032474652884,440.09638866315066,367.87482584350636,691.1027516229295,2412.3345921602177,508.566478001522,121.42774112358592
2022-08-16,1416.8409837417917,440.09638866315066,369.31822180015973,693.8143666812223,2406.792972814591,509.5626513451519,121.44015688127537
2022-08-17,1379.9497561901837,440.09638866315066,366.76220478393657,689.0125420685803,2344.125709340022,505.9457628988709,121.45247996021223
2022-08-18,1384.8842795254345,440.09638866315066,367.4902918522677,690.3803523697892,2352.5080022181587,507.4162954114197,121.46489824740112
2022-08-19,1366.1845983180765,440.09638866315066,364.04986004883983,683.9170346348282,2320.7427852035557,500.5975493860866,121.477458721208
2022-08-22,1337.6503621948452,440.09638866315066,357.08075786656667,670.8246310340475,2250.9858282554865,490.1738645659714,121.49048996921057
2022-08-23,1337.6503621948452,440.09638866315066,355.6437238603845,668.1249677625233,2245.5398373965977,488.98794755477394,121.50338180521561
2022-08-24,1337.6503621948452,440.09638866315066,356.70961254493886,670.1273842125479,2252.728692599826,490.55339007890683,121.51636889700238
2022-08-25,1337.6503621948452,440.09638866315066,360.9908126065749,678.1701991457544,2284.531715353958,497.47880487832117,121.52959204183314
2022-08-26,1337.6503621948452,440.09638866315066,350.63879104249054,658.7225226938689,2207.202256766777,480.63956978200383,121.54281662557754
2022-08-29,1360.6389719795784,440.09638866315066,349.02253641103175,655.6861691718142,2226.7932287689655,477.46149697254816,121.55655862344946
2022-08-30,1307.0309054585491,440.09638866315066,345.42829311694516,648.9338956916986,2139.0593904806583,472.21995223384516,121.57025528561863
2022-08-31,1299.291275507481,440.09638866315066,343.06527937175315,644.4946538988397,2126.3928742900034,468.6268103793604,121.5839065918522
2022-09-01,1264.9619688600017,440.09638866315066,344.53452503619513,647.2548311389586,2070.210250416072,470.0973428919092,121.597606335516
2022-09-02,1284.614569216615,440.09638866315066,341.41099860144135,641.386863117837,2102.3732843310427,465.1404136545575,121.61116687983304
2022-09-06,1260.6424329503716,440.09638866315066,340.60419471535516,639.8711725988802,2063.140988464098,463.38530381845766,121.6252448518476
2022-09-07,1258.0311159768694,440.09638866315066,347.8377437226312,653.460375424773,2058.867361826531,471.7101258884332,121.63941820822889
2022-09-08,1271.9956520309308,440.09638866315066,349.961901317442,657.4508935454096,2081.72142889977,474.79332686410504,121.65354633574374
2022-09-09,1303.4868142689684,440.09638866315066,354.03395933948434,665.1008067933436,2133.259205107741,482.1693160628418,121.66772299018224
2022-09-12,1312.6083701655093,440.09638866315066,356.91342974991363,670.5102824738324,2148.1873523419067,487.35157067765505,121.68241680337258
2022-09-13,1253.762352542553,440.09638866315066,343.8449378961394,645.9593481743832,2051.8811930436955,466.16018087878234,121.69758061492404
2022-09-14,1286.817985430904,440.09638866315066,343.40459285825824,645.1321003010197,2105.979349133817,467.93903730667836,121.71251223161734
2022-09-15,1245.7140053646208,440.09638866315066,340.6563098887675,639.9690780200064,2038.7094367088566,462.62648185938866,121.7273520033788
2022-09-16,1238.3925613958688,440.09638866315066,337.9928783786356,634.9654607129768,2026.7273149335938,459.097135109231,121.74209987799608
2022-09-19,1242.9623747332953,440.09638866315066,340.6799814427439,640.0135482444941,2034.206175679229,462.65732952204354,121.7577391286214
2022-09-20,1223.5540529240118,440.09638866315066,335.6081152190648,630.4853596955462,2002.442922915857,457.3466447869693,121.77324001722354
2022-09-21,1206.5629702705983,440.09638866315066,330.7363294142969,621.3330493484805,1974.6356731007004,449.3688207440605,121.78850880735413
2022-09-22,1189.1931833436572,440.09638866315066,327.23747704015994,614.75998064843,1946.2086438073973,445.5941816268763,121.80368583987209
2022-09-23,1119.5715184931644,440.09638866315066,322.3510792760631,605.5802197540874,1832.2672860649072,438.1283600639975,121.81853672795606
2022-09-26,1084.7272115060646,440.09638866315066,317.79907741909597,597.0286669221421,1775.2418234272068,433.7940725719897,121.83423260251647
2022-09-27,1101.3731540922663,440.09638866315066,315.80457187913436,593.2817177699839,1802.4842242409234,432.68676365164174,121.84974322944674
2022-09-28,1132.7320696329791,440.09638866315066,322.28494865456,605.4559844129411,1853.8055682753386,441.20041312197725,121.8653963081673
2022-09-29,1116.0789095032121,440.09638866315066,316.35355312490924,594.313053493147,1826.5513553810697,431.9841775924373,121.88091090252615
2022-09-30,1101.5985095937751,440.09638866315066,312.98825665162127,587.9908876657253,1802.8530363322711,425.304246049051,121.89624005800479
2022-10-03,1146.0544012895627,440.09638866315066,321.4953671576077,603.9726484876766,1875.6086170893327,436.53268072201473,121.91213323740334
2022-10-04,1202.607212773844,440.09638866315066,330.7018548769602,621.2682842546477,1968.1617632761047,450.0594571517662,121.92793483929538
2022-10-05,1201.0947086224642,440.09638866315066,328.8004248087825,617.696189999154,1965.6864306771297,449.0115910665093,121.9437853224855
2022-10-06,1201.1929671874768,440.09638866315066,324.1141644164414,608.892414300333,1965.8472385855791,444.3796312654423,121.95959102695235
2022-10-07,1179.4895121554696,440.09638866315066,317.13495573543577,595.7810242710384,1930.3278188853978,431.9841775924373,121.97535193021638
2022-10-10,1170.2276352777592,440.09638866315066,316.3991059378377,594.3986306301165,1915.1700252739365,428.6858447119881,121.99111487027038
2022-10-11,1168.2340550392091,440.09638866315066,316.28532259363016,594.1848731866976,1911.9073736318533,425.9709831537593,122.00790976840308
2022-10-12,1173.0586521036455,440.09638866315066,313.5652479497066,589.0748440708833,1919.8032080860103,424.56588739095105,122.02484727290661
2022-10-13,1213.5894285794636,440.09638866315066,321.7556783059662,604.4616782833317,1986.1350275265427,435.7707281833199,122.04216110059575
2022-10-14,1188.1041613624939,440.09638866315066,315.5218027372461,592.7504975877273,1944.4263732539468,425.8400714764777,122.0595241178003
2022-10-17,1206.6060694491275,440.09638866315066,321.8535745027861,604.6455895657634,1974.7062083131186,436.7829362030823,122.07768349105272
2022-10-18,1216.1347006874364,440.09638866315066,326.473754624838,613.3252245150215,1990.3005665211838,441.91491065488,122.09617213241717
2022-10-19,1231.9977787822468,440.09638866315066,323.0009270197381,606.8010468730932,2016.26174771355,438.7832238728076,122.11475685245539
2022-10-20,1226.4678769547377,440.09638866315066,318.98222655770616,599.2513730380048,2007.2116262641116,435.103914723011,122.13334440134409
2022-10-21,1266.9857605409836,440.09638866315066,325.81704627322193,612.0915088135608,2073.5223454717457,445.6775619427652,122.15188812826442
2022-10-24,1276.2009530816156,440.09638866315066,329.4252835580395,618.8700719031343,2088.603736475435,451.13106982881936,122.17090105289127
2022-10-25,1301.1272809112763,440.09638866315066,335.02502460162685,629.3899448917946,2129.3976422595747,458.33502985933484,122.18977704736955
2022-10-26,1292.122044961716,440.09638866315066,335.5525989809649,630.3810649131499,2114.659861813104,454.881924176407,122.20851600694267
2022-10-27,1298.6454683809714,440.09638866315066,336.2967194186358,631.7789960731143,2125.3359598799234,452.45274709793836,122.22730450238346
2022-10-28,1325.2686347512283,440.09638866315066,343.84386572652363,645.9573339583515,2168.906876061624,463.2169397190667,122.2462825186632
2022-10-31,1344.0046297367398,440.09638866315066,342.25547392107984,642.97332453373,2199.5698128341073,459.8710372994246,122.26558996679589
2022-11-01,1339.421749611751,440.09638866315066,343.005860340994,644.3830271911321,2192.069567257767,457.85868544479956,122.28490046432641
2022-11-02,1314.8822017444045,440.09638866315066,335.9213147174935,631.0737474295372,2151.9086574548105,446.3682747060715,122.30412072312538
2022-11-03,1313.6312768635823,440.09638866315066,334.04406790439833,627.5470846984563,2149.8614200085244,441.77201114829944,122.3234373061627
2022-11-04,1362.8789827664834,440.09638866315066,338.9883768285148,636.8356395608215,2230.459183482428,448.13044743522966,122.34257028615123
2022-11-07,1385.8301840711752,440.09638866315066,341.22103506473377,641.0299908512274,2268.0206385854262,452.4171272102441,122.36217283252559
2022-11-08,1403.2886245142133,440.09638866315066,343.12920002724684,644.6147375191176,2296.592756365401,454.8581012290102,122.38168522577476
2022-11-09,1359.2022146521492,440.09638866315066,338.0089635394888,634.9956788691101,2224.44186183476,445.4870547191913,122.4012473872118
2022-11-10,1490.8568734563937,440.09638866315066,353.9471073078952,664.9376434731055,2439.905117553986,469.96849281584474,122.42071934287448
2022-11-11,1551.4981043856274,440.09638866315066,355.0715946718228,667.050145489503,2539.1492853297855,474.51703412322246,122.44019439619397
2022-11-14,1527.0345053367416,440.09638866315066,351.52139720899817,660.3806180769187,2496.3630039818545,470.4803807624737,122.45999923791385
2022-11-15,1529.484415595466,440.09638866315066,354.1908612368236,665.3955682865667,2505.705025190332,474.493249353626,122.47971395024315
2022-11-16,1519.9417985847604,440.09638866315066,352.55719016609555,662.3264956213252,2485.2789759845527,470.8733830389204,122.4994318364242
2022-11-17,1509.2681136199346,440.09638866315066,351.25533231990875,659.8807790989774,2465.898038144991,469.43259103281736,122.5191062088206
2022-11-18,1519.743345893633,440.09638866315066,354.74307939159877,666.4329849822763,2485.8720293185456,471.56398126882584,122.53887712790171
2022-11-21,1524.8954970357854,440.09638866315066,355.78026426091355,668.381477422557,2491.7788974997015,469.84930172326006,122.5590246664371
2022-11-22,1543.712186788621,440.09638866315066,359.6458460945261,675.6434971481737,2522.526598268743,476.1720417668953,122.57908217175161
2022-11-23,1567.210073221502,440.09638866315066,361.01647097720314,678.2184018747722,2560.9236803396875,479.17270233828526,122.59914295959484
2022-11-25,1562.9421087022104,440.09638866315066,362.3276761701501,680.6816786556993,2553.9495473941042,479.06553725279997,122.61925372092746
2022-11-28,1523.7598175671287,440.09638866315066,357.14599831526186,670.9471940648435,2489.9231230287137,471.42111994004557,122.63974120523604
2022-11-29,1535.7918746687799,440.09638866315066,358.20535631997126,672.9373417470875,2509.5842906547487,470.61144515095646,122.6600920886607
2022-11-30,1584.48295528201,440.09638866315066,366.08003979432084,687.7310026201963,2589.1486984481676,485.4359231912289,122.6804463491184
2022-12-01,1567.0558445051013,440.09638866315066,366.0987195593489,687.7660950921551,2560.6716605378956,485.07876986927823,122.70057044719238
2022-12-02,1554.581918456563,440.09638866315066,366.2795180772526,688.1057496279775,2540.2884501755207,484.51912149445474,122.72069784635741
2022-12-05,1524.6843902370902,440.09638866315066,360.14748575693113,676.5858952864986,2491.4339351943313,475.8030533268469,122.74106216375667
2022-12-06,1498.2016738237717,440.09638866315066,356.98730300868345,670.6490634091384,2448.1594458700124,468.94429696678327,122.76142986041816
2022-12-07,1500.4170942523344,440.09638866315066,356.70510177858597,670.1189101261995,2451.7795876329815,468.14664818479355,122.78147373383602
2022-12-08,1530.3549854883418,440.09638866315066,358.6607258074899,673.7928150867147,2500.7000584210027,471.8140458608917,122.80138056009768
2022-12-09,1525.2814580549934,440.09638866315066,356.1886913422788,669.1487630858836,2492.4095830285064,468.2894331579732,122.82138418008185
2022-12-12,1549.7331156631506,440.09638866315066,361.25175961719845,678.6604234949067,2532.3651895309417,475.0409862547511,122.8418586974505
2022-12-13,1563.2534937976252,440.09638866315066,362.3020647227247,680.6335640782775,2554.45837098973,478.6368769108585,122.86219635981236
2022-12-14,1546.0666223450958,440.09638866315066,360.0271992068839,676.3599206889407,2526.3738998356725,475.57677350437746,122.88239705769466
2022-12-15,1520.7739519289037,440.09638866315066,353.2972405794343,663.7167806886048,2485.0440234428356,463.943348725668,122.90255428310057
2022-12-16,1486.9114537797568,440.09638866315066,349.6917378431025,656.9433548192231,2429.710488476874,458.4659415366164,122.92262119860965
2022-12-19,1461.2545461053405,440.09638866315066,347.36428403066947,652.570917182698,2387.7854246003767,454.5783343082989,122.94306581003019
2022-12-20,1464.946124972184,440.09638866315066,347.93031447719295,653.6342821416835,2393.817705721763,455.2004415644385,122.96337342470271
2022-12-21,1485.2801472817798,440.09638866315066,352.729731936104,662.6506387364442,2427.044827049639,462.0067416268687,122.98354393320628
2022-12-22,1458.386680666921,440.09638866315066,349.60625071596326,656.7827556571052,2383.099145052556,455.41564982481634,123.00381141062275
2022-12-23,1481.4183038584465,440.09638866315066,352.2796529225903,661.8051042697293,2420.7343225157774,458.0353341268589,123.02403539250078
2022-12-27,1480.7550478044,440.09638866315066,352.8027673471697,662.7878456612109,2419.650518778193,456.2290660383364,123.04482452376021
2022-12-28,1458.644409699025,440.09638866315066,348.31965213061216,654.3657057256993,2383.5202911341853,450.5590518466936,123.06561716805658
2022-12-29,1504.1488419507334,440.09638866315066,353.4213694704751,663.9499736448145,2457.8775072502553,458.66927650109625,123.08636651606875
2022-12-30,1512.642768377768,440.09638866315066,351.9726633319428,661.2283826896929,2471.7571381291855,457.4611781879155,123.10693204657132
2023-01-03,1494.4645064812805,440.09638866315066,351.59765942185203,660.5238869864626,2442.0526702001102,455.5352990510049,123.12796924718889
2023-01-04,1537.1581231118278,440.09638866315066,355.9948447775599,668.7845960245388,2511.8168298980936,459.0521616604594,123.1490568495844
2023-01-05,1549.7219928857685,440.09638866315066,352.52058946223605,662.2577362353284,2532.3470141858015,453.8127548785741,123.1706159664878
2023-01-06,1604.5886395306256,440.09638866315066,361.078196187152,678.3343610528464,2622.002700461999,464.2196796443509,123.19217885764277
2023-01-09,1620.1856507186915,440.09638866315066,359.7626679971436,675.8629629356532,2647.4892360429862,463.95652006677676,123.21393262552267
2023-01-10,1613.2096081958737,440.09638866315066,361.50889631184873,679.1434896487467,2636.089926660666,467.2101467430566,123.23578377545547
2023-01-11,1623.338204180121,440.09638866315066,364.84566455127106,685.4120613198465,2652.6407144254063,473.11938303147576,123.25763880054056
2023-01-12,1649.0237751892114,440.09638866315066,365.2290631759297,686.1323276328844,2694.612616063975,474.84188902610623,123.27917011490854
2023-01-13,1632.227098948162,440.09638866315066,365.7748354142641,687.1576348003625,2667.165749385609,476.68400606912496,123.30075201011955
2023-01-17,1639.9543661885452,440.09638866315066,364.3680781726465,684.5148505372144,2679.7926090506535,475.81080342031095,123.32257175580861
2023-01-18,1623.9323041087396,440.09638866315066,357.8605280825721,672.2895351374389,2653.611512534533,468.29867218564954,123.34430173071782
2023-01-19,1632.3475764482096,440.09638866315066,354.769330444414,666.4823011451607,2667.362617494162,464.889547328685,123.36608236106335
2023-01-20,1663.2510804306842,440.09638866315066,359.28471478168666,674.9650630002818,2717.860962614871,473.5500286190335,123.38796049371322
2023-01-23,1691.5677187314116,440.09638866315066,361.85829560475247,679.7998836060863,2764.1322001541266,479.2319161065745,123.40988933601042
2023-01-24,1666.3367117909193,440.09638866315066,362.36413135175974,680.7501646584093,2722.9030859104296,478.7176229585256,123.43177523752827
2023-01-25,1693.5800750885685,440.09638866315066,363.3940409673499,682.6849895478946,2767.4205219537253,478.89702044220775,123.45361816956012
2023-01-26,1721.7951453444773,440.09638866315066,365.683631086689,686.9862951018576,2813.5257906700485,484.1602501714899,123.47541810343985
2023-01-27,1719.4829548521361,440.09638866315066,365.18645181473397,686.0522764119137,2809.7475202987243,485.27263673927985,123.49731562603735
2023-01-30,1695.580679791105,440.09638866315066,363.0284986003469,681.9982686365344,2770.689640781677,479.18407932277927,123.51931076997441
2023-01-31,1707.7390334424258,440.09638866315066,368.05282595084407,691.4371489649742,2790.557185223635,486.2297541931871,123.54126295619822
2023-02-01,1716.4879279917625,440.09638866315066,369.27356789498856,693.7304782643778,2804.8534506771457,491.39727217707855,123.56303146545055
2023-02-02,1757.5270255465302,440.09638866315066,370.0484306944811,695.1861631203107,2871.914018078771,498.55049391097486,123.5847568963808
2023-02-03,1732.3307407482146,440.09638866315066,367.0376576630984,689.5300176590681,2830.7416420845598,493.2513770493962,123.6066738094669
2023-02-06,1699.9751692245989,440.09638866315066,366.3762399827521,688.2874548449038,2777.8705237057534,490.2369342920925,123.62868843033732
2023-02-07,1724.8087995168812,440.09638866315066,368.53798486502734,692.3485857826416,2818.45029853682,496.6485140770617,123.65070697206018
2023-02-08,1703.8771847420783,440.09638866315066,366.0730079536443,687.7177923538222,2784.2466720667867,491.2178746933964,123.67272943533385
2023-02-09,1653.6121265771096,440.09638866315066,363.2410757856023,682.3976237088061,2702.110282090862,486.9593319572145,123.69499042042679
2023-02-10,1660.7214271484447,440.09638866315066,366.42701156565556,688.3828361490442,2713.727343833171,488.09573236140295,123.71734923792991
2023-02-13,1702.075428887713,440.09638866315066,369.74178584,694.6100891739158,2781.302485251965,493.825456632739,123.73980592151233
2023-02-14,1718.742348144467,440.09638866315066,368.17056076087545,691.6583297728408,2808.537320538082,493.59826054306205,123.76221976278435
2023-02-15,1743.2298564257367,440.09638866315066,369.7117913344114,694.5537404273047,2848.5515093833033,495.2011554893043,123.78459073250633
2023-02-16,1697.9822618922817,440.09638866315066,366.58998318190777,688.6890004324233,2774.6139828837804,488.3827912419744,123.80715347918202
2023-02-17,1680.4373405850456,440.09638866315066,367.10296515324427,689.6527066363223,2745.9444348677707,487.1627050994947,123.829720338466
2023-02-21,1615.6115677990056,440.09638866315066,360.4023723679892,677.0647343531522,2640.014885625634,477.38972270795523,123.85238518514755
2023-02-22,1624.8855831934627,440.09638866315066,359.8324874051639,675.9941281625444,2655.1692328578984,476.73184285292007,123.87500723685162
2023-02-23,1614.0992482246797,440.09638866315066,360.31693504186484,676.9042287489967,2637.5436566077074,479.267803238871,123.89763342054898
2023-02-24,1582.359509941635,440.09638866315066,357.9802127488776,672.5143790147583,2585.678849990078,474.1480456831741,123.92031069752261
2023-02-27,1580.1239533102682,440.09638866315066,357.7763595399885,672.1314131152392,2582.025804355782,475.76292845871546,123.94308605001831
2023-02-28,1581.349075384536,440.09638866315066,356.0171542451122,668.8265073849511,2584.027733889613,474.00457350958874,123.96577164629427
2023-03-01,1568.8117089500447,440.09638866315066,354.63730445379747,666.2342724163929,2563.5408577906182,472.1863557695675,123.98850837665422
2023-03-02,1587.7249878079683,440.09638866315066,357.4519416285834,671.5219500710259,2594.4463914696885,475.8586402041062,124.01129626322262
2023-03-03,1600.8202001921986,440.09638866315066,361.2660226136266,678.6872184680473,2615.844824307041,483.49038248715584,124.03408833798376
2023-03-06,1576.3594333326885,440.09638866315066,360.31902971380333,676.9081638743162,2575.8743326925874,483.82535450712317,124.05697859491268
2023-03-07,1546.2464855532453,440.09638866315066,354.48367127152187,665.945651647719,2526.6678080722536,476.4089350178524,124.0803898148979
2023-03-08,1517.6467202111266,440.09638866315066,354.7296133030738,666.40768710871,2479.933922444377,477.1863877434753,124.10389936510074
2023-03-09,1463.668296159169,440.09638866315066,348.47316734177025,654.6541048696356,2391.729649932316,468.3824342795415,124.12731943966621
2023-03-10,1410.9927092834241,440.09638866315066,342.47605638105006,643.387718600233,2305.654298509521,461.6238564675055,124.15055598491502
2023-03-13,1376.5829811347216,440.09638866315066,340.4930496385894,639.6623714986508,2249.426553961576,460.9660147902708,124.17318543764218
2023-03-14,1375.5829318613116,440.09638866315066,343.82492593428833,645.9217529900171,2247.7924080933594,468.5858074218216,124.19586608458356
2023-03-15,1353.8227726297346,440.09638866315066,340.878855886481,640.3871608584543,2212.2348858337177,465.65512675840984,124.21798564189594
2023-03-16,1352.2739194673775,440.09638866315066,344.3835410778165,646.9711872966606,2209.703958545396,473.82513784810635,124.24001485377785
2023-03-17,1304.8416827504625,440.09638866315066,338.5766960235848,636.0622413365072,2132.1965839468303,468.28485182193526,124.26105671858747
2023-03-20,1313.664441051315,440.09638866315066,340.01911350448194,643.226912046909,2154.145402037403,472.7876943023356,124.28347073174193
2023-03-21,1343.6179800841903,440.09638866315066,340.1066842382374,651.7835237414073,2217.267999665649,478.9955573448218,124.30574735996761
2023-03-22,1320.3297701002375,440.09638866315066,340.0402670560352,640.6206831141269,2160.5607104859373,470.83043301356565,124.32807513664945
2023-03-23,1304.1721010353904,440.09638866315066,340.00239560916003,642.270339290651,2137.073957844751,472.1033190538816,124.35012387215181
2023-03-24,1299.1490383596745,440.09638866315066,339.98078414650803,646.4177980517552,2135.9487856876917,475.2012948382755,124.37217651784692
2023-03-27,1306.4616108587873,440.09638866315066,339.97105243899085,647.5964814809383,2147.3648552189575,476.0898067850159,124.39508204584742
2023-03-28,1307.9695532304236,440.09638866315066,339.9571998478592,646.123982836974,2146.2185742853917,475.0210574429865,124.41747305378989
2023-03-29,1321.4855717246223,440.09638866315066,340.03994469372844,655.6237248306285,2191.9696102853463,481.92539809662674,124.4398680920946
2023-03-30,1317.9499248770435,440.09638866315066,340.0393679108,659.4404759281756,2195.731028401666,484.7471956735389,124.46302178253954
2023-03-31,1320.7803670790852,440.09638866315066,340.08440569312137,668.7707297325317,2223.61971700662,491.57957117358467,124.485613817651
2023-04-03,1320.6277869162143,440.09638866315066,340.0798659645795,671.2979624223898,2229.655928214876,493.45276494606003,124.50863456371438
2023-04-04,1311.4429043658142,440.09638866315066,340.022995138649,667.4796733909859,2204.9018322530746,490.71503488544226,124.53151804443668
2023-04-05,1309.8890320492112,440.09638866315066,339.9847683572673,665.6650148234617,2197.9206879297453,489.43016101582725,124.55431134281272
2023-04-06,1314.3279579728073,440.09638866315066,339.97781909144766,668.2363215011399,2211.876598146739,491.33943280960074,124.57734479290055
2023-04-10,1315.7653624355053,440.09638866315066,340.00653728712376,668.9758442434988,2215.89275565732,491.8437615517672,124.60118414383136
2023-04-11,1320.8699827147288,440.09638866315066,340.0184820667038,669.177945118543,2224.8879940930806,491.9757803852579,124.62479236909834
2023-04-12,1315.0253065977338,440.09638866315066,339.98517321689707,666.3975198094698,2208.329469308671,489.9705296014916,124.64831074317782
2023-04-13,1319.964122712564,440.09638866315066,339.9937594730069,675.2271867857253,2238.572076741375,496.4786992212588,124.6722108162062
2023-04-14,1324.011707025961,440.09638866315066,340.0111992382547,673.6189711168232,2241.257003975443,495.26590503863923,124.69625689787458
2023-04-17,1330.9813010175467,440.09638866315066,340.01939041110313,676.0511232181125,2260.0041151648784,497.0430052877208,124.72068462951218
2023-04-18,1326.7425222551801,440.09638866315066,340.01883977360325,676.4911268092742,2254.115013736667,497.3673257014002,124.74502290182213
2023-04-19,1331.216817396235,440.09638866315066,340.0194210057997,676.3778376103414,2261.3539842623995,497.283181829505,124.76922449544321
2023-04-20,1324.152162399002,440.09638866315066,340.01850327355095,672.6852629446588,2238.649591166562,494.569503783086,124.79324211434995
2023-04-21,1323.367155256618,440.09638866315066,340.01840129739355,673.2076758706302,2238.8430177620057,494.95376334326056,124.81731153986105
2023-04-24,1324.0694816162445,440.09638866315066,340.0184925329244,673.9101213071734,2242.3709366496923,495.470079914726,124.84166866816159
2023-04-25,1324.0694816162445,440.09638866315066,340.0184925329244,663.2125335578007,2206.775745090729,487.60503309394903,124.86570023230634
2023-04-26,1324.0694816162445,440.09638866315066,340.0184925329244,660.4034762410066,2197.4288777750335,485.53976680808677,124.8898780410923
2023-04-27,1324.0694816162445,440.09638866315066,340.0184925329244,673.5507846347352,2241.1752785266403,495.20588953654345,124.91420213721042
2023-04-28,1324.0694816162445,440.09638866315066,340.0184925329244,679.2996521210979,2260.304080665812,499.43255380946204,124.93815319226734
2023-05-01,1312.7816976237177,440.09638866315066,340.0016355183647,678.5771925602999,2238.272631697814,498.92830142289614,124.96281707517863
2023-05-02,1279.0932364824919,440.09638866315066,339.86345123203733,670.7302224801283,2164.98217253647,493.3207079347691,124.98739143512014
2023-05-03,1275.207905209036,440.09638866315066,339.85407938901835,666.1396510006329,2148.7837284381158,489.9345661135944,125.01201783512866
2023-05-04,1258.7138208428964,440.09638866315066,339.7438875059058,661.2344276107361,2110.8512631929825,486.4643949539256,125.03669629956573
2023-05-05,1287.657203576469,440.09638866315066,339.8725572001395,673.650413186381,2185.6601314997597,495.470079914726,125.06137963574729
2023-05-08,1275.276225874003,440.09638866315066,339.8924545830644,673.8688746575588,2165.08697501353,495.60213692601707,125.08630393203713
2023-05-09,1275.1354648006368,440.09638866315066,339.87349025389267,670.9079107348041,2161.2369566730367,493.4287892874619,125.11113875529422
2023-05-10,1254.2360260644427,440.09638866315066,339.75091174365684,673.765777615441,2129.5780979083293,495.73423211510834,125.13574228319499
2023-05-11,1238.947180997819,440.09638866315066,339.6894381007951,672.4809554234317,2102.1797014261165,494.869695826966,125.16016155078032
2023-05-12,1230.6083975135566,440.09638866315066,339.5935015004645,671.418373380137,2086.94216224539,494.22120771080847,125.18477471917934
2023-05-15,1261.526354687614,440.09638866315066,339.70677041358437,673.9366384382683,2142.1522868246243,495.9264191618961,125.20929815041963
2023-05-16,1245.425398517084,440.09638866315066,339.64856829870473,669.3618728761389,2109.5756987676623,492.6122043165157,125.23387368596424
2023-05-17,1303.9081446907821,440.09638866315066,339.92178199242534,677.9492146609268,2218.295646337706,498.5920695355184,125.25859594668442
2023-05-18,1318.1613627644779,440.09638866315066,339.98765440265277,684.5424840577273,2250.0976747115255,503.39510405979865,125.28351226451683
2023-05-19,1302.4378631014654,440.09638866315066,339.91767775918214,683.4182147357826,2222.25530672478,502.6625484273467,125.30833894046668
2023-05-22,1315.8366481279652,440.09638866315066,339.9552231411148,683.7664853966168,2245.1919859080126,502.86672330343345,125.33373796917634
2023-05-23,1323.6357783815902,440.09638866315066,339.96363460903984,676.1136938277498,2236.5240009982213,497.22312814960884,125.35885845267961
2023-05-24,1321.1160250599448,440.09638866315066,339.9609170208531,671.2128165340871,2218.2020589985746,493.62093815644937,125.38412586632339
2023-05-25,1317.2164854254845,440.09638866315066,339.95671131438445,677.0136588798779,2228.192282874657,497.8955919243644,125.4093983728836
2023-05-26,1319.2562687385816,440.09638866315066,339.9589112483969,685.7810861139305,2256.774984789404,504.34366968643525,125.43443936351345
2023-05-30,1320.849272500281,440.09638866315066,339.96062932459387,686.0436801600258,2258.7948739460867,504.5357040220217,125.46005314313092
2023-05-31,1320.849272500281,440.09638866315066,339.96062932459387,682.2395424876712,2246.2697725238336,501.73803481490876,125.48557754706754
2023-06-01,1320.849272500281,440.09638866315066,339.96062932459387,688.721423465367,2267.611328388808,506.5049913178909,125.51101250066849
2023-06-02,1320.849272500281,440.09638866315066,339.96062932459387,698.6811729386877,2300.4037462868587,513.8296695530039,125.53640527183336
2023-06-05,1320.849272500281,440.09638866315066,339.96062932459387,697.3424051107353,2295.9958609077858,512.8451022606698,125.56166111100126
2023-06-06,1320.849272500281,440.09638866315066,339.96062932459387,698.860789701056,2300.995133444623,513.961764742095,125.58682727685326
2023-06-07,1320.849272500281,440.09638866315066,339.96062932459387,696.4443212988939,2293.038925118962,512.1846263152132,125.61190369541417
2023-06-08,1320.849272500281,440.09638866315066,339.96062932459387,700.6568535000206,2306.9086631799823,515.2826402774076,125.63679544670786
2023-06-09,1320.849272500281,440.09638866315066,339.96062932459387,701.9140670118804,2311.0480314420474,516.207230245446,125.66164469142429
2023-06-12,1320.849272500281,440.09638866315066,339.96062932459387,708.2816888872719,2332.0133898693803,520.8901574099341,125.68664118332019
2023-06-13,1320.849272500281,440.09638866315066,339.96062932459387,712.9513613223336,2347.3882595232544,524.3243650817058,125.71150028684355
2023-06-14,1320.849272500281,440.09638866315066,339.96062932459387,713.8002841301395,2350.1833329888395,524.9486866502637,125.73631683522731
2023-06-15,1320.849272500281,440.09638866315066,339.96062932459387,722.6497839801162,2379.3202603831005,531.4568562700308,125.76099581170335
2023-06-16,1320.849272500281,440.09638866315066,339.96062932459387,720.1883075626439,2371.2158634257107,529.6466176902755,125.78577463581325
2023-06-20,1320.849272500281,440.09638866315066,339.96062932459387,716.4517078694342,2358.913130411623,526.8986178013729,125.81079581951673
2023-06-21,1320.849272500281,440.09638866315066,339.96062932459387,712.780881135161,2346.8269544868094,524.1989891854699,125.83586947183527
2023-06-22,1320.849272500281,440.09638866315066,339.96062932459387,715.3538133875479,2355.2983191400726,526.0911955025025,125.86094812124519
2023-06-23,1320.849272500281,440.09638866315066,339.96062932459387,709.9457395571319,2337.4922671358963,522.1139467990444,125.88603176874236
2023-06-26,1320.849272500281,440.09638866315066,339.96062932459387,707.0451364943206,2327.9420482225723,519.9807622064211,125.9115478913091
2023-06-27,1320.849272500281,440.09638866315066,339.96062932459387,714.796741862411,2353.464164345283,525.6815095273179,125.9368316959834
2023-06-28,1320.849272500281,440.09638866315066,339.96062932459387,715.1572212837651,2354.651040768265,525.946616172708,125.96207305680397
2023-06-29,1320.849272500281,440.09638866315066,339.96062932459387,717.9758547316112,2363.9313751954296,528.0195180186332,125.98741453325846
2023-06-30,1320.849272500281,440.09638866315066,339.96062932459387,726.4485746794871,2391.8277569275356,534.2505931637112,126.01261848774897
2023-07-03,1320.849272500281,440.09638866315066,339.96062932459387,727.2843117480903,2394.57941642258,534.865217570989,126.03801767369374
2023-07-05,1320.849272500281,440.09638866315066,339.96062932459387,726.2026658345917,2391.018103469058,534.0697449236172,126.06342197911509
2023-07-06,1320.849272500281,440.09638866315066,339.96062932459387,720.5160821977867,2372.295059528059,529.887672321467,126.08892651105054
2023-07-07,1320.849272500281,440.09638866315066,339.96062932459387,718.6970212237558,2366.305811725969,528.5498840206149,126.1143886425652
2023-07-10,1320.849272500281,440.09638866315066,339.96062932459387,720.5160821977867,2372.295059528059,529.887672321467,126.13999861227225
2023-07-11,1320.849272500281,440.09638866315066,339.96062932459387,725.1047713527054,2387.4032921975077,533.2623226247467,126.16561378257978
2023-07-12,1320.849272500281,440.09638866315066,339.96062932459387,730.9388380016168,2406.6119231082203,537.5528583575929,126.19118657425297
2023-07-13,1320.849272500281,440.09638866315066,339.96062932459387,736.7401998643167,2425.7128736983,541.8193420762404,126.21676454933272
2023-07-14,1320.849272500281,440.09638866315066,339.96062932459387,736.2814503472507,2424.2024435499857,541.4819648548532,126.24239530845088
2023-07-17,1320.849272500281,440.09638866315066,339.96062932459387,738.8378744694546,2432.6194552795005,543.3620306313853,126.26807887713314
2023-07-18,1320.849272500281,440.09638866315066,339.96062932459387,744.3278660024768,2450.695220848692,547.3995239037412,126.2937200566196
2023-07-19,1320.849272500281,440.09638866315066,339.96062932459387,745.9830396589364,2456.1448705996077,548.6167848889976,126.3194140671403
2023-07-20,1320.849272500281,440.09638866315066,339.96062932459387,741.0337672579453,2439.8494196648894,544.9769515847271,126.34511330501648
2023-07-21,1320.849272500281,440.09638866315066,339.96062932459387,741.0337672579453,2439.8494196648894,544.9769515847271,126.37086541027945
2023-07-24,1320.849272500281,440.09638866315066,339.96062932459387,744.3443741326598,2450.7495737724407,547.4116644442414,126.3966704085966
2023-07-25,1320.849272500281,440.09638866315066,339.96062932459387,746.3763796035793,2457.4399401066553,548.9060580819875,126.4224806763082
2023-07-26,1320.849272500281,440.09638866315066,339.96062932459387,746.4911059171151,2457.8176758345917,548.9904310206845,126.44829621449028
2023-07-27,1320.849272500281,440.09638866315066,339.96062932459387,741.5418854284832,2441.522395821017,545.3506358942143,126.47411702421905
2023-07-28,1320.849272500281,440.09638866315066,339.96062932459387,748.8017769315006,2465.425546869061,550.6897630905235,126.499943106571
2023-07-31,1320.849272500281,440.09638866315066,339.96062932459387,750.2276017856067,2470.1200670063913,551.7383545539865,126.52577446262276
2023-08-01,1320.849272500281,440.09638866315066,339.96062932459387,748.0807661764334,2463.051623101953,550.1595116219428,126.55156339087817
2023-08-02,1320.849272500281,440.09638866315066,339.96062932459387,737.6743108533499,2428.788428760964,542.506313415116,126.57735757552358
2023-08-03,1320.849272500281,440.09638866315066,339.96062932459387,735.5602319427471,2421.8278360983027,540.9515606750714,126.60315701763041
2023-08-04,1320.849272500281,440.09638866315066,339.96062932459387,732.2334803243632,2410.8745255150106,538.5049745196588,126.62900945001805
2023-08-07,1308.9140500389317,440.09638866315066,339.6418833360653,734.2902485971925,2398.0489210316705,543.205348938891,126.65491489846434
2023-08-08,1292.629370758535,440.09638866315066,338.2291527249082,731.235989500882,2368.213915764106,540.843059366575,126.68087338881044
2023-08-09,1281.8582489849614,440.09638866315066,338.40750467767026,731.6215782817621,2348.4802465085495,537.2274307877044,126.70674169092263
2023-08-10,1284.4860048498351,440.09638866315066,337.6473959447766,729.978257896905,2353.2945329136096,537.4203432126982,126.73261527535594
2023-08-11,1276.383799378912,440.09638866315066,338.384830121925,731.5725569272357,2338.4505597077705,537.1069034721087,126.75849414318904
2023-08-14,1300.4165350875383,440.09638866315066,338.6696977842345,733.6972323747734,2382.4807051048624,540.0717914446032,126.78442608129247
2023-08-15,1290.8117485155128,440.09638866315066,335.72525703507273,724.8609595568157,2364.8838674247263,533.7805099084277,126.81036332448744
2023-08-16,1275.3983526879133,440.09638866315066,335.50040601569526,722.8361998953026,2336.6451322436724,529.863582129468,126.83630587385925
2023-08-17,1277.4695346664025,440.09638866315066,334.9127996489152,719.979915386519,2340.4397249509852,525.826050679312,126.8622537304934
2023-08-18,1276.666197403933,440.09638866315066,335.6508237651645,721.6746788868049,2338.9679384303718,526.0791313176028,126.88815907056839
2023-08-21,1297.8534031502031,440.09638866315066,336.272029586151,725.815708862432,2377.7848155797983,529.5019620048804,126.91416536534904
2023-08-22,1296.235146977422,440.09638866315066,336.25374415887643,724.1087555288462,2374.820023912251,528.0677365804316,126.94017699023591
2023-08-23,1320.6631515939196,440.09638866315066,337.21392740287956,733.0127102890884,2419.574337697642,533.9492557858218,126.96619394632145
2023-08-24,1288.3681059190117,440.09638866315066,335.919536174566,721.6242957129136,2360.406893178975,526.5492527506867,126.99226408973479
2023-08-25,1299.2321664131287,440.09638866315066,336.39843818225717,726.9704934317867,2380.31083457617,530.2612802753536,127.0184831535964
2023-08-28,1309.1916624421299,440.09638866315066,336.6960170967977,731.39588996755,2398.5575320622697,533.6238282159333,127.04470763069574
2023-08-29,1325.4675099832434,440.09638866315066,337.91392744707053,741.9399532091918,2428.3763567847045,541.3372709916579,127.0708896511049
2023-08-30,1324.4315174032872,440.09638866315066,337.8105750247719,743.999443960752,2426.4783246805437,543.5669308856782,127.09702918179923
2023-08-31,1297.8065557403588,440.09638866315066,336.6965798857518,740.7668762832351,2377.6989868879696,542.7714582383064,127.12317408961074
2023-09-01,1293.6393629952674,440.09638866315066,336.61719718077813,741.6315699945059,2370.064312887946,543.7838571470703,127.14922855176893
2023-09-05,1288.0684908121575,440.09638866315066,336.3785630231685,738.0059447126712,2350.8801492180337,541.4337081152546,127.17538419742164
2023-09-06,1288.0684908121575,440.09638866315066,336.3785630231685,733.0445860985035,2335.0759953859942,537.7938366331838,127.20149729415722
2023-09-07,1288.0684908121575,440.09638866315066,336.3785630231685,730.7940214105915,2327.9069368069295,536.1427231251431,127.2275678090059
2023-09-08,1288.0684908121575,440.09638866315066,336.3785630231685,731.894689504238,2331.4130586624096,536.9502217796143,127.25369162067433
2023-09-11,1288.0684908121575,440.09638866315066,336.3785630231685,736.7082065007966,2346.7462705913986,540.4816301309891,127.27986875524243
2023-09-12,1288.0684908121575,440.09638866315066,336.3785630231685,732.666838016059,2333.8726982109706,537.5167039806943,127.30605127466313
2023-09-13,1288.0684908121575,440.09638866315066,336.3785630231685,733.5211034136904,2336.5939168946998,538.1434307506719,127.33219120144962
2023-09-14,1288.0684908121575,440.09638866315066,336.3785630231685,739.8457168171947,2356.7406490562753,542.7834460676055,127.35833649558326
2023-09-15,1288.0684908121575,440.09638866315066,336.3785630231685,730.9318716200411,2328.346051590872,536.2438561181787,127.38453515646573
2023-09-18,1288.0684908121575,440.09638866315066,336.3785630231685,731.36066955355,2329.711965452588,536.5584411927775,127.41069119845571
2023-09-19,1288.0684908121575,440.09638866315066,336.3785630231685,729.8438489023463,2324.880210933013,535.4456346691842,127.4368526111018
2023-09-20,1288.0684908121575,440.09638866315066,336.3785630231685,723.1340458988623,2303.506477023328,530.523027274316,127.4631154467458
2023-09-21,1288.0684908121575,440.09638866315066,336.3785630231685,711.1818759267265,2265.433451556693,521.7543882756739,127.48938369476872
2023-09-22,1288.0684908121575,440.09638866315066,336.3785630231685,709.5828343125443,2260.3397863694586,520.5812608275821,127.51560931314158
2023-09-25,1288.953203240287,440.09638866315066,336.43347774514734,712.5435398061295,2256.3434577148246,522.7704522532681,127.54198447179178
2023-09-26,1278.531326452823,440.09638866315066,336.3579254943624,702.1851937726685,2233.9511877600576,515.0902241638179,127.56831703196683
2023-09-27,1287.2626514248225,440.09638866315066,336.34751408580837,702.4363178176161,2249.3334701674125,515.2958116185164,127.59465502881218
2023-09-28,1305.4585868445859,440.09638866315066,336.4123682587278,706.540047341579,2282.7775418510582,518.2832244931968,127.62090230236726
2023-09-29,1294.0948917993412,440.09638866315066,336.3438314926043,704.7254603936011,2262.220724797328,517.0253805062051,127.6471549752031
2023-10-02,1286.6916001854966,440.09638866315066,336.3064191027334,704.3902082650621,2250.413667708771,516.8197548737064,127.6735573425827
2023-10-03,1282.5034632379325,440.09638866315066,336.27503159011707,694.9374342686889,2224.279644662626,509.9015556785517,127.69996517099277
2023-10-04,1297.1711226675538,440.09638866315066,336.3241888629508,700.0784398919939,2260.0064197834245,513.6146521816274,127.72633034816279
2023-10-05,1293.5666635101666,440.09638866315066,336.31082397065006,699.7880605837696,2253.182566341242,513.4212434452296,127.7527009687373
2023-10-06,1298.2591895278306,440.09638866315066,336.35477466922026,708.1510717453964,2277.9607972553194,519.5169401103892,127.77917329582824
2023-10-09,1291.9127349686294,440.09638866315066,336.3312290478028,712.6303977603051,2281.917507463556,522.842951896067,127.80565110839305
2023-10-10,1294.590665531382,440.09638866315066,336.3446537136011,716.3587588929149,2297.005781014023,525.5642273247488,127.83203810568227
2023-10-11,1291.402650615272,440.09638866315066,336.32867195686555,719.2525222824503,2299.658628477942,527.7170353067344,127.85843055088105
2023-10-12,1290.7650574659492,440.09638866315066,336.3254756548165,714.8713146145874,2286.2440478155054,524.4998684297557,127.8848766182191
2023-10-13,1286.4293527547852,440.09638866315066,336.30374044347207,711.2736407488248,2268.6719809151537,521.8875142653737,127.91132815562645
2023-10-16,1289.0277782285527,440.09638866315066,336.31676654432476,718.7749221637187,2295.4926899302427,527.3784745735373,127.93773697119941
2023-10-17,1289.0277782285527,440.09638866315066,336.31676654432476,718.7418289812175,2295.3870029395375,527.3541934925366,127.96419944217172
2023-10-18,1289.0277782285527,440.09638866315066,336.31676654432476,709.1645787120868,2264.800921950175,520.3271875664831,127.99061917365083
2023-10-19,1289.0277782285527,440.09638866315066,336.31676654432476,702.9335903402058,2244.9015239360706,515.7553959787132,128.01699613232847
2023-10-20,1289.0277782285527,440.09638866315066,336.31676654432476,694.295957507563,2217.316222314881,509.4178047707552,128.04328203840143
2023-10-23,1289.0277782285527,440.09638866315066,336.31676654432476,693.0925832438762,2213.473104336825,508.53486678286083,128.06962159823482
2023-10-24,1289.0277782285527,440.09638866315066,336.31676654432476,698.3179759474901,2230.161013699401,512.3688342017351,128.09591830996715
2023-10-25,1289.0277782285527,440.09638866315066,336.31676654432476,688.2957368469914,2198.1538082689813,505.0153317273842,128.12226869751598
2023-10-26,1289.0277782285527,440.09638866315066,336.31676654432476,680.0535571385765,2171.8314329518184,498.96789180182327,128.14862450555697
2023-10-27,1289.0277782285527,440.09638866315066,336.31676654432476,676.9710520685255,2161.987088586444,496.70620073333833,128.17498573520518
2023-10-30,1289.0277782285527,440.09638866315066,336.31676654432476,685.0648848220492,2187.835700365083,502.64479575019993,128.20140068908285
2023-10-31,1289.0277782285527,440.09638866315066,336.31676654432476,689.36715464712,2201.5755076803252,505.8014508136787,128.22782108668872
2023-11-01,1289.0277782285527,440.09638866315066,336.31676654432476,696.7191485595755,2225.0549694173183,511.19574493144364,128.2541502817398
2023-11-02,1289.0277782285527,440.09638866315066,336.31676654432476,710.0714151659084,2267.6970113747248,520.99255027038,128.28033984783514
2023-11-03,1289.0277782285527,440.09638866315066,336.31676654432476,716.5495617404318,2288.3857383288464,525.745686409648,128.30648639777692
2023-11-06,1289.0277782285527,440.09638866315066,336.31676654432476,718.1980289020983,2293.6503130969872,526.9551973014404,128.33273502029354
2023-11-07,1289.0277782285527,440.09638866315066,336.31676654432476,720.2419491879928,2300.1778141691548,528.4548594756299,128.35894063343451
2023-11-08,1289.0277782285527,440.09638866315066,336.31676654432476,720.769566909002,2301.862823737948,528.8419823708281,128.38515159777572
2023-11-09,1289.0277782285527,440.09638866315066,336.31676654432476,715.1483568480195,2283.9108248497496,524.7175964249544,128.41131951081695
2023-11-10,1289.0277782285527,440.09638866315066,336.31676654432476,726.3080960470376,2319.5507713238967,532.9057037920005,128.43744433945454
2023-11-13,1289.0277782285527,440.09638866315066,336.31676654432476,725.6158449464155,2317.339985593795,532.3977863366043,128.4636713342945
2023-11-14,1289.0277782285527,440.09638866315066,336.31676654432476,739.6932997359543,2362.2980017484674,542.7266756785365,128.48980681372535
2023-11-15,1289.0277782285527,440.09638866315066,336.31676654432476,741.259242074591,2367.2990237378995,543.8756365790285,128.51594761032706
2023-11-16,1289.0277782285527,440.09638866315066,336.31676654432476,742.165974461801,2370.194780813422,544.5409229273248,128.5420452631056
2023-11-17,1289.0277782285527,440.09638866315066,336.31676654432476,743.0890453070384,2373.1427166862422,545.2181971049201,128.56814821551814
2023-11-20,1289.0277782285527,440.09638866315066,336.31676654432476,748.8090666157722,2391.4102809759333,549.4150826935927,128.59435342757348
2023-11-21,1289.0277782285527,440.09638866315066,336.31676654432476,747.1770419787447,2386.1982173541182,548.2176359867,128.62051549381385
2023-11-22,1289.0277782285527,440.09638866315066,336.31676654432476,750.0617684533757,2395.4109323929656,550.3342132361861,128.646731379552
2023-11-24,1289.0277782285527,440.09638866315066,336.31676654432476,750.5233559093002,2396.885066503889,550.6728885027841,128.67300111091748
2023-11-27,1278.5810490556262,440.09638866315066,336.1976361352307,748.8116370298812,2372.878126106658,549.6811437839907,128.6992762065762
2023-11-28,1275.6998774979027,440.09638866315066,336.08413273203035,748.5588313583835,2367.531050947103,550.2254065052872,128.72550814559978
2023-11-29,1273.030638032506,440.09638866315066,336.67526577786583,749.8754596037295,2362.5772938540667,549.8384363212903,128.7516483537046
2023-11-30,1279.2515387476956,440.09638866315066,339.7138691842311,756.6433286975207,2374.1224667178894,552.0033466659756,128.77779387008516
2023-12-01,1300.174209863206,440.09638866315066,344.45805949492285,767.2100446142904,2412.952190235525,555.2689993493549,128.80384756040053
2023-12-04,1299.9121483360448,440.09638866315066,342.4866601142984,764.2407380068192,2414.7407138173694,552.354047939673,128.83005224748104
2023-12-05,1297.1634320473863,440.09638866315066,342.4960875001667,764.1133540329058,2409.4031757663793,552.245241208774,128.856213685291
2023-12-06,1295.8945276330087,440.09638866315066,342.4991167038266,761.085412038057,2402.1899841635295,550.0197808727884,128.88238043568776
2023-12-07,1299.9765459934042,440.09638866315066,342.54961488865797,766.9207424225316,2418.926780474504,554.2166282836606,128.90850389489674
2023-12-08,1297.5749648764618,440.09638866315066,342.51714731029995,770.0976362610079,2419.673155681029,556.5993811569458,128.93463264912833
2023-12-11,1300.6073378074248,440.09638866315066,344.3612917499115,773.0173186304102,2423.4032052586717,558.7642915016312,128.96086394397244
2023-12-12,1278.037381449884,440.09638866315066,343.10569238212094,770.1987670689632,2381.3489257006154,561.3163247415148,128.9871005754807
2023-12-13,1309.8819049654169,440.09638866315066,347.6510021646082,780.4020136724017,2440.684374697524,569.056950111064,129.01324526065002
2023-12-14,1359.4913524308508,440.09638866315066,349.0460186038928,783.5335266884587,2533.1209545199317,570.8832233669517,129.0393465863335
2023-12-15,1353.446621689861,440.09638866315066,346.5363882519813,777.8999442508684,2521.8578934662123,569.9433241009868,129.06550186136414
2023-12-18,1347.9214924943153,440.09638866315066,348.39885738660234,782.08078841358,2511.562998602304,573.1491903490721,129.09175978108647
2023-12-19,1370.281430985205,440.09638866315066,350.695603474469,787.2364912900435,2553.2259548482366,576.6344799176658,129.11787699144182
2023-12-20,1347.5661568576327,440.09638866315066,345.59025501430654,775.7760778466687,2510.9009067504085,568.6438663116513,129.14404818397668
2023-12-21,1362.1888952244385,440.09638866315066,348.4228488636312,782.134644139201,2538.147247746389,574.0357552279964,129.17012726030944
2023-12-22,1365.8510498627275,440.09638866315066,349.63173985202,784.8483453964242,2544.9708885414225,575.1892974645264,129.19630904356868
2023-12-26,1370.7375271007118,440.09638866315066,351.1064317182744,788.1587126751152,2554.075792271181,577.6180927649918,129.22254485691622
2023-12-27,1367.289157169044,440.09638866315066,351.1596006050532,788.2780654342004,2547.650493487761,578.6625228482204,129.24873726481587
2023-12-28,1374.8680649040612,440.09638866315066,351.6637219991905,789.4097099531884,2561.7721647743174,578.8810907550261,129.27498372472945
2023-12-29,1373.2717471976262,440.09638866315066,350.83667813299087,787.55317367238,2558.797768633429,577.2052762101814,129.30099170377198
2024-01-02,1387.841019921237,440.09638866315066,352.76821827222153,791.8890674415878,2585.944487854778,573.9749761698943,129.32710247294764
2024-01-03,1378.6666506989934,440.09638866315066,349.54932793672486,784.663348303799,2568.85001580844,569.2875058471687,129.35331607386536
2024-01-04,1370.9968162509176,440.09638866315066,348.860413331122,783.1168826180581,2554.558922067108,567.4537497424192,129.37953498807673
2024-01-05,1381.9895704801659,440.09638866315066,350.6068857021323,787.0373388994251,2575.041565105776,568.2310115790405,129.4057592166587
2024-01-08,1387.6258430435041,440.09638866315066,350.03823567553985,795.4707819095686,2601.7838294010207,576.3430305900579,129.43203756292138
2024-01-09,1389.8519395447847,440.09638866315066,350.0029449527331,794.2137445889085,2603.9600332463297,575.4686826072345,129.45827243336822
2024-01-10,1394.9792286797706,440.09638866315066,350.02517684034865,798.6478502779565,2620.846276944035,578.7231873729216,129.48446379476195
2024-01-11,1389.814238031729,440.09638866315066,349.92903639542857,798.0886382307514,2610.6501334665,578.468197844615,129.5106604550632
2024-01-12,1376.4721477559178,440.09638866315066,349.70218521586196,798.1194666393553,2586.699358429646,578.8689120367255,129.53681356430369
2024-01-16,1365.622370687131,440.09638866315066,349.57462240940475,794.9489144618112,2560.1915512733185,576.7437829599688,129.56297195484777
2024-01-17,1365.622370687131,440.09638866315066,349.57462240940475,790.5300361523699,2545.960228092513,573.5378403562828,129.58923336468064
2024-01-18,1365.622370687131,440.09638866315066,349.57462240940475,797.5600172044992,2568.6008000435518,578.6381654116192,129.61540234076853
2024-01-19,1365.622370687131,440.09638866315066,349.57462240940475,807.5024670897513,2600.62119246388,585.8515171810124,129.64157660136416
2024-01-22,1365.622370687131,440.09638866315066,349.57462240940475,809.2098925369903,2606.120081920707,587.0902722678463,129.66775614753473
2024-01-23,1365.622370687131,440.09638866315066,349.57462240940475,811.5698831819735,2613.720605678213,588.8024702563916,129.69389206542104
2024-01-24,1365.622370687131,440.09638866315066,349.57462240940475,812.4571424190647,2616.5780894249865,589.4461861475096,129.72003325128009
2024-01-25,1365.622370687131,440.09638866315066,349.57462240940475,816.8759681065242,2630.8092431328223,592.6520905733953,129.74617970617368
2024-01-26,1365.622370687131,440.09638866315066,349.57462240940475,815.8381573791704,2627.4668972189456,591.8991479955748,129.77233143116385
2024-01-29,1365.622370687131,440.09638866315066,349.57462240940475,822.2991895628205,2648.2751274185994,596.586694673901,129.7985373816886
2024-01-30,1365.622370687131,440.09638866315066,349.57462240940475,821.663042423434,2646.2263686845536,596.1251632458881,129.82469965992615
2024-01-31,1365.622370687131,440.09638866315066,349.57462240940475,808.2558033828653,2603.0473675020635,586.3980705703277,129.85091618558036
2024-02-01,1365.622370687131,440.09638866315066,349.57462240940475,818.834400407504,2637.116518656437,594.0729537677338,129.87713800534445
2024-02-02,1365.622370687131,440.09638866315066,349.57462240940475,827.4545651311628,2664.878394287196,600.3269737708014,129.903414109562
2024-02-05,1365.622370687131,440.09638866315066,349.57462240940475,824.4415883125798,2655.174880445252,598.1410274581422,129.92964653064593
2024-02-06,1365.622370687131,440.09638866315066,349.57462240940475,826.8352570259896,2662.8838669035426,599.8776592388892,129.95593325813027
2024-02-07,1365.622370687131,440.09638866315066,349.57462240940475,833.7314203781057,2685.0934690919316,604.8808981480236,129.98222530381608
2024-02-08,1365.622370687131,440.09638866315066,349.57462240940475,834.0996163855742,2686.279271462857,605.1480282168304,130.00852266877934
2024-02-09,1365.622370687131,440.09638866315066,349.57462240940475,838.9202109049648,2701.804351296463,608.6454201481241,130.03487438828728
2024-02-12,1365.622370687131,440.09638866315066,349.57462240940475,838.5519622755144,2700.6183794525678,608.3782519015169,130.06118240495454
2024-02-13,1365.622370687131,440.09638866315066,349.57462240940475,827.0025949284834,2663.422790948068,599.9990646438922,130.0875938475925
2024-02-14,1365.622370687131,440.09638866315066,349.57462240940475,834.5180663857728,2687.62692052011,605.4516180849386,130.11391253020167
2024-02-15,1365.622370687131,440.09638866315066,349.57462240940475,840.2760162690389,2706.1708223679075,609.6290711732505,130.14023653747736
2024-02-16,1365.622370687131,440.09638866315066,349.57462240940475,836.0915162670528,2692.6943317953774,606.5931724921695,130.1666149543652
2024-02-20,1365.622370687131,440.09638866315066,349.57462240940475,831.4884610209043,2677.8698532196536,603.2536075873796,130.19299871795366
2024-02-21,1365.622370687131,440.09638866315066,349.57462240940475,832.2416920700546,2680.295689311897,603.8000846210945,130.2193878293264
2024-02-22,1365.622370687131,440.09638866315066,349.57462240940475,849.4653403491046,2735.765717641932,616.2960222645296,130.24583139864055
2024-02-23,1365.622370687131,440.09638866315066,349.57462240940475,850.0511282517972,2737.65229074371,616.7210175376407,130.27232945223125
2024-02-26,1362.5301616094748,440.09638866315066,349.5135989398033,846.8715618623801,2724.1951780529025,614.4623425153807,130.2988328967572
2024-02-27,1367.2484631017803,440.09638866315066,349.6383655421405,848.7108935462744,2737.46021820191,615.6037442114103,130.3252925989313
2024-02-28,1368.9217210987727,440.09638866315066,349.6663796187195,847.6845263565343,2738.109340548265,614.7902134644894,130.35170852524797
2024-02-29,1372.8641876273346,440.09638866315066,349.76220528162725,850.891347917782,2753.3751670337574,617.0003645025485,130.37817896484276
2024-03-01,1381.2698331396077,440.09638866315066,349.97080890881136,859.192531695831,2789.518992727653,622.7929294332038,130.4045564372046
2024-03-04,1392.7608618979104,440.09638866315066,350.4356549051442,859.2538880186042,2808.3570195243865,622.1250088166857,130.43098842968672
2024-03-05,1376.2585272321141,440.09638866315066,349.86190310345967,851.2341682020119,2775.0817827877104,615.907410435119,130.45737658619996
2024-03-06,1391.517332232613,440.09638866315066,350.60461048727973,856.3741072966828,2805.849571648686,619.0282928997023,130.4838192849167
2024-03-07,1409.4416271803325,440.09638866315066,351.198246363309,864.3650404608168,2841.992042990003,625.1730098604668,130.51026734336347
2024-03-08,1418.865525328015,440.09638866315066,351.85683754090735,861.9879676077256,2860.994350735974,621.4206665786668,130.53672076262663
2024-03-11,1437.4414804428834,440.09638866315066,352.3808412458115,862.7699869368802,2898.4508268392174,620.8863682632527,130.56317954379273
2024-03-12,1454.475265925289,440.09638866315066,353.22164589263537,872.618736086681,2932.7976787197313,627.5654217172317,130.58969292667442
2024-03-13,1436.424246013364,440.09638866315066,352.7180818134724,870.2396586853341,2896.3996797049194,626.5816943365047,130.61621169361214
2024-03-14,1431.1527705848207,440.09638866315066,352.7631526184408,868.9047629175828,2885.7702992936793,625.3431301386722,130.6427358456992
2024-03-15,1406.6854231991206,440.09638866315066,351.5345441543129,860.8905699955486,2836.434445121171,621.0491584037976,130.66926538402922
2024-03-18,1426.3121800162605,440.09638866315066,352.07517234010464,866.1450806453652,2868.195439372682,624.7401117826905,130.69580030969587
2024-03-19,1426.3121800162605,440.09638866315066,352.07517234010464,870.9583789398338,2884.1344321869674,628.2118864099725,130.72229133505274
2024-03-20,1426.3121800162605,440.09638866315066,352.07517234010464,879.0140121873387,2910.8102525062804,634.0223185511753,130.748787729935
2024-03-21,1426.3121800162605,440.09638866315066,352.07517234010464,881.9190240482272,2920.430051725732,636.1176689436861,130.77533880415453
2024-03-22,1426.3121800162605,440.09638866315066,352.07517234010464,880.2469643462108,2914.893110953513,634.9116322317225,130.80184595134753
2024-03-25,1426.3121800162605,440.09638866315066,352.07517234010464,877.8150411088305,2906.83992068063,633.1575150184309,130.8283091379318
2024-03-26,1426.3121800162605,440.09638866315066,352.07517234010464,876.1937942372648,2901.471244015449,631.9881289947699,130.85472833036434
2024-03-27,1426.3121800162605,440.09638866315066,352.07517234010464,883.5571026698797,2925.8544658763694,637.2991955078473,130.88115285783283
2024-03-28,1426.3121800162605,440.09638866315066,352.07517234010464,883.3882558686947,2925.295338270691,637.1774083248412,130.9076320894006
2024-04-01,1426.3121800162605,440.09638866315066,352.07517234010464,881.8513794676898,2920.2060501332376,636.068877714883,130.9341166781164
2024-04-02,1426.3121800162605,440.09638866315066,352.07517234010464,876.244501207652,2901.6391575722637,632.0247033274721,130.96055723710015
2024-04-03,1426.3121800162605,440.09638866315066,352.07517234010464,877.2069279744061,2904.8261849246305,632.7188902706072,130.98700313543455
2024-04-04,1426.3121800162605,440.09638866315066,352.07517234010464,866.499764787917,2869.3699578948294,624.995941222604,131.01340496160807
2024-04-05,1426.3121800162605,440.09638866315066,352.07517234010464,875.5519646726351,2899.345858013425,631.5251849881453,131.0399109497715
2024-04-08,1426.3121800162605,440.09638866315066,352.07517234010464,876.0417791861665,2900.967853895227,631.8784823522641,131.06642230049616
2024-04-09,1426.3121800162605,440.09638866315066,352.07517234010464,877.0550717134031,2904.3233206297427,632.6093581615022,131.09293901486697
2024-04-10,1426.3121800162605,440.09638866315066,352.07517234010464,868.2730267105809,2875.2420246802326,626.2749738887707,131.1195599756718
2024-04-11,1426.3121800162605,440.09638866315066,352.07517234010464,874.8258704975082,2896.9414340338967,631.0014619234186,131.14618634237843
2024-04-12,1426.3121800162605,440.09638866315066,352.07517234010464,862.7505718511355,2856.954695922098,622.2916930928628,131.17281811608464
2024-04-15,1414.706869622841,440.09638866315066,352.0484132047331,851.9353397395698,2819.5977806955825,614.4954808460544,131.19945529788836
2024-04-16,1429.0743729719288,440.09638866315066,352.0846278267543,850.476275340537,2845.3974211408286,613.3747333399954,131.22609788888792
2024-04-17,1428.6571250087127,440.09638866315066,352.0831738462708,845.4570895755214,2834.142887278712,609.7447499082062,131.2527458901817
2024-04-18,1428.036183836791,440.09638866315066,352.0693613472592,843.6892531318495,2829.289914800076,608.4899983230401,131.27939930286834
2024-04-19,1383.1476055815608,440.09638866315066,351.96716000268344,836.0982947337109,2723.4062670825588,603.1788936321624,131.30605812804677
2024-04-22,1380.0813364652454,440.09638866315066,351.9357459484744,843.5670489687463,2726.067778802109,608.7336872224535,131.33257379610137
2024-04-23,1440.8267800984734,440.09638866315066,352.39657228626703,854.2811968603734,2846.057950556564,615.957270642331,131.35924341939074
2024-04-24,1443.7987135867927,440.09638866315066,352.38042543210724,853.853485550243,2851.928395949297,615.6648668697153,131.38596799271784
2024-04-25,1466.1597205697092,440.09638866315066,352.6675416688718,851.4265013613215,2896.0979814853395,613.3260184667929,131.41269800306483
2024-04-26,1503.9405164135378,440.09638866315066,353.0179203829985,859.9964712705446,2970.726199030223,619.1366796747976,131.43938389712662
2024-04-29,1517.3090026728657,440.09638866315066,353.044522274304,862.9628638776123,2996.0869040122325,621.3292689247118,131.4660752102761
2024-04-30,1502.5855147218413,440.09638866315066,352.9959872398041,849.2618931877441,2937.6288143982524,611.4866884031973,131.49277194361383
2024-05-01,1484.0374165191763,440.09638866315066,352.95776850974937,846.428495010162,2895.074655902339,609.5011373643937,131.51952368284677
2024-05-02,1493.4887941806528,440.09638866315066,353.0018988677658,854.4034146523464,2930.7576071698386,615.2020755742919,131.54623126993226
2024-05-03,1498.5542929677717,440.09638866315066,353.0371301469058,865.012470371423,2963.5256025030117,622.8276330536904,131.5729442805107
2024-05-06,1531.0910446048117,440.09638866315066,353.157458834358,874.1130120393982,3038.253178312862,629.2594470728269,131.59966271568342
2024-05-07,1523.5078727445357,440.09638866315066,353.07415200900056,874.8529602937194,3023.6286884002525,629.9538249049635,131.626386576552
2024-05-08,1530.4707400966297,440.09638866315066,353.127819145305,875.0679069270453,3037.4725205035165,630.0146803186663,131.6531158642182
2024-05-09,1523.5344353345333,440.09638866315066,353.080204391261,879.8910548805277,3025.8777282589836,633.6446637504554,131.67985057978407
2024-05-10,1532.6344539247307,440.09638866315066,353.1580990947414,881.193823866457,3044.409173394058,634.4609814767994,131.70664037950363
2024-05-13,1538.5808882484118,440.09638866315066,353.2025555260602,881.3580012111175,3050.632784676995,634.5461943271034,131.73338596425924
2024-05-14,1560.9774890017657,440.09638866315066,353.21250735126114,885.4215301649209,3103.8754339543366,637.4574424901547,131.76008730018324
2024-05-15,1607.528177723484,440.09638866315066,353.23997416929694,896.4409736841673,3220.076245078393,645.3512753723696,131.7868437383714
2024-05-16,1591.3299062053252,440.09638866315066,353.23279124005023,894.5809748359337,3183.9055766602014,644.0234514773998,131.8136056099727
2024-05-17,1589.3826181905738,440.09638866315066,353.2258289436264,895.8478751122469,3182.818807546452,644.9492631350483,131.84037291609047
2024-05-20,1615.6881467705355,440.09638866315066,353.9798653189339,898.3424068429405,3234.8704202837366,645.6922794847868,131.86714565782827
2024-05-21,1625.105303961277,440.09638866315066,354.4259764542784,900.8982143449272,3253.725100439919,647.2759709974705,131.89392383628993
2024-05-22,1611.962328459177,440.09638866315066,353.94635841842194,898.0054648040867,3227.4107261151207,645.4121307860723,131.92070745257948
2024-05-23,1613.855231008106,440.09638866315066,353.19864807366105,891.8692189571645,3231.200624850375,640.697936003126,131.94754625377766
2024-05-24,1633.9392188857928,440.09638866315066,354.38849150149844,898.6995773003679,3271.412034729644,644.9370462389475,131.974390515235
2024-05-28,1641.7990637004164,440.09638866315066,353.811130335225,897.6768960051025,3287.148722251718,645.3877733494711,132.00124023806234
2024-05-29,1623.0570387964308,440.09638866315066,352.39337560649335,890.7483296572564,3249.6241404818334,640.8685144149352,132.02809542337081
2024-05-30,1580.8434500729581,440.09638866315066,350.2674643938259,882.2195019009414,3165.105670894411,636.6169963940113,132.05495607227175
2024-05-31,1558.471545267177,440.09638866315066,349.81050844537276,885.3319204128511,3120.3134792537903,642.4154025281149,132.0817723892763
2024-06-03,1556.263526299382,440.09638866315066,348.7883415642715,883.1907962042787,3115.8926662023223,642.9392783040428,132.10864395856606
2024-06-04,1556.965651005595,440.09638866315066,349.30302602781,884.9876016436513,3117.2984340468283,643.6580899283813,132.13547117793595
2024-06-05,1615.4431308209691,440.09638866315066,354.272546581657,902.8221274917307,3234.3798585071136,651.3078521331798,132.1623038450925
2024-06-06,1601.624050684182,440.09638866315066,353.96459484133334,902.0331855385956,3206.7118127525064,651.2957879482801,132.1891419611419
2024-06-07,1595.0083693801632,440.09638866315066,353.14468327234704,899.4126889501495,3193.4661429101116,650.5040567253393,132.21603537439117
2024-06-10,1601.3228119681294,440.09638866315066,352.6899720896324,901.4811862695619,3212.694693832048,652.5138124895428,132.24288440166848
2024-06-11,1599.0214527944117,440.09638866315066,352.6406285209797,903.5068455980772,3211.9315768983734,654.0854398173269,132.26973888116086
2024-06-12,1613.268385750886,440.09638866315066,352.686630707448,910.976944022088,3253.586380422438,659.4574380997076,132.29659881397558
2024-06-13,1672.4430574530668,440.09638866315066,353.0318333979919,913.6725230842502,3375.28089524967,660.7851092834762,132.32346420122
2024-06-14,1682.1424762279698,440.09638866315066,352.9874685569876,914.1100146929243,3395.679162755696,661.187197876398,132.3503350440017
2024-06-17,1695.9272287063636,440.09638866315066,353.046137032709,921.5431865919186,3451.956348597622,666.4495495162729,132.37721134342857
2024-06-18,1695.9272287063636,440.09638866315066,353.046137032709,923.8845699354291,3460.7268036503283,668.1428113158618,132.40404317776498
2024-06-20,1695.9272287063636,440.09638866315066,353.046137032709,921.3748891059176,3451.3259325913987,666.3278386888674,132.43088045070613
2024-06-21,1695.9272287063636,440.09638866315066,353.046137032709,920.1395813353967,3446.6986632859935,665.4344781614869,132.4576732155436
2024-06-24,1705.4110771139985,440.09638866315066,353.0712834487761,917.2214104101877,3456.847274380414,663.2713239956161,132.48452135887757
2024-06-25,1695.1254872340764,440.09638866315066,353.0450326534718,920.6730282391163,3445.872744491986,665.8254951923174,132.51132497608
2024-06-26,1712.4359537573566,440.09638866315066,353.0867866107525,921.9271263106934,3484.2650512548685,666.656549549583,132.53818399420985
2024-06-27,1706.2940948503287,440.09638866315066,353.0743018547983,923.3429689553967,3475.870054948524,667.7075080366656,132.56499846817286
2024-06-28,1707.2443248566358,440.09638866315066,353.0786064979051,919.7331524091774,3467.595931238068,665.0800354633586,132.59176836398078
2024-07-01,1684.7907651312698,440.09638866315066,352.78058899990907,920.8430032785197,3427.3184262660875,666.448709604666,132.61864368736167
2024-07-02,1695.6776745593454,440.09638866315066,352.8904333736671,926.9102663092608,3449.465333799158,670.9339139413205,132.64552445816216
2024-07-03,1716.9330488824924,440.09638866315066,353.12541711019674,931.3825868073797,3492.704492977022,673.927969753256,132.67241067748648
2024-07-05,1716.0890218976142,440.09638866315066,353.17666028514174,936.5247260215036,3490.9875146451077,677.8140880473611,132.69925230753236
2024-07-08,1734.4864838099766,440.09638866315066,353.2239578227766,937.5849628335391,3528.4129098417943,678.5962748202231,132.72609936804486
2024-07-09,1717.1987063892668,440.09638866315066,351.89870708725493,934.5880488859513,3493.244911934013,679.2562162764752,132.75295186012272
2024-07-10,1712.8914253065839,440.09638866315066,352.3578165209632,941.116921645777,3484.4827415047157,685.9776470888044,132.7798097848648
2024-07-11,1677.8952845089602,440.09638866315066,349.96521669569506,930.0921375221077,3413.2911605165846,680.0626841303379,132.8065729703212
2024-07-12,1691.2415044993797,440.09638866315066,351.2677351797636,936.9388367531917,3440.440968457634,684.3521890625756,132.83334155018287
2024-07-15,1696.9566980506936,440.09638866315066,352.88687566640726,942.8866463998859,3452.067212246172,686.2342782625244,132.86006541170383
2024-07-16,1685.292798875881,440.09638866315066,353.3142455235479,945.1772071434735,3428.3396981884657,690.3036499981436,132.88679464962178
2024-07-17,1581.7283159155586,440.09638866315066,343.52304303328185,916.2795978944371,3217.6616317467983,680.6250431289837,132.91352926501833
2024-07-18,1572.534443685241,440.09638866315066,340.8483874976983,907.6556473541556,3198.9588181061695,675.3944554189712,132.9403194030608
2024-07-19,1531.6117211670166,440.09638866315066,338.23828750185857,899.4145984178201,3115.7109728292185,670.9093274379173,132.96706478674855
2024-07-22,1542.6434949151285,440.09638866315066,341.09043423756935,909.4348579502503,3138.152573426641,677.8264576546633,132.99376538213065
2024-07-23,1552.9596989897418,440.09638866315066,341.3743112783184,909.6015133964211,3159.138512479606,676.7632059158792,133.02042115529642
2024-07-24,1466.6026247890325,440.09638866315066,335.9214441057739,886.5800607349147,2983.464952431657,661.4260381951711,133.0470822710452
2024-07-25,1474.1994313795742,440.09638866315066,336.65357850930343,886.6196149896659,2998.9189041907734,657.9797281606996,133.0736985217166
2024-07-26,1499.6554441891153,440.09638866315066,339.4680799903813,898.198949530515,3050.703294019505,665.3489598887804,133.10026987347325
2024-07-29,1493.4901231041647,440.09638866315066,339.9832714633274,898.7789392569467,3038.161369529166,665.7399769196109,133.1267962925184
2024-07-30,1432.7899239831581,440.09638866315066,338.75280090500445,891.8234186174575,2914.680807294937,662.3669682617448,133.15327774509552
2024-07-31,1523.3261422710214,440.09638866315066,340.89854129095227,909.3058619470416,3098.855872593485,673.133566084293,133.1798147284244
2024-08-01,1440.1153587335195,440.09638866315066,338.66405031283807,892.9412045547291,2929.5827156030387,663.6014092571431,133.20620616687916
2024-08-02,1367.0303825955905,440.09638866315066,335.4344971440017,870.8472637771468,2780.9081795212687,651.2462331634707,133.2322506535146
2024-08-05,1346.6244254730454,440.09638866315066,337.45727716596974,853.4267958485186,2739.3969638266335,632.2793492555759,133.25850154699236
2024-08-06,1365.1539183014459,440.09638866315066,338.94031406519923,862.5389296025968,2777.090945485653,638.1088321191362,133.28475761271184
2024-08-07,1312.2519103410787,440.09638866315066,335.97761624062025,851.1594920850648,2669.4740054943445,633.8435700900986,133.3110188516922
2024-08-08,1372.8758536084126,440.09638866315066,340.16763539033076,875.2238024008936,2792.799442773112,648.4964389179534,133.33728526495267
2024-08-09,1347.3608807848993,440.09638866315066,339.57194854453684,876.3727980452982,2740.895112387676,651.3560325171778,133.36355685351276
2024-08-12,1340.6375080085354,440.09638866315066,339.105124087513,875.1587944859522,2727.2179603756913,651.6983346748058,133.3897328714302
2024-08-13,1384.8930459497174,440.09638866315066,340.40248376327304,890.9269421874501,2817.2456503353483,662.4159885573497,133.41586363652976
2024-08-14,1385.6375242788035,440.09638866315066,340.5493782486483,893.7272362718205,2818.7601198754483,664.5056886354137,133.44204992099466
2024-08-15,1446.5136976184049,440.09638866315066,341.93404824100537,910.499565457591,2942.5986610910563,675.89542451471,133.46834215144747
2024-08-16,1438.7979582794019,440.09638866315066,341.9785462297899,912.3699850527872,2926.9027680720965,677.4108541204297,133.49458915161597
2024-08-19,1450.9252822270983,440.09638866315066,342.0733831162768,921.0590899846245,2960.654060670317,683.887794299539,133.52074045783792
2024-08-20,1443.6117524566407,440.09638866315066,342.08150859250185,919.6087473212667,2943.9826167432875,682.7757513319518,133.54679599265108
2024-08-21,1469.2956761453092,440.09638866315066,342.2938782857511,923.2814528723168,3000.011295267043,685.1220062281354,133.5727556787766
2024-08-22,1442.523786959517,440.09638866315066,342.1602511697455,915.8070424387244,2936.8734818710964,679.7449684761131,133.5988213639559
2024-08-23,1463.5857841726724,440.09638866315066,342.3301384594723,925.8210934258585,2991.379384957203,686.9674447397815,133.62474066965393
2024-08-26,1428.34386172516,440.09638866315066,341.9416018949477,922.6556851498107,2920.8245323837004,685.3299225286531,133.65051346541992
2024-08-27,1420.8599515262024,440.09638866315066,341.85975667869167,923.659075546022,2905.520662571237,686.2708525952266,133.6762912320992
2024-08-28,1370.0819861477005,440.09638866315066,341.2291117023901,916.7632073223704,2801.6846529405284,682.2869991323141,133.7019728820373
2024-08-29,1380.6449225535591,440.09638866315066,341.44642653262235,917.4313379712503,2823.2848324316046,682.3479309016175,133.72776057392227
2024-08-30,1405.3716216787748,440.09638866315066,341.5770364404892,926.266463161139,2873.8485316535625,688.8616744802308,133.7535532395936
2024-09-03,1368.3410213720836,440.09638866315066,341.37376747093583,906.9361634481907,2770.7509466051606,674.6855700227148,133.7793003088899
2024-09-04,1354.5754544490815,440.09638866315066,341.2568247605246,904.7807135992654,2739.0412554138466,673.3045262741053,133.8050017487476
2024-09-05,1352.8837531541012,440.09638866315066,341.21073399743506,902.47470630163,2731.3510697982056,671.6670804185776,133.8306069211671
2024-09-06,1336.2226509416114,440.09638866315066,341.04957673446563,886.9785086159369,2668.076162932901,660.3628628119877,133.8561663739739
2024-09-09,1349.9901950444466,440.09638866315066,341.14558654285634,897.0263376592632,2709.831960557944,667.7562992654687,133.88152814361396
2024-09-10,1350.3235104835967,440.09638866315066,341.15871663704564,900.8689092239842,2711.970079160339,670.6649131602982,133.90669203860193
2024-09-11,1388.4057137402742,440.09638866315066,341.5081711664507,910.792990464838,2791.857388370361,677.5451636219394,133.93206338135542
2024-09-12,1366.3888210378639,440.09638866315066,341.4707837071475,918.1673437472042,2750.5637576310814,683.25243934669,133.95723677476659
2024-09-13,1398.1529583852753,440.09638866315066,341.6909789053435,923.4166143273786,2816.100929951454,686.820918342171,133.98205982369242
2024-09-16,1424.144213906484,440.09638866315066,341.80782238883546,925.0302200620496,2869.4557044636385,687.83514978535,134.0067351965031
2024-09-17,1439.392421529165,440.09638866315066,341.893924807984,925.6254494885316,2900.452859063484,688.1162147512721,134.0314151137582
2024-09-18,1428.8006221429564,440.09638866315066,341.7922183452684,922.7176011680817,2877.0244818069636,686.0754586132124,134.05559148872877
2024-09-19,1437.5981940969193,440.09638866315066,342.10929534744076,938.6797175265989,2906.7754847908295,697.7828337911329,134.0795688174692
2024-09-20,1451.5829060959154,440.09638866315066,342.3397009977974,937.7458859795514,2933.69947194496,696.5767207235685,134.1032960214481
2024-09-23,1452.606875294416,440.09638866315066,342.35008576373053,940.0227596612484,2937.726031813319,698.3172466399479,134.12687469106052
2024-09-24,1452.606875294416,440.09638866315066,342.35008576373053,942.7123146799395,2946.131334462853,700.3152436416544,134.15030470263846
2024-09-25,1452.606875294416,440.09638866315066,342.35008576373053,940.6334007880893,2939.634385963236,698.7708752632956,134.17378975543303
2024-09-26,1452.606875294416,440.09638866315066,342.35008576373053,944.3627211054037,2951.289126515575,701.5412855209834,134.19722796238946
2024-09-27,1452.606875294416,440.09638866315066,342.35008576373053,942.9930184196133,2947.0085799069575,700.5237707869771,134.22067026365926
2024-09-30,1452.606875294416,440.09638866315066,342.35008576373053,946.7718807371192,2958.8181473740005,703.330984444169,134.24421860521704
2024-10-01,1452.606875294416,440.09638866315066,342.35008576373053,938.2902286338071,2932.311586845973,697.030196635715,134.2676691150678
2024-10-02,1452.606875294416,440.09638866315066,342.35008576373053,938.6862562826403,2933.549238510614,697.3243947649455,134.29102172098223
2024-10-03,1452.606875294416,440.09638866315066,342.35008576373053,936.9701707324409,2928.1861883697256,696.0495616568135,134.31437838851627
2024-10-04,1452.606875294416,440.09638866315066,342.35008576373053,945.484713790237,2954.795538550669,702.3747832574693,134.3379941716191
2024-10-07,1452.606875294416,440.09638866315066,342.35008576373053,936.9370742094915,2928.0827562814793,696.0249751534103,134.36171611216568
2024-10-08,1452.606875294416,440.09638866315066,342.35008576373053,945.7983084843947,2955.7755736476893,702.6077441949939,134.3853402184088
2024-10-09,1452.606875294416,440.09638866315066,342.35008576373053,952.3494671279653,2976.249023984883,707.4744211123999,134.4090195013619
2024-10-10,1452.606875294416,440.09638866315066,342.35008576373053,950.682718009492,2971.040158323369,706.2362386925707,134.43270295670794
2024-10-11,1452.606875294416,440.09638866315066,342.35008576373053,956.3755255252646,2988.831119937122,710.4652699891088,134.45633954419054
2024-10-14,1452.606875294416,440.09638866315066,343.21705109184245,964.4529152029519,3013.274820618193,716.2757021303117,134.4799802875687
2024-10-15,1452.606875294416,440.09638866315066,342.75586814361725,958.5786555109347,2989.8625498606,710.7104478227344,134.503574123766
2024-10-16,1452.606875294416,440.09638866315066,343.5466095207536,963.3370281886067,3002.8577317304953,713.7994900018545,134.52712102174996
2024-10-17,1452.606875294416,440.09638866315066,343.4708428308923,963.175298268738,3003.115669515781,713.860803549161,134.5508252870989
2024-10-18,1452.606875294416,440.09638866315066,343.9046979363522,966.6515118281851,3014.6672991975383,716.6067036590463,134.5744826434029
2024-10-21,1452.606875294416,440.09638866315066,341.1780763150831,957.955604190235,3009.7166925389756,715.4299111421242,134.59804195500254
2024-10-22,1452.606875294416,440.09638866315066,339.5452731144088,953.3710394564158,3008.118313436133,715.0499656733853,134.62160539101833
2024-10-23,1452.606875294416,440.09638866315066,339.09299248541697,952.1011314720337,2980.6317178110853,708.5162169274067,134.64522407462775
2024-10-24,1452.606875294416,440.09638866315066,338.30866725956264,949.8989127546695,2987.077913919575,710.0485211208659,134.66874463429372
2024-10-25,1452.606875294416,440.09638866315066,336.3460609036543,944.388330780095,2986.046483996097,709.8033432872403,134.6923715882463
2024-10-28,1452.606875294416,440.09638866315066,338.0721873640384,949.2349274141031,2995.277637263277,711.9976505381686,134.71584922481637
2024-10-29,1452.606875294416,440.09638866315066,336.65001710114905,945.2417752509791,3000.1251330512587,713.1499329072882,134.7393309536703
2024-10-30,1452.606875294416,440.09638866315066,336.739941673062,945.4942643573996,2991.048806698783,710.992429055864,134.76271440705267
2024-10-31,1452.606875294416,440.09638866315066,333.7290936150508,937.0404422311685,2932.414697716554,697.0547067835174,134.78594830257293
2024-11-01,1452.606875294416,440.09638866315066,333.3174403026718,935.8846071264157,2944.791535580627,699.9967644314233,134.80903251734304
2024-11-04,1447.0954787293554,440.09638866315066,333.7809982459623,937.1861794151114,2932.8694478135244,698.4888940301661,134.8322743983817
2024-11-05,1465.6331611128169,440.09638866315066,337.5394931143805,947.739235055169,2970.4402944472686,706.9349687939432,134.8554690449356
2024-11-06,1414.4718700191895,440.09638866315066,343.5552309588462,964.6301497460751,2866.7502548025127,724.5132497487663,134.87871893190857
2024-11-07,1454.796577692073,440.09638866315066,343.40924128963303,964.2202417493871,2948.47748349212,730.115231100247,134.90192156812626
2024-11-08,1430.280880449097,440.09638866315066,346.34327112753783,972.458374622515,2898.7908246001275,733.2779564339759,134.92512819579883
2024-11-11,1405.9461710126418,440.09638866315066,347.7144156591248,976.3082573652019,2849.4709788286045,733.9766101797478,134.94833881561303
2024-11-12,1379.3892874777632,440.09638866315066,345.81632962758937,970.978834763424,2795.6473897887317,731.6967083005123,134.9715534282555
2024-11-13,1373.3334439650278,440.09638866315066,346.30429119826323,972.3489272567789,2783.373839991701,732.0522199770494,134.99461812168855
2024-11-14,1361.003784963308,440.09638866315066,343.55090969206884,964.6180165463957,2758.3849704114755,727.3448971981599,135.017738074449
2024-11-15,1344.7971396139117,440.09638866315066,341.5301708098573,958.9442107798383,2725.5385026452095,718.0285976539933,135.0408619868652
2024-11-18,1396.3015787909155,440.09638866315066,342.9539158564195,962.9417846011745,2829.924010242567,720.9705789462985,135.06404119020152
2024-11-19,1443.0941806737321,440.09638866315066,342.0141572416251,960.3031419270867,2924.7599035633843,723.6060688576716,135.08717303275492
2024-11-20,1420.7630057596718,440.09638866315066,342.828658898018,962.590089654769,2879.50067803064,723.8511703356965,135.11036018519002
2024-11-21,1486.183555731578,440.09638866315066,346.823049624229,973.8054907814382,3012.0903620508234,727.7371359186003,135.13360266970827
2024-11-22,1549.5231473695585,440.09638866315066,349.1218688431199,980.2600870953112,3140.4625087975833,729.9927567168352,135.1568491525364
2024-11-25,1627.9669546103903,440.09638866315066,351.86522199402935,987.9628403131292,3299.4467976772803,732.4688924896917,135.18004826458818
2024-11-26,1576.6795228522774,440.09638866315066,352.4914193767348,989.7210696183979,3195.5011051703364,736.2934681696885,135.20314858678415
2024-11-27,1593.2594821080313,440.09638866315066,352.75056284313075,990.4486894543622,3229.104178818172,734.0624338748568,135.2262528564923
2024-11-29,1580.5016899937893,440.09638866315066,353.3999426180042,992.2720099950822,3203.247599716515,738.6224667001295,135.24930966352343
2024-12-02,1658.68267306482,440.09638866315066,351.7258492879605,987.5715113441289,3361.6992153973183,739.9464728150678,135.2723189773288
2024-12-03,1634.4628118752746,440.09638866315066,350.10160249673027,983.0109711914548,3312.612135825019,740.2896912399033,135.29522932430322
2024-12-04,1647.2365752888577,440.09638866315066,349.80518387577604,982.178690635224,3338.501084412013,744.8863747534788,135.31809209475477
2024-12-05,1628.2849051594849,440.09638866315066,348.5786066755085,978.7347222663906,3300.0911970725247,743.6606382965524,135.3409072583222
2024-12-06,1658.615128411389,440.09638866315066,347.69282768207273,976.2476429088875,3361.5623207325757,745.0703917509991,135.363571802091
2024-12-09,1688.4198824461578,440.09638866315066,346.3426622606468,972.4566650535447,3421.9684610274276,741.2335228193007,135.38618863402476
2024-12-10,1648.4881825028244,440.09638866315066,344.92913174159895,968.4877714568619,3341.0377522493905,738.928881725461,135.40875772400176
2024-12-11,1641.7322718732019,440.09638866315066,344.3395154830198,966.8322541817528,3327.3453565719633,744.6413496310545,135.43117595850774
2024-12-12,1632.823649149853,440.09638866315066,343.62401528418746,964.8232815283131,3309.289998241116,740.8044806993562,135.45344321687068
2024-12-13,1611.1227301778401,440.09638866315066,342.29244828018875,961.0845240805543,3265.308130300806,740.6574961681418,135.4757141363611
2024-12-16,1596.2957266436379,440.09638866315066,340.724969269666,956.6833758039734,3235.257821729414,743.8199924350688,135.49809188155587
2024-12-17,1586.6922677657906,440.09638866315066,338.8131343805757,951.3153493291435,3215.7942192579976,740.7553840481506,135.52052490619897
2024-12-18,1532.1730624112174,440.09638866315066,329.8208580541114,926.0669465173263,3105.298599546781,718.6783838153615,135.54291005319266
2024-12-19,1516.3519715839518,440.09638866315066,328.7645098775997,923.100945106585,3073.233546065228,718.4577161295384,135.56519568259856
2024-12-20,1545.5098196346241,440.09638866315066,332.7801555747549,934.3760256791089,3132.328583655212,727.0870443348297,135.58748497615247
2024-12-23,1559.71937520521,440.09638866315066,333.02791415603576,935.0716791747532,3161.127492927302,731.4409933939997,135.60982956146708
2024-12-24,1596.651913425029,440.09638866315066,335.5292672867129,942.0949477137841,3235.9797155810706,739.571032326766,135.6323843218778
2024-12-26,1591.7482640861747,440.09638866315066,335.837968959284,942.9617164711915,3226.0413503936234,739.620281689173,135.65473630652767
2024-12-27,1559.3717048909843,440.09638866315066,333.7588392363187,937.1239616205138,3160.4228596411835,731.8347592264528,135.67683366228826
2024-12-30,1527.4447416900418,440.09638866315066,330.7181120893319,928.5862453559489,3095.715577841278,723.4832890518571,135.69914131108214
2024-12-31,1528.6002984364886,440.09638866315066,331.33817482318506,930.3272498696605,3098.0575774720446,720.8511587869118,135.72145262764437
2025-01-02,1515.6257173546053,440.09638866315066,329.9644337838581,926.4700766844918,3071.7616260213176,719.0800142746796,135.74371592961876
2025-01-03,1570.7431608713775,440.09638866315066,332.4795512950101,933.5319926816389,3183.469711982493,728.0709626045582,135.7658794858958
2025-01-06,1591.8159220293958,440.09638866315066,331.13699097845455,929.7623683461659,3226.1784746659964,732.2650993916081,135.78809837068806
2025-01-07,1538.6348544276796,440.09638866315066,330.18925598474044,927.1013296935008,3118.394896689419,723.9876177940238,135.81032089173158
2025-01-08,1522.8281311999997,440.09638866315066,331.2614147718201,930.1117239420358,3086.358962429426,725.0452955739618,135.83254704962133
2025-01-10,1493.1587526536878,440.09638866315066,325.76714744081846,914.684987741695,3026.2271914764137,713.9757950837111,135.85482857516033
2025-01-13,1484.140089370248,440.09638866315066,328.6481661495685,922.7742766187322,3007.948810821571,715.0827985816566,135.87716548943675
2025-01-14,1478.5263097672337,440.09638866315066,331.19265865383335,929.9186713600556,2996.5712044877473,716.0666404957846,135.89945433403827
2025-01-15,1537.8871374174967,440.09638866315066,334.4745849158394,939.1336235316129,3116.8794774188805,729.0918369849921,135.9216950791402
2025-01-16,1524.0309667544172,440.09638866315066,337.29271717854334,947.0463406193139,3088.796783361182,727.6897190906086,135.94393946407087
2025-01-17,1565.3995231627875,440.09638866315066,338.8561540392228,951.4361393973056,3172.639609887593,734.9956520257666,135.96613571184707
2025-01-21,1578.1883032367898,440.09638866315066,342.7887707769601,962.4780922793199,3198.5589931661466,741.723420352948,135.98843915083214
2025-01-22,1602.8713279164015,440.09638866315066,341.3012239284539,958.3013765436176,3248.584779319542,745.8930469921954,136.01074624840015
2025-01-23,1607.7683363979186,440.09638866315066,342.63614945908176,962.0495640211147,3258.509685293083,749.9640985510284,136.03305700515128
2025-01-24,1598.2720124206135,440.09638866315066,342.52508066537985,961.7377064289554,3239.263216163049,747.7749071253423,136.05531961511625
2025-01-27,1504.346570152366,440.09638866315066,344.2068931238109,966.4598787536048,3048.9018584986607,737.1972130587548,136.07753404848748
2025-01-28,1542.7841444412857,440.09638866315066,342.1869080377912,960.7881894867178,3126.804380438002,743.5315209758857,136.09975210892048
2025-01-29,1534.4898221131184,440.09638866315066,340.7872259617883,956.8581793779985,3109.994042140242,740.1982172303476,136.1219737970075
2025-01-30,1555.7729715019036,440.09638866315066,344.2354026812375,966.5399275381135,3153.1292046178614,744.1709991311687,136.14414726299717
2025-01-31,1558.31759924915,440.09638866315066,341.95775658214626,960.1447808494602,3158.28647384139,740.210739548851,136.1663761997033
2025-02-03,1519.3856389542607,440.09638866315066,340.45479845468594,955.924793514359,3079.3819657624686,735.2293765192975,136.18871248548126
2025-02-04,1574.6826963868405,440.09638866315066,340.36615429905413,955.6758995450167,3191.454080340843,740.1614901864441,136.2110524352303
2025-02-05,1588.5043741163615,440.09638866315066,342.28852685211774,961.0735135430756,3219.466866591845,743.162494358037,136.23339604955143
2025-02-06,1611.866512898202,440.09638866315066,341.9457342208254,960.1110246112888,3266.815575834585,745.7454516161761,136.25574332904574
2025-02-07,1591.8700457598547,440.09638866315066,340.58360418971125,956.2864526720992,3226.2881687655217,738.9192609197814,136.27819804219246
2025-02-10,1605.0193696371905,440.09638866315066,341.3028700725694,958.3059985668107,3252.9382763956723,743.9374273488392,136.30060456582754
2025-02-11,1591.037738992915,440.09638866315066,341.8864808488213,959.9446537225418,3224.601309035913,744.5032223495134,136.32301477348773
2025-02-12,1620.659203441716,440.09638866315066,339.9884778299127,954.615464202597,3284.6359711286077,742.1047402224983,136.34542866577874
2025-02-13,1664.0782439169575,440.09638866315066,342.93768893286125,962.8962228448972,3372.6345718671223,749.9395120476253,136.36779432273602
2025-02-14,1667.140506234839,440.09638866315066,341.72032909771895,959.4781348804361,3378.84094575559,749.9026322925206,136.3901636484823
2025-02-18,1683.0674718549715,440.09638866315066,343.5509861987333,964.6182313608639,3411.120578682561,752.1041933255087,136.41258858122492
2025-02-19,1652.7874158735333,440.09638866315066,344.710934752703,967.8751206365432,3349.751130452357,753.8754141933417,136.43496525487444
2025-02-20,1627.9174746068359,440.09638866315066,344.07061879033,966.0772493570271,3299.3465151507735,750.7391078974312,136.45729363948863
2025-02-21,1583.2478977205653,440.09638866315066,340.86025293541115,957.0632236158774,3208.813416801565,737.8983865393475,136.4796256782742
2025-02-24,1536.6413791349705,440.09638866315066,341.89266777549796,959.9620252991286,3114.354663776734,734.5405726460069,136.50185740364407
2025-02-25,1505.6182779848573,440.09638866315066,343.291456224324,963.8895262924565,3051.4792648296734,730.887491645027,136.52409275043073
2025-02-26,1557.0635167507894,440.09638866315066,341.724919625536,959.4910241079483,3155.7447892749287,731.2565946184764,136.54638372273928
2025-02-27,1474.5144668014009,440.09638866315066,340.450838875581,955.9136758568758,2988.4402885690192,719.5842666612454,136.56867833460655
2025-02-28,1511.5312374352181,440.09638866315066,344.6223650893198,967.6264358256236,3063.4632274451537,730.8138084904183,136.59097658662668
2025-03-03,1434.741683040241,440.09638866315066,342.6157690757806,961.9923402316837,2907.8316597244143,718.0099668874393,136.61333050341298
2025-03-04,1440.588075393778,440.09638866315066,336.3651739686294,944.4419962087289,2919.680708916852,709.5110540480256,136.63563604601634
2025-03-05,1462.2971419279288,440.09638866315066,338.94992144899595,951.6994183765798,2963.67908975242,717.1367642386253,136.65799727158586
2025-03-06,1370.5303404817046,440.09638866315066,336.0928726217538,943.6774318378721,2777.6927106632365,704.4066057902552,136.68031010715615
2025-03-07,1386.7306625419706,440.09638866315066,338.7735846138703,951.2043019808883,2810.526362840088,708.3548775432738,136.7026265858549
2025-03-10,1314.3954270738016,440.09638866315066,334.95682675412473,940.4876562307576,2655.134067252097,689.4874086274002,136.72489463675618
2025-03-11,1348.450762480408,440.09638866315066,330.019961713644,926.6259873224294,2718.5255230945227,683.7557754660484,136.74721839499432
2025-03-12,1387.5990676807878,440.09638866315066,327.95287243092685,920.8220394717158,2801.416779310548,687.384117252424,136.76959788167161
2025-03-13,1358.551362712828,440.09638866315066,325.1014368074864,912.8158136175653,2733.56627322871,678.2209106875221,136.7919289388324
2025-03-14,1402.3662586410028,440.09638866315066,330.7810795880948,928.76304472411,2836.09449671146,692.2301781576597,136.81426364209668
2025-03-17,1412.575959517519,440.09638866315066,334.72182017957726,939.8278076626995,2869.9325187885465,697.5681981977597,136.83660199205988
2025-03-18,1407.296244690241,440.09638866315066,333.30439329803465,935.8479739073505,2839.9180046646975,690.0286171246714,136.85894398931728
2025-03-19,1413.7601273267746,440.09638866315066,335.14721328532937,941.0222211902068,2872.2636025009256,697.5435353387559,136.8812896344645
2025-03-20,1416.6801974154155,440.09638866315066,333.9316672547251,937.609226003806,2872.9938308702067,695.5263730812911,136.90358678852175
2025-03-21,1419.9797509849197,440.09638866315066,332.12483857978776,932.5360346848867,2880.254142662281,695.7558980167873,136.92588757465376
2025-03-24,1440.3491028389228,440.09638866315066,336.4643106476962,944.7203509562509,2953.79963635774,708.2159103501257,136.94819199345218
2025-03-25,1444.5864664646288,440.09638866315066,335.6277174978816,942.3713750051936,2966.8579890081583,709.9182584661896,136.9705000455088
2025-03-26,1432.8254771210536,440.09638866315066,336.5081796196755,944.8435257159281,2920.9221568733815,701.4430158629715,136.99286390497195
2025-03-27,1430.3459195836856,440.09638866315066,336.3794823122072,944.4821709997505,2911.041488004753,699.5803209855828,137.01523141589445
2025-03-28,1421.266163522906,440.09638866315066,332.41947975504075,933.3633245509455,2856.0784841979466,685.4917964019905,137.03760257887242
2025-03-31,1428.0324212650116,440.09638866315066,335.8943632306327,943.1200596123107,2855.789217917474,690.0933666740063,137.0600295886295
2025-04-01,1429.7991900303473,440.09638866315066,335.9314389387858,943.2241603294145,2860.3240360248396,692.0424960913091,137.0824080660295
2025-04-02,1448.9251829579,440.09638866315066,338.1388365612824,949.4220642099494,2900.758080758465,696.4220242766905,137.10484240846813
2025-04-03,1318.6419230567674,440.09638866315066,325.48115332537947,913.8819769837714,2623.004240086142,662.1017852607539,137.12722820268164
2025-04-04,1265.808205902233,440.09638866315066,307.55409187301524,863.5465944456062,2497.503963384305,623.3404754453273,137.14946093718598
2025-04-07,1300.6179653399963,440.09638866315066,303.46651931624206,852.0695585217653,2554.603222344837,622.2301504787544,137.17169727633168
2025-04-08,1260.1053008423833,440.09638866315066,298.4895683468803,838.0953368356179,2475.0304453808317,612.4843125032392,137.1940417360795
2025-04-09,1430.7194440059889,440.09638866315066,318.1973455040239,893.430591016436,2810.1414860694126,676.8070340306413,137.21665107919674
2025-04-10,1335.3642903185214,440.09638866315066,310.40470406475424,871.5505082783558,2622.8500681675278,647.1499079008289,137.23915964862144
2025-04-11,1364.2784302265925,440.09638866315066,315.16188152455993,884.9076526088709,2679.6416525903824,658.6969363174247,137.26172417118266
2025-04-14,1376.490583261638,440.09638866315066,319.7436439283059,897.7722687036141,2700.3407205961475,665.0872892454187,137.28424013424956
2025-04-15,1379.4009126303056,440.09638866315066,318.492908754299,894.2604698733982,2705.1015573184236,663.2244416568287,137.30675979076116
2025-04-16,1367.6743140116093,440.09638866315066,314.6937394057786,883.5932089286433,2674.511684067221,648.4823131318367,137.32923084967928
2025-04-17,1381.8733658684225,440.09638866315066,317.13837072318984,890.4572146583965,2702.8732756730237,649.4074375890796,137.35181018152417
2025-04-21,1346.573890202909,440.09638866315066,311.0526180380012,873.369713159302,2625.749704325314,633.9498570861767,137.37434092200476
2025-04-22,1393.8797621851163,440.09638866315066,318.4316068788189,894.0883472217988,2726.6978539826237,650.4438121564416,137.39687535835412
2025-04-23,1430.1680551809072,440.09638866315066,319.94355318435214,898.3335714526867,2802.8024719910973,660.5227514397087,137.4194134911785
2025-04-24,1494.993416950137,440.09638866315066,323.06911404498743,907.1094827744863,2936.631749313891,674.4260373361708,137.44190298653731
2025-04-25,1507.3876401663892,440.09638866315066,321.94151316175174,903.9434188906267,2963.3659541289485,679.2990517684292,137.46439616243435
2025-04-28,1505.804422971088,440.09638866315066,322.9772177516028,906.8514574927816,2957.688977565108,679.5579736101682,137.48684066278983
2025-04-29,1515.3745423676796,440.09638866315066,325.10821924425517,912.83485726006,2990.440942400624,683.8388503595347,137.5092888277713
2025-04-30,1516.7244006777132,440.09638866315066,326.4710332111736,916.6613495457876,2993.977725526751,684.1101418085759,137.53174065797708
2025-05-01,1514.5928502634647,440.09638866315066,325.0880223312766,912.7781486163399,3005.5759824767856,688.9583406706294,137.5541961540056
2025-05-02,1522.9893374443438,440.09638866315066,329.5847925162593,925.404124605141,3055.3847226406137,699.1854098191203,137.57676009321736
2025-05-05,1531.7580619679918,440.09638866315066,328.5159681078666,922.4030925840542,3055.7376075134684,695.1761299411976,137.5993277337437
2025-05-06,1505.7453332781067,440.09638866315066,326.59174413753124,917.0002801993618,3000.6776132085256,689.365621444394,137.62189907619177
2025-05-07,1516.3463948229094,440.09638866315066,328.33548040530394,921.8963214338528,3023.4068747240535,692.2647672447454,137.64447412116886
2025-05-08,1515.7479857523558,440.09638866315066,329.1046105702466,924.055875646177,3024.8509490571987,697.0881505365937,137.6671052845313
2025-05-09,1507.4360792125228,440.09638866315066,328.88790896555975,923.4474235472363,3007.787102653659,696.1999821900562,137.68968774498651
2025-05-12,1501.1598584307528,440.09638866315066,333.8627083372438,937.4156040038982,3006.313103994565,719.2076808389343,137.71274562170413
2025-05-13,1506.7582765634397,440.09638866315066,332.5900589299977,933.8422746592693,3017.5248331781117,723.9573046205733,137.73570255237982
2025-05-14,1539.2203425465332,440.09638866315066,330.3769042105493,927.6282060727591,3082.5353207685057,724.8825054334168,137.75866331001185
2025-05-15,1513.782152729393,440.09638866315066,335.22188220953115,941.2318756767131,3031.591270433244,728.423038279067,137.78152303288968
2025-05-16,1545.3245613571378,440.09638866315066,338.7469143565872,951.1294175606901,3094.7599968394165,733.0369018027843,137.8042816493298
2025-05-19,1540.0915504186112,440.09638866315066,339.393432928944,952.944704452191,3084.2800541008164,733.8387883206092,137.82720139317303
2025-05-20,1532.424430383453,440.09638866315066,338.4472396757075,950.2879946794691,3068.9254179492136,731.3714334418252,137.85002002450875
2025-05-21,1485.750666601283,440.09638866315066,331.82015548097684,931.6805492294291,2975.453728786299,719.0472577220089,137.87273747172452
2025-05-22,1489.6486340963718,440.09638866315066,330.6569145864833,928.4144157605397,2983.260033153964,719.3310714895537,137.8955111548759
2025-05-23,1479.746873993338,440.09638866315066,329.8549946639218,926.1627948702803,2963.430172274604,714.42110094659,137.918236098952
2025-05-27,1512.5763339535072,440.09638866315066,334.97654676055936,940.5430258221503,3029.176425161017,729.2742505148992,137.94096478806
2025-05-28,1492.4348655792273,440.09638866315066,332.10723571125413,932.486609567231,2988.8399080557792,725.0552218020437,137.96369722281705
2025-05-29,1486.7550128767166,440.09638866315066,333.5047303001605,936.4104776765993,2977.46509310025,727.9171824248878,137.98648593061063
2025-05-30,1487.083062236533,440.09638866315066,334.1298356836053,938.165640879781,2978.1220644971563,727.1030790109621,138.00927840262057
2025-06-02,1487.022720024122,440.09638866315066,333.8738149631447,937.4467890514245,2978.0012195499135,731.1988697843994,138.0320746394686
2025-06-03,1490.1601463600423,440.09638866315066,335.2735986870536,941.3770845658826,2984.284418406799,735.3685727792475,138.05482208897308
2025-06-04,1500.1375888971997,440.09638866315066,334.1242860753692,938.1500587580672,3004.265845484902,735.1711171960162,138.07762584868243
2025-06-05,1524.2946118092773,440.09638866315066,333.4800237909657,936.3411070441144,3052.644153848405,731.6180620318626,138.10043337509435
2025-06-06,1532.7149123353777,440.09638866315066,335.92622122825395,943.2095101059871,3069.5071545934757,739.1313004227333,138.1232446688311
2025-06-09,1523.8456227695663,440.09638866315066,335.37467623671444,941.660888865974,3051.744981367837,739.7972739714352,138.1460597305149
2025-06-10,1538.2919201701964,440.09638866315066,336.7704357363635,945.5798852130768,3080.6760062255876,743.9917161808876,138.16893115194415
2025-06-11,1543.4773468737167,440.09638866315066,335.6994102363346,942.5726729939763,3091.0606539105397,741.8697940393573,138.19180635995926
2025-06-12,1549.328944968513,440.09638866315066,337.14131716986424,946.621241538046,3102.7794165279247,744.818265557716,138.2147379587529
2025-06-13,1486.5010672715703,440.09638866315066,333.2185707327799,935.6070023647425,2976.9565263435748,736.491076464121,138.23762075052963
2025-06-16,1586.8241544063383,440.09638866315066,335.10878461678766,940.9143216475662,3177.869580201625,743.4983062896113,138.2604020736812
2025-06-17,1573.5706985180086,440.09638866315066,332.3723503169793,933.230995094722,3151.3274115668005,737.1449858279233,138.2831345063914
2025-06-18,1586.6703738014194,440.09638866315066,332.3919266684372,933.2859613334435,3177.5616099044505,737.0338884290055,138.30587067671183
2025-06-20,1589.694590938908,440.09638866315066,333.20665981461184,935.5735590352859,3183.6180892052375,735.3029833183056,138.32850524600346
2025-06-23,1572.4892984066253,440.09638866315066,336.6226504769396,945.1649355802915,3149.161734602247,742.5659280503085,138.35103814294078
2025-06-24,1630.544724678216,440.09638866315066,338.8547576532339,951.4322186419078,3265.4270262552795,750.7692683596803,138.37357471035398
2025-06-25,1622.9854496916926,440.09638866315066,335.66723751152887,942.4823388131815,3250.288367090464,751.1899113635554,138.39611494884096
2025-06-26,1669.4146064740921,440.09638866315066,337.5895819822025,947.8798739618516,3343.270191550024,757.067001944109,138.4187642871386
2025-06-27,1658.4498288242337,440.09638866315066,338.9248888325481,951.6291321041616,3321.3114677365493,760.8284315423841,138.4413646119571
2025-06-30,1666.4315325725365,440.09638866315066,340.96595192119287,957.3600039274373,3337.2961081703866,764.4661650676372,138.4641795117481
2025-07-01,1706.7622127330546,440.09638866315066,344.7792654182215,968.0669786383188,3418.0647562118584,764.2186965659928,138.48699817139553
2025-07-02,1752.1627663425268,440.09638866315066,344.31426736206083,966.7613628184293,3508.9866380342537,767.6831792334145,138.50982059151897
2025-07-03,1770.4073847546447,440.09638866315066,345.86110593452435,971.1045571270222,3545.5244092127787,773.7335206717995,138.53275223709045
2025-07-07,1745.2382410613598,440.09638866315066,343.61887800689686,964.8088571443551,3495.1191668420274,767.9676802013649,138.55568767921852
2025-07-08,1768.9341421331599,440.09638866315066,343.56088620153173,964.6460284668899,3542.574004848141,767.5470371974899,138.57862691853168
2025-07-09,1772.0043678350519,440.09638866315066,344.17613241096893,966.3735092026196,3548.7226236697684,772.1498291591158,138.60156995565865
2025-07-10,1820.1540050012059,440.09638866315066,345.8660384654346,971.1184066266111,3645.149985720676,774.3274145335059,138.62446402664278
2025-07-11,1786.9785771653928,440.09638866315066,343.54954035115514,964.6141717278234,3578.710876738846,771.6053373710175,138.64736187924703
2025-07-14,1775.3474211309017,440.09638866315066,344.49082521149427,967.2570997753725,3555.4176234555816,773.077778773582,138.6703162961141
2025-07-15,1732.7490310346489,440.09638866315066,339.67934649443913,953.7474890429762,3470.1075229781354,769.7741773566894,138.6932217225511
2025-07-16,1747.816075337156,440.09638866315066,341.30869429954646,958.322351759642,3500.281692951242,772.3477428759509,138.7160781279626
2025-07-17,1751.1504273478872,440.09638866315066,343.63594550934766,964.85677906771,3506.95926701965,777.0741545549981,138.73893830007057
2025-07-18,1730.8526416078162,440.09638866315066,343.91339884168826,965.6358091199547,3466.3096993471977,776.5050762634967,138.76180223949572
2025-07-21,1708.0808339892685,440.09638866315066,342.8720369192918,962.7118859291016,3420.7055065220256,777.9774413104607,138.78466994685897
2025-07-22,1741.9269533197423,440.09638866315066,347.01777885267546,974.3522491127653,3488.487782667441,778.0887677761804,138.80754142278124
2025-07-23,1797.6351684166207,440.09638866315066,349.02297976418214,979.982427556386,3600.0524079172574,784.7084165728686,138.8304695159297
2025-07-24,1707.2819785606637,440.09638866315066,348.309082502723,977.9779556107773,3419.105670548711,784.968101970614,138.85340139631802
2025-07-25,1743.8160984900053,440.09638866315066,349.657872726669,981.765072203557,3492.27109851406,788.2841493504095,138.8763370645718
2025-07-28,1721.889175999195,440.09638866315066,346.96223951444546,974.1963064423429,3448.358923508725,788.0861592779738,138.89922364707806
2025-07-29,1684.5453229079446,440.09638866315066,347.4222115469341,975.4878102548184,3373.5718751664963,786.0076071176019,138.92211400125393
2025-07-30,1688.3047015038533,440.09638866315066,345.0869849495573,968.9309897516573,3381.100633061456,785.0176567554234,138.9450610193882
2025-07-31,1645.9104980671943,440.09638866315066,342.83361870892287,962.6040157507992,3296.199449080777,782.0729266614956,138.9679589274845
2025-08-01,1606.4513964702658,440.09638866315066,339.89845497405474,954.3626991357294,3217.1762767407536,769.2545011387961,138.99059598765177
2025-08-04,1614.0206581788914,440.09638866315066,344.10539322460005,966.1748885856437,3232.3349359164617,780.9469106189929,139.01307787579034
2025-08-05,1566.5547130394546,440.09638866315066,342.68928803817323,962.198765869576,3137.2767766772813,776.9875673038828,139.03556340040012
2025-08-06,1558.458851226654,440.09638866315066,342.63004213147957,962.0324159418333,3121.063516431038,782.9390282394507,139.05794659616234
2025-08-07,1544.8296216279837,440.09638866315066,342.22838747853035,960.9046549499852,3093.768800741887,782.2832099856328,139.08033339537275
2025-08-08,1552.684817151001,440.09638866315066,343.19722557502206,963.6249466349361,3109.500088187831,788.383106208827,139.1027237986115
2025-08-11,1537.70435580294,440.09638866315066,342.25633688036413,960.9831309365104,3079.4993144516893,786.8240775551471,139.12517081754012
2025-08-12,1570.8156500733749,440.09638866315066,345.79480874970386,970.9184087073288,3145.809985694582,795.2006687223503,139.14756843911047
2025-08-13,1597.3070939558625,440.09638866315066,349.87005955001564,982.3608477550086,3198.8633460281794,797.9227458848387,139.1698105515013
2025-08-14,1579.0873540290736,440.09638866315066,347.9651664966559,977.012312481118,3162.375398002086,797.9969635286519,139.19210927106286
2025-08-15,1590.2428598953552,440.09638866315066,346.6676477134895,973.3691552088179,3184.7160856238224,796.1286946924172,139.21441156347464
2025-08-18,1611.539445205811,440.09638866315066,346.0405803412902,971.6084831577505,3227.365909444777,795.9553674789853,139.23682355182305
2025-08-19,1574.1039153876518,440.09638866315066,348.54979891160264,978.6538361814011,3152.395263770199,791.6372291965109,139.25913300865653
2025-08-20,1570.961792531767,440.09638866315066,349.1743196990072,980.4073579630143,3146.1026593796973,789.5337851103334,139.28144604006064
2025-08-21,1561.9022080071272,440.09638866315066,347.97457520241716,977.0387301293686,3127.9593900135396,786.366402084966,139.30386882022216
2025-08-22,1597.989950412542,440.09638866315066,353.21726829855703,991.7590992889002,3200.230875477047,798.4423457471314,139.32608280847222
2025-08-25,1572.3763869336478,440.09638866315066,350.16660517898197,983.1934849227725,3148.9356112890664,794.9284610061014,139.34830033905942
2025-08-26,1577.9860915100394,440.09638866315066,350.55557288749173,984.2856236681472,3160.169943384234,798.256725281998,139.37052141254875
2025-08-27,1578.3049502018039,440.09638866315066,351.6786213380133,987.4389052874515,3160.80850899601,800.0756684002251,139.39263974732458
2025-08-28,1605.9244982017085,440.09638866315066,351.10126500768166,985.8178112880078,3216.1210785482763,802.9089956728326,139.41476159231712
2025-08-29,1603.9188685135211,440.09638866315066,351.11273033530796,985.8500034938271,3212.1044837935638,798.1207359572744,139.4367274360475
2025-09-02,1598.3142744116803,440.09638866315066,348.74660601060805,979.2064287321136,3200.8803862423883,792.2063838436131,139.4586967406617
2025-09-03,1589.1402201198923,440.09638866315066,348.1692620751091,977.5853695347281,3182.507872829333,796.4998592670836,139.4805631063761
2025-09-04,1574.8884348637057,440.09638866315066,350.7005549873746,984.6927026240677,3153.966389701894,803.156464174477,139.50232646322627
2025-09-05,1590.6958667114047,440.09638866315066,350.21703620324985,983.3350845321152,3185.6233043451593,800.8303671568601,139.52361392040115
2025-09-08,1641.7849397664738,440.09638866315066,350.0220493813723,982.7876029331259,3287.9373576645344,802.797669207113,139.54506446140823
2025-09-09,1660.7594127976174,440.09638866315066,349.2290507132115,980.5610310311891,3325.9367796411843,804.6536447916461,139.5665183002493
2025-09-10,1616.0649130028953,440.09638866315066,348.3891112687127,978.2026593950952,3236.428883693437,806.9797418092631,139.5879221476692
2025-09-11,1648.1360032246548,440.09638866315066,353.4125346004527,992.3073656084471,3300.6563796870055,813.6860542126673,139.60932927757176
2025-09-12,1625.7816631904655,440.09638866315066,351.06466534497633,985.715047205455,3255.888232578285,813.4136174296167,139.6307396904605
2025-09-15,1610.179459306991,440.09638866315066,349.7166538657801,981.9301171625988,3224.6423198111274,817.7442016749937,139.65199341332956
2025-09-16,1606.6596044007406,440.09638866315066,348.4613624460438,978.4055253616949,3217.593246476671,816.6183383436924,139.67319702846376
2025-09-17,1620.6068571577136,440.09638866315066,349.3711889672069,980.9601250716257,3245.524854487989,815.6037251225102,139.69429714574912
2025-09-18,1650.2995209369806,440.09638866315066,350.7610491352778,984.8625573481191,3304.9891705038926,819.4146331499941,139.71545381981701
2025-09-19,1662.791674710633,440.09638866315066,350.25854486122887,983.4516320311898,3330.006709692627,823.4730860347229,139.73661369805907
2025-09-22,1678.160767013281,440.09638866315066,350.19768082481613,983.2807387387292,3360.7857791744423,827.3689778457089,139.75761660939716
2025-09-23,1677.2975839790502,440.09638866315066,350.832185333743,985.0622926907735,3359.057116865509,822.8652190981011,139.77862267754773
2025-09-24,1692.8099271502738,440.09638866315066,350.2640900069345,983.4672016230585,3390.123069160597,820.2471382636718,139.79968531467833
2025-09-25,1676.3664585130662,440.09638866315066,347.9307382061772,976.9156451507765,3357.1923889525356,816.4629546964086,139.82085794976388
2025-09-26,1689.4697530209864,440.09638866315066,351.4683249114353,986.8484375687791,3383.4338353670705,821.1404987910523,139.8419269511453
2025-09-29,1688.4172492483776,440.09638866315066,352.4003536484845,989.465376387253,3381.3260279501424,823.4482704645179,139.86294569144087
2025-09-30,1680.9738694133464,440.09638866315066,353.407977140877,992.2945692295252,3366.4194673927236,826.5500640289433,139.88396759092808
2025-10-01,1683.574172841,440.09638866315066,352.73634334254075,990.408764115584,3371.626991578116,829.3665930694121,139.90493919300826
2025-10-02,1740.038297465429,440.09638866315066,353.1071922504504,991.4500291155995,3484.7054467544012,830.3218016333036,139.92596740426848
2025-10-03,1757.1421013090353,440.09638866315066,354.30776366405075,994.8209787566509,3518.9585539997142,830.3095847372026,139.94705224413977
2025-10-06,1733.5594999718558,440.09638866315066,353.8874068579067,993.6407060892077,3471.7306168629216,833.2872240950024,139.96808678514176
2025-10-07,1724.3213267734202,440.09638866315066,352.83908358464805,990.6972369030642,3453.2296950673835,830.1978001378791,139.9890709984904
2025-10-08,1734.084291175582,440.09638866315066,353.11367571431106,991.4682333056412,3472.7815953205204,835.1483155047778,140.01005835782195
2025-10-09,1746.9185212191037,440.09638866315066,350.3449612356036,983.6942708637209,3498.484197040669,832.7289119431899,140.03115586899594
2025-10-10,1680.119353905548,440.09638866315066,344.10735739386826,966.1804035559314,3364.708163194017,810.2220296788494,140.05220305107267
2025-10-13,1706.2394655887695,440.09638866315066,346.72889973982114,973.541137894585,3417.0178713107503,822.6541722179574,140.0732533966159
2025-10-14,1685.1697530398749,440.09638866315066,350.41492436600294,983.8907124803015,3374.8223965400916,821.6491798024547,140.09425337669154
2025-10-15,1700.37994140273,440.09638866315066,350.3744833420359,983.7771626708685,3405.2832354258844,825.2969159113904,140.1153635748494
2025-10-16,1695.7869160683038,440.09638866315066,346.39369393319953,972.5999511557479,3396.0849663859035,819.6763801489564,140.13642341364456
2025-10-17,1686.3777893563038,440.09638866315066,348.4314593486623,978.3215638128411,3377.241682792509,824.3291850289955,140.15737930557157
2025-10-20,1685.0891684946998,440.09638866315066,351.61114098075456,987.2494347707338,3374.661013078645,832.9026209346249,140.17817760030445
2025-10-21,1694.54874523127,440.09638866315066,353.1586961254249,991.5946410619537,3393.605330928392,832.8901749717222,140.1989253861397
2025-10-22,1682.2223628869783,440.09638866315066,351.9073229966081,988.0810509900745,3368.9197755837213,828.5600488599489,140.21967624285676
2025-10-23,1703.327989253457,440.09638866315066,352.84858612577045,990.7239180210893,3411.1871735275254,833.4733790493405,140.24043017091014
2025-10-24,1734.5692241154804,440.09638866315066,353.42262768301606,992.3357048414548,3473.7527512194674,840.2849858260143,140.2610262828524
2025-10-27,1764.8367782216346,440.09638866315066,354.7956007408167,996.1907216975463,3534.3683772130357,850.1984625227146,140.2814107987996
2025-10-28,1737.6995109239058,440.09638866315066,351.45460782210336,986.80992289415,3480.0216520287845,852.4565267001697,140.30179827728386
2025-10-29,1757.8224105374911,440.09638866315066,346.48830565616544,972.8656007872136,3520.320982215995,852.8660217863527,140.3224034019223
2025-10-30,1730.4961294689722,440.09638866315066,346.06247272074967,971.6699523113916,3465.5957266755204,843.4861180268605,140.342957881739
2025-10-31,1744.8105255440641,440.09638866315066,346.355777974619,972.4934911938349,3494.262597998141,846.2528632157181,140.36335430502803
2025-11-03,1733.576519408836,440.09638866315066,345.0966475774758,968.9581203594068,3471.76470101201,847.8409833532384,140.3842368257507
2025-11-04,1653.422884944431,440.09638866315066,344.5157939070648,967.3272065715289,3311.2442072952185,837.7910591982107,140.40501511043212
2025-11-05,1691.1098144163163,440.09638866315066,345.75808684058535,970.8153013827923,3386.7183210508883,840.6944045565969,140.4257964705095
2025-11-06,1635.5154536612688,440.09638866315066,343.9159834857519,965.6430662517439,3275.3817073601826,831.6742883872772,140.44641980587838
2025-11-07,1675.056389472457,440.09638866315066,347.4232486530785,975.490722228674,3354.568765824194,832.4931258484419,140.46704617004943
2025-11-10,1689.7772285438248,440.09638866315066,348.6452810760075,978.9219298276248,3384.049604359477,845.4835805393626,140.4877830005442
2025-11-11,1655.187042159956,440.09638866315066,351.34555602512006,986.5037286005582,3314.777214739263,847.4191950153537,140.50852289237005
2025-11-12,1652.529307829309,440.09638866315066,352.1480857970399,988.75706181834,3309.4546759701325,847.8906908492488,140.52926584597898
2025-11-13,1590.7087843375036,440.09638866315066,349.0280432673087,979.9966447981452,3185.64917396084,833.8207970322106,140.55006559641993
2025-11-14,1590.7906853945285,440.09638866315066,347.9831740796308,977.0628739509907,3185.813193948173,833.6841968626819,140.57086842543404
2025-11-17,1545.9414142051955,440.09638866315066,343.7979292816429,965.3115951102072,3093.439118165814,825.9173051665158,140.59167433347687
2025-11-18,1535.3467836686025,440.09638866315066,343.8989534778386,965.595249605096,3068.9457528307466,818.9816205388167,140.61237579892438
2025-11-19,1546.105133853738,440.09638866315066,342.70678995159216,962.2479075266893,3091.9847165434417,822.145491206555,140.63313408410164
2025-11-20,1495.5776848881378,440.09638866315066,340.11519326482215,954.9712542413846,2984.8804330653747,809.6141627422273,140.6538416543032
2025-11-21,1513.2357160692932,440.09638866315066,346.4116522275001,972.6503742334933,3024.051977194556,817.6788412808538,140.67439088043966
2025-11-24,1534.4464249555049,440.09638866315066,346.54790223002624,973.032935313914,3078.7186217195626,829.7139346966818,140.6949431087742
2025-11-25,1546.3681269574977,440.09638866315066,351.28631374312437,986.3373888501949,3113.4322476559414,837.518240637157,140.7154445159729
2025-11-26,1553.2638761687745,440.09638866315066,352.94067072835173,990.9824720350439,3135.277592388008,843.2999630725227,140.73605656860374
2025-11-28,1573.458545215998,440.09638866315066,354.40720978725915,995.1002023576297,3182.0730600139113,847.9030604565512,140.7565101219927
2025-12-01,1582.1755275948344,440.09638866315066,351.8820780469157,988.0101685309929,3194.524254816931,844.0319842157702,140.77685892744603
2025-12-02,1595.1801986671085,440.09638866315066,351.1017153366702,985.8190757161943,3222.950320433525,845.5952887830854,140.79704903174786
2025-12-03,1604.9222894733884,440.09638866315066,353.4874379372608,992.5176782757802,3246.705860098278,848.5234497116764,140.8170264043941
2025-12-04,1629.0368597610232,440.09638866315066,353.49460561343307,992.537803588734,3296.2250245550363,849.1437626112012,140.83695268415596
2025-12-05,1644.2491997679083,440.09638866315066,353.8266195818919,993.4700283236556,3329.174503151469,850.7566983189264,140.85682784333773
2025-12-08,1644.3958178662751,440.09638866315066,351.30964325797106,986.4028931748941,3330.386946507297,848.2007709434107,140.87681369786344
2025-12-09,1643.5239324532324,440.09638866315066,350.255008477376,983.4417026161196,3328.621121170782,847.4688261557636,140.89680238813654
2025-12-10,1673.4734930548577,440.09638866315066,354.26623339733396,994.7043705848339,3389.2778223114515,853.0893619181977,140.91657805151934
2025-12-11,1667.41105480035,440.09638866315066,357.52017692715106,1003.8407531853055,3376.9995952523377,855.0744548233976,140.9362485127229
2025-12-12,1596.5884637734296,440.09638866315066,356.8201599176292,1001.8752540402733,3233.5629420383116,845.8807060182435,140.9557056716364
2025-12-15,1575.3529897755443,440.09638866315066,357.6114451923551,1004.0970150972146,3184.1912361703053,844.6027423304855,140.9752735660798
2025-12-16,1591.726446013816,440.09638866315066,354.9483109438376,996.6194995263667,3215.1337344119625,842.2949706570199,140.9948441769971
2025-12-17,1558.0538777361814,440.09638866315066,355.284821228652,997.5643489630218,3138.0519384341756,833.0266987856501,141.01436346769188
2025-12-18,1593.847390853984,440.09638866315066,355.10786098399893,997.0674821657325,3216.571376440434,839.3171785880188,141.03377735592636
2025-12-19,1639.3691906895979,440.09638866315066,355.22517591926515,997.396877597314,3316.054355246468,846.9242580120648,141.05324797932624
2025-12-22,1639.6073536375784,440.09638866315066,357.8400498852236,1004.7388885406779,3320.131046555395,852.2005063712545,141.0728294148858
2025-12-23,1631.794386235237,440.09638866315066,357.2592131954131,1003.108022430718,3304.3101394457212,856.0954055594323,141.09241356879906
2025-12-24,1639.967658742305,440.09638866315066,358.6737098082376,1007.0796286136197,3320.8606481650622,859.1068704483114,141.11221668731778
2025-12-26,1635.427314092849,440.09638866315066,358.705093003607,1007.1677459633798,3311.6666547377467,859.0197487079915,141.1318063090905
2025-12-29,1615.705087971794,440.09638866315066,358.35825707106125,1006.1939043000908,3271.730035091325,855.9584999675012,141.15145273471637
2025-12-30,1604.577404722035,440.09638866315066,357.89559764694746,1004.8948548624824,3249.1969776786505,854.9132681504659,141.1709937062604
2025-12-31,1582.4886946203162,440.09638866315066,354.95097478252336,996.62697901985,3204.4683345529807,848.5792656557376,141.1906455870158
2026-01-02,1638.54926372048,440.09638866315066,356.46040725011335,1000.8651449274947,3317.988462127476,850.1347055961879,141.21013786708764
2026-01-05,1670.668272500017,440.09638866315066,359.15037658953815,1008.4180077363654,3383.0280083315956,855.7967024497644,141.22963283819462
2026-01-06,1827.3537672454077,440.09638866315066,362.5471693078638,1017.9554805304492,3700.3090783968946,860.8863377210124,141.24907636323627
2026-01-07,1780.5979240857225,440.09638866315066,358.5138628434045,1006.6308122728163,3605.6306017860497,858.1113461272869,141.26846841499417
2026-01-08,1732.870792899805,440.09638866315066,362.4288458165826,1017.6232532877019,3508.9853106669093,858.0242243869671,141.2878631290822
2026-01-09,1820.8128104102357,440.09638866315066,363.894581311205,1021.7387273723776,3687.0639353969846,863.6986672034466,141.30726050586588
2026-01-12,1866.7552633869827,440.09638866315066,364.18936512775616,1022.5664177449208,3780.095333520811,865.0550480930523,141.32687720420736
2026-01-13,1862.627375260816,440.09638866315066,364.0274440380815,1022.1117777019103,3771.736545976959,863.3253646719626,141.34655078491568
2026-01-14,1861.377908883526,440.09638866315066,365.67822408245365,1026.7468175962435,3769.2064328363554,859.0819785225058,141.36622710430885
2026-01-15,1884.159345870678,440.09638866315066,367.3548324021237,1031.454377804115,3815.3378167060264,861.4214377702332,141.3859061627681
2026-01-16,1903.451722134864,440.09638866315066,366.67911644383827,1029.5571108517042,3854.4040097518473,860.69964827747,141.40558796067475
2026-01-20,1921.3835471732934,440.09638866315066,361.09932068070134,1013.8902289721145,3890.7151478419537,843.1785576675196,141.4253808613403
2026-01-21,2038.8277340649738,440.09638866315066,366.3052308321896,1028.5073194322981,4128.53433685171,852.9097735455141,141.44517653246865
2026-01-22,2078.3474344695073,440.09638866315066,366.7920012602648,1029.8740674501223,4208.559950284439,857.3647410643188,141.4650291632652
2026-01-23,2003.8399794785573,440.09638866315066,365.2004349548193,1025.4052871632744,4057.6857095911005,857.675737425688,141.48483038406746
2026-01-26,1995.280880846455,440.09638866315066,366.2891745864263,1028.4622369030324,4040.353920345384,862.0311372412702,141.50463437649705
2026-01-27,2059.502327017367,440.09638866315066,366.05128345091794,1027.7942891002056,4170.399456438938,865.4656885132448,141.5243869241328
2026-01-28,2145.850169825573,440.09638866315066,364.443648744004,1023.2803921534492,4345.249949195376,865.3785667729251,141.5441964533922
2026-01-29,2136.6017515121493,440.09638866315066,364.8929485506773,1024.5419306216093,4326.522318640531,863.661329314738,141.56400875544185
2026-01-30,2029.408053413938,440.09638866315066,364.11451981592825,1022.3562679994089,4109.459907776506,861.0853967718571,141.58376959111177
2026-02-02,2111.4658210684847,440.09638866315066,365.69744101218384,1026.8007746550634,4275.623191562991,865.3661971656229,141.60364167422824
2026-02-03,2126.525067057285,440.09638866315066,364.3623971029828,1023.0522547956632,4306.117486452685,858.0491163127729,141.62351654650396
2026-02-04,1962.4207322763039,440.09638866315066,367.26854222831724,1031.2120933159813,3973.813599444691,853.8928519036357,141.6433942083305
2026-02-05,1909.140420026014,440.09638866315066,363.983255331393,1021.9877051950554,3865.923366774111,843.2283415191309,141.66322039534285
2026-02-06,2027.7350191824528,440.09638866315066,370.30358352208674,1039.7338449118572,4106.0720888077885,859.4054972023786,141.68310362982916
2026-02-09,2042.1412141955825,440.09638866315066,370.27921274000704,1039.6654169298379,4135.243984883828,863.5493920042134,141.70298965503997
2026-02-10,1959.9069549324447,440.09638866315066,371.85775597720465,1044.0976312059183,3968.7233135387646,861.2720862153994,141.7228784713669
2026-02-11,2027.7213246763836,440.09638866315066,371.9087437065666,1044.240793924976,4106.04435804977,861.0730271645549,141.74282436918952
2026-02-12,2044.353764316486,440.09638866315066,367.2337646587423,1031.1144452840986,4139.724299229925,847.7704307782554,141.76277307417243
2026-02-13,2047.3362235669604,440.09638866315066,371.1301419721021,1042.0546455563037,4145.763644888275,848.3676842863897,141.7826702814405
2026-02-17,2006.452653491629,440.09638866315066,370.61643008790963,1040.612251649525,4062.97625679808,849.7365111388982,141.80262459428647
2026-02-18,2056.8141225238187,440.09638866315066,372.46820836179853,1045.8116518992385,4164.9559634107345,854.0172351770634,141.82258171547707
2026-02-19,2045.9306609054793,440.09638866315066,371.5501422058029,1043.2339170440223,4142.91744380244,851.764821314055,141.84254164540755
2026-02-20,2059.702510449474,440.09638866315066,373.41408493716904,1048.4674725077473,4170.804818873104,857.9247330393451,141.8624500486459
2026-02-23,1996.7030024380285,440.09638866315066,368.9630782873513,1035.9699908098216,4043.233652518876,849.1641495565697,141.88236124614127
2026-02-24,1980.6120466184145,440.09638866315066,371.70538494684723,1043.669805701933,4010.650191687887,855.3362781779606,141.90227523828588
2026-02-25,2046.6540883871132,440.09638866315066,372.1012413857769,1044.781286539807,4144.382351871057,862.5538676831887,141.92219202547196
2026-02-26,2070.8061834098135,440.09638866315066,374.9103905991392,1052.6687811321087,4193.2892565310785,857.7628591660078,141.9421116080918
2026-02-27,2061.567462916926,440.09638866315066,374.8395070466348,1052.469755165671,4174.5812636260525,853.6439326455794,141.9619796073402
2026-03-02,2059.579996563872,440.09638866315066,374.0807659752969,1050.3393713225253,4170.556733772535,854.1293251987895,141.98195915595286
2026-03-03,2021.1166464418984,440.09638866315066,370.65645769876545,1040.7246406827142,4092.6701820861344,846.600739332192,142.0018871272276
2026-03-04,2126.2759620063725,440.09638866315066,371.5758839618215,1043.3061944297965,4305.613059943771,852.5737325471379,142.02181789550588
2026-03-05,2124.83037188859,440.09638866315066,367.70906909195065,1032.4489992226295,4302.685805061681,847.8202146298667,142.04169705144653
2026-03-06,2076.86529335964,440.09638866315066,364.0127992512093,1022.0706582495505,4205.558681289562,836.7077259364609,142.0615245673412
2026-03-09,2141.2810672452897,440.09638866315066,364.14430530812604,1022.4398993378693,4335.997722253336,844.0372527522138,142.081518125785
2026-03-10,2098.9927167724472,440.09638866315066,361.3773087875363,1014.6707605576112,4250.365717126619,842.6807955070075,142.10146007072444
2026-03-11,2115.573521148279,440.09638866315066,359.59598821879064,1009.6691905853576,4283.941099222171,841.6231177270694,142.12145924964025
2026-03-12,2047.952793076199,440.09638866315066,354.92757429719796,996.5612754251238,4147.012170375455,828.8430990714871,142.1414612432151
2026-03-13,2077.938519345882,440.09638866315066,354.8190729394111,996.2566266479303,4207.7319155758005,824.1517346131296,142.16146605184508
2026-03-16,2131.3528270829065,440.09638866315066,357.173339784995,1002.8669081257042,4315.893483072136,832.5390155644211,142.1814736759264
2026-03-17,2180.522041578615,440.09638866315066,358.33478236886276,1006.1279923201453,4415.458927945121,834.7290469017141,142.20148411585538
2026-03-18,2162.982083764342,440.09638866315066,352.95144571774415,991.012725917684,4379.941303335034,823.0815345146882,142.22155184011962
2026-03-19,2188.301417271018,440.09638866315066,352.1984295351538,988.8984163467136,4431.211813355074,821.0532243395312,142.24162239637656
2026-03-20,2131.296870695525,440.09638866315066,347.67826545270634,976.2067552604921,4315.7801739078495,809.2827794354896,142.26175026325475
2026-03-23,2184.778033131438,440.09638866315066,350.9832732836062,985.4865155771506,4416.505757901836,817.7802415184914,142.28188097832188
2026-03-24,2208.329177836721,440.09638866315066,351.4356387313073,986.7566617144608,4458.673294428615,815.0351049646126,142.3020145419811
2026-03-25,2225.2777697795445,440.09638866315066,352.8455760516422,990.715466372018,4502.109338652686,819.5770415125357,142.32215095463548
2026-03-26,2123.2103813306576,440.09638866315066,351.16097751235765,985.9854713238354,4266.069048495106,804.9404364276155,142.3422902166881
2026-03-27,2121.49493185225,440.09638866315066,347.13300437644216,974.6757779204586,4235.028208563008,791.21467730262,142.36237781175765
2026-03-30,2077.9454317974178,440.09638866315066,347.8309973787679,976.6355940829878,4128.685339736027,788.5693375187656,142.3824682416241
2026-03-31,2142.6332984558458,440.09638866315066,353.38637676070016,992.2339199478973,4335.420956524391,811.4913651837359,142.40250696927282
2026-04-01,2186.3551579995747,440.09638866315066,354.08666041371487,994.200167771243,4443.588365922382,817.6055399042482,142.42254851714657
2026-04-02,2221.657038285273,440.09638866315066,355.2331348848597,997.4192246829754,4516.788371168144,818.3417606055305,142.4425928856423
2026-04-06,2176.740281299212,440.09638866315066,356.47845496988253,1000.9158190929779,4424.060736296945,822.2099353334875,142.46280374075857
2026-04-07,2232.1579155339286,440.09638866315066,355.36691258351084,997.794844059001,4536.6929055192395,822.5717081692762,142.48290834290924
2026-04-08,2425.880219981597,440.09638866315066,362.6475896898997,1018.2374396433763,4930.418904075374,843.5223105815595,142.50296120637017
2026-04-09,2466.312894814667,440.09638866315066,363.6241312803118,1020.9793611037575,5012.595271522242,848.3886057209626,142.52296230323043
2026-04-10,2532.2447684918093,440.09638866315066,360.67487313938733,1012.6984703888088,5146.596840800614,847.8271629895241,142.5429662073578
2026-04-13,2589.120546297132,440.09638866315066,363.32929900113163,1020.1515346584407,5262.192577047427,856.1125092139735,142.56308212217718
2026-04-14,2639.1668592908563,440.09638866315066,364.4636048533008,1023.336424671558,5363.907940250892,866.5441350165544,142.58320087578994
2026-04-15,2623.1204657317658,440.09638866315066,363.78739300364344,1021.437765361455,5331.294853465191,873.3820081198454,142.60332246859667
2026-04-16,2716.071574747918,440.09638866315066,364.76347326755126,1024.178391514957,5520.210984308406,875.5282113423764,142.6234469009981
2026-04-17,2777.5653610396143,440.09638866315066,369.04596925507894,1036.2027310489686,5645.192475116739,886.1095704777941,142.64351954367712
2026-04-20,2803.7519353768007,440.09638866315066,369.4652928679963,1037.3801027291818,5698.414715885916,884.3375860539549,142.66364964876067
2026-04-21,2739.7398901301603,440.09638866315066,366.55080345451057,1029.196835219276,5568.315053349834,878.5479226361236,142.68367329915296
2026-04-22,2823.7620866139505,440.09638866315066,365.821085802576,1027.1479429759718,5739.083841723381,887.4447245104246,142.70369975997787
2026-04-23,2741.4648554997843,440.09638866315066,367.5726975311675,1032.0660968324346,5571.820915592007,884.0007814995724,142.7237290316299
2026-04-24,2806.569197791438,440.09638866315066,365.80241506733375,1027.0955195153197,5704.140589633704,890.8511769213669,142.74376111450349
2026-04-27,2798.1183875222505,440.09638866315066,365.4016814415806,1025.9703445722987,5686.964954017913,892.3859244940463,142.76379600899324
2026-04-28,2679.831689803704,440.09638866315066,365.14899533792845,1025.2608556399837,5446.556146638054,888.043581486172,142.78383371549378
2026-04-29,2776.110362561055,440.09638866315066,363.715106669114,1021.2348006809079,5642.235300255015,887.9063704718385,142.8038742343998
2026-04-30,2888.9339127581075,440.09638866315066,368.8393145961472,1035.6224886406835,5871.540671614474,896.7407134648233,142.82386285676012
2026-05-01,2980.94547945037,440.09638866315066,367.1180108760058,1030.7894332373814,6058.547253421948,899.223873952938,142.84385427697882
2026-05-04,3015.4228558549507,440.09638866315066,364.2068627522001,1022.615547359524,6128.619925183689,895.929664274923,142.86395793951183
2026-05-05,3137.7455026518974,440.09638866315066,366.17236885960926,1028.1342712206763,6377.231495201263,903.1170169623012,142.88406443140875
2026-05-06,3293.0789051822635,440.09638866315066,368.3908205266448,1034.3632125114395,6692.934940887414,915.669801350406,142.9041737530678
2026-05-07,3128.6672637919455,440.09638866315066,366.0363956692498,1027.7524873700515,6358.780658213459,912.8622822708116,142.92428590488723
2026-05-08,3330.7373822532704,440.09638866315066,365.2686918207972,1025.5969379516184,6769.472960250541,920.3989618310761,142.9443461370527
2026-05-11,3472.5761286331276,440.09638866315066,364.37541022600396,1023.0887928823508,7057.749533315186,922.4952284907943,142.96446394268239
2026-05-12,3347.339299550958,440.09638866315066,365.32905949861083,1025.7664375745092,6803.215107209898,921.0976919324486,142.9845845796665
2026-05-13,3415.0647902486967,440.09638866315066,363.49102580119165,1020.6056291774678,6940.862068042302,926.2510841302234,143.00470804840344
2026-05-14,3372.468572144799,440.09638866315066,364.88918829123634,1024.5313726114332,6854.288461789324,933.5632018690325,143.02477956827175
2026-05-15,3212.731091764944,440.09638866315066,361.45954943356605,1014.9016748314984,6529.634059454413,922.3330491950545,143.04485390529146
2026-05-18,3066.569081375209,440.09638866315066,364.9644605580766,1024.7427211559761,6232.570777785595,921.6841793008939,143.06493105985794
2026-05-19,3078.9961589512222,440.09638866315066,363.65563630269713,1021.0678205179219,6257.827877331775,915.5450362989754,143.08495622300765
2026-05-20,3209.800092764921,440.09638866315066,366.6266670722803,1029.4098441516894,6523.677024659991,924.9284524160964,143.10487453925498
2026-05-21,3339.0727327148165,440.09638866315066,367.615028802246,1032.184954054454,6786.413932500201,926.7626666544497,143.12490529339536
2026-05-22,3356.185868510429,440.09638866315066,370.0559632173468,1039.038579667394,6821.195092567259,930.4062795609515,143.14493885129144
2026-05-26,3540.197329983877,440.09638866315066,370.44857594864396,1040.1409528628944,7195.184533901714,936.5829131627798,143.16503005334638
2026-05-27,3529.0785942577727,440.09638866315066,370.09735487661146,1039.154798658916,7172.586540661215,936.4206575114392,143.1850692276074
2026-05-28,3560.51184450321,440.09638866315066,370.0083912599489,1038.9050077108254,7236.472255194891,941.5864956721169,143.2051660621877
2026-05-29,3598.719509662006,440.09638866315066,368.7477915098286,1035.3655112451918,7314.126457998416,943.9323687902972,143.22526571747244
2026-06-01,3678.732112072481,440.09638866315066,367.36650870067876,1031.4871623715237,7476.746048297835,946.5028037299328,143.24553277456434
2026-06-02,3780.2990014444154,440.09638866315066,368.67876904480033,1035.1717108172647,7683.173104037346,947.7880975553514,143.2658026995413
2026-06-03,3763.950461692592,440.09638866315066,367.45102674749137,1031.7244711032968,7649.945927863318,941.1372956736058,143.28607549280918
2026-06-04,3700.625697898807,440.09638866315066,371.55720352279116,1043.2537437229746,7521.243113135164,944.6935577729859,143.3063511547739
2026-06-05,3318.8743356644713,440.09638866315066,371.0613502764293,1041.861493079736,6745.362211220323,920.3116110239544,143.32662968584125
2026-06-08,3497.7421556528993,440.09638866315066,368.79091156883777,1035.4865832162436,7108.8975884980955,922.3953553651692,143.34702085815957
2026-06-09,3387.701534278466,440.09638866315066,373.29299568518627,1048.1274795961422,6885.248310445603,919.6877094112001,143.3673600405012
2026-06-10,3211.574838000467,440.09638866315066,370.5962127226306,1040.5554855800942,6527.284060731749,905.1883153406133,143.38770210872306
2026-06-11,3498.574260060638,440.09638866315066,374.2554151953965,1050.8297492535194,7110.588778058194,920.5736634453194,143.40799215133777
2026-06-12,3583.146825492061,440.09638866315066,377.225842963992,1059.1700797885337,7282.476149880864,925.5523540288507,143.42828506509017
2026-06-15,3775.5194104253846,440.09638866315066,377.18137365397706,1059.0452194071058,7673.458945143648,941.8735163748881,143.448635777825
2026-06-16,3558.5520800779923,440.09638866315066,377.9964809511897,1061.3338676456297,7232.489181550098,936.2584782156994,143.46898937807615
2026-06-17,3581.930996141947,440.09638866315066,372.20269159592755,1045.0661371914448,7280.005068265806,924.566603224707,143.48956558556998
2026-06-18,3810.8614089592566,440.09638866315066,372.23635979995635,1045.1606703603995,7745.288896286301,934.1793152105223,143.51008981429746
2026-06-22,4012.342371680806,440.09638866315066,372.91382671525554,1047.0628536283689,8154.783783639464,931.239471875035,143.5307817758444
2026-06-23,3708.3973308813725,440.09638866315066,374.2353202264859,1050.7733268470965,7537.038372050734,917.7160550917112,143.5514767208559
2026-06-24,3672.722001861099,440.09638866315066,376.71050442201806,1057.7231185720602,7464.530951790718,917.2906780405968,143.57217464976222
2026-06-25,3850.9101070613865,440.09638866315066,378.5048352552366,1062.7612186047986,7826.684859936905,918.6167457567523,143.59282061213864
2026-06-26,3611.5602534161403,440.09638866315066,381.72271527445787,1071.7963425240105,7340.224302906952,911.9738848574723,143.61335961009183
2026-06-29,3652.4907535898765,440.09638866315066,381.19786692496575,1070.322679787012,7423.412462877762,926.9985291047984,143.63428627525465
2026-06-30,3791.1316076450316,440.09638866315066,379.59265839784126,1065.81559503801,7705.189560559804,934.2168821660329,143.65521598975295
2026-07-01,3487.947028909466,440.09638866315066,381.64445354763114,1071.5766002105042,7088.989730861164,932.953349686794,143.67598385363365
2026-07-02,3210.7333336307847,440.09638866315066,387.1396626461588,1087.0059806941138,6525.573766456718,931.7273841630658,143.6965897481093
2026-07-06,3261.1632654202563,440.09638866315066,386.0382653472197,1083.913490911784,6628.068805980114,939.8589502078447,143.71752854117744
2026-07-07,3040.1853053954874,440.09638866315066,387.3817173902668,1087.6856190259282,6178.947739525152,935.3928347713479,143.73841539998688
2026-07-08,3126.0947639057185,440.09638866315066,382.3361097740587,1073.5186240516437,6353.552245876638,932.5030043542736,143.75930529434024
2026-07-09,3236.693598357846,440.09638866315066,383.2471547198063,1076.07664483913,6578.336049982024,940.3968754142887,143.7799781664731
2026-07-10,3225.392755755995,440.09638866315066,384.9387760915118,1080.826358509759,6555.367938227286,944.4501361181748,143.80076406689975
2026-07-13,3043.1296742276704,440.09638866315066,385.9684184942972,1083.7173757776739,6184.931947496838,937.2192607384369,143.82182805832934
2026-07-14,3126.482695939046,440.09638866315066,384.0023458948526,1078.1970613271524,6354.3406885272125,940.5469905251289,143.84262000888685
2026-07-15,2956.273432455341,440.09638866315066,383.6345792210634,1077.1644505861696,6008.403175447868,944.2749763703277,143.86335991620544
2026-07-16,2739.422495038384,440.09638866315066,389.5626548484507,1093.8092283827204,5567.669971722277,939.1583112164565,143.8841028139017
2026-07-17,2721.8587272530185,440.09638866315066,386.83019518777195,1086.1370617727127,5531.97293606385,929.8633148848659,143.90484870240678
