date,incumbent_weekly,ltr_weekly,monthly_reg,quintile_prob_weekly,spy_hold,cash
2015-03-06,100.0,100.0,,100.0,100.0,100.0
2015-03-09,100.50067779184853,99.97177828095467,,100.38058859719727,100.4144766730121,100.00007935717541
2015-03-10,98.07227058145914,98.11967265044953,,99.00370650652279,98.78555672940807,100.00015871441379
2015-03-11,97.97264904811487,98.3531300660943,,98.60435597833975,98.55421470082177,100.00027774443902
2015-03-12,98.13402832926346,100.0023540204822,,100.21789202163104,99.80725058643415,100.00039677460593
2015-03-13,98.53521596359607,98.65489131391828,,99.02466011781367,99.19519931015812,100.00051580491454
2015-03-16,100.33797618781786,99.82862164410021,,100.3351112942102,100.52047950278111,100.00071416924622
2015-03-17,100.74221476084824,99.76622703231578,,99.90558325157788,100.22168274662617,100.00091253397137
2015-03-18,102.57728200100007,101.0129690390552,,101.44120931173356,101.42650234551402,100.00103156489389
2015-03-19,102.49850335611355,101.03450980378089,,100.70089979396084,100.9638628011615,100.00115059595808
2015-03-20,104.30012157243165,101.67640852068348,100.0,101.91793654847518,101.85507177736753,100.0011902769782
2015-03-23,104.3287106792377,101.56941810534421,99.88491096445266,101.79657312845025,101.65659801513773,100.0013093082313
2015-03-24,104.07356418016384,101.38799312734048,98.9734407098376,101.07491498580882,101.0853649948868,100.00138866644573
2015-03-25,100.81179762280914,98.91992399411163,96.86758777724953,99.77846369291399,99.6040940755306,100.00154736719662
2015-03-26,100.18283511601642,98.22101073338929,96.19015790027215,99.29536373224445,99.3669030623841,100.00166639887476
2015-03-27,101.53573198185295,97.60852447003056,96.69633335566502,99.21847793995802,99.59441698844242,100.0018251000664
2015-03-30,102.74392539978957,98.88349323079778,97.78145848538104,100.64506213991686,100.80945673082357,100.0019838015099
2015-03-31,101.79590159612265,98.58202352019421,96.87438176670082,100.53844611926627,99.92839667759871,100.00210283370753
2015-04-01,100.47900472331315,97.53420090258243,96.65971772867366,99.29998499934331,99.57503610657402,100.00222186604684
2015-04-02,100.08690387220547,97.9975702690629,98.27031611161637,99.32529278611406,99.93325747755286,100.00230122498546
2015-04-06,100.5821530752969,99.55838532199913,100.07267293203991,99.57467212097995,100.60613997376771,100.00242025756091
2015-04-07,100.73683311527166,98.822595753655,100.08732368345368,99.22969139834657,100.33988208910061,100.00249961665695
2015-04-08,101.02108526845078,99.44401554031685,100.2785141865148,99.80050576450229,100.6787581884671,100.00261864946857
2015-04-09,101.24062995102523,100.72328359125832,101.50028308321197,99.58669616077134,101.12407334323952,100.00273768242185
2015-04-10,102.17293884107988,100.99523840311127,101.11743042341634,99.78887091615206,101.67593438418605,100.0028170417698
2015-04-13,101.43040793755347,100.84082472125361,100.83610953745146,99.33628795703606,101.21604573211526,100.00293607495924
2015-04-14,101.76881188866079,100.22799554524276,101.05972855895685,99.44815026500352,101.40969430464699,100.00301543446463
2015-04-15,101.99510921993684,101.17838729458424,102.95091143124213,99.6575060953711,101.86471325419963,100.003094794033
2015-04-16,102.41772808538508,101.3310275500342,102.3778809885604,99.50468770529372,101.83568199293511,100.00317415366435
2015-04-17,101.20008812666539,100.41753233507382,100.45751315021195,97.96770592455024,100.66423810655283,100.00321383548744
2015-04-20,102.03346642043775,101.98405574404971,101.85589717045342,98.6056600015989,101.58393528761825,100.0033328691492
2015-04-21,103.46420823507195,101.74254026248667,102.02088006026187,98.40795788364339,101.46294054004198,100.00345190295262
2015-04-22,104.05868527205963,103.1419055105709,101.3037316395309,98.31509618234395,101.9615464430295,100.00357093689775
2015-04-23,104.3080495582463,102.24023603173487,100.89988044937796,98.50616751063546,102.21811833804442,100.00368997098454
2015-04-24,103.67915210306207,102.32458237785639,100.60408100926071,98.58238569420686,102.4552915460629,100.00380900521304
2015-04-27,103.4485015287056,103.24686936418651,101.02296274568475,98.0638577709635,102.02933056546684,100.00388836541117
2015-04-28,103.317870742052,99.5382016307162,100.98753328424216,98.0429235966439,102.35362426497092,100.00396772567228
2015-04-29,101.67722997118229,102.63795715173856,99.731519421136,97.22676965522145,101.93251518176498,100.00400740781028
2015-04-30,100.55018590680005,101.93839744773733,98.47479758073193,96.33411280425061,100.91110620678751,100.004047089964
2015-05-01,103.12245787184057,104.34772566460448,101.5608024224326,97.60225976998746,102.00513339646437,100.00408677213349
2015-05-04,103.31442660690085,105.09914119673722,101.74877372098217,97.9789931966096,102.2955706450059,100.00416613255206
2015-05-05,101.00056740731819,104.05920817353541,99.86257387111789,96.61515010527658,101.12407334323952,100.00420581476877
2015-05-06,101.04540106404941,103.3888421612441,99.46655324372539,96.19577349857144,100.7077805471676,100.0042851752818
2015-05-07,102.25772394432633,103.83190452723038,100.70964347195338,97.00981811053418,101.10956216388927,100.00432485754575
2015-05-08,102.18460607836997,106.04674935009407,100.85058674790498,97.87964326814146,102.4407625615846,100.00436453982546
2015-05-11,102.47594708212286,104.97258371771542,101.44215551199378,97.6485498981155,101.9518515508133,100.00444390046444
2015-05-12,101.98479458606047,104.68381959853767,100.82417402017388,97.1586080336962,101.64690312292153,100.00456293559033
2015-05-13,102.91906060228445,103.77909954647603,99.9792886523115,97.33118813890212,101.66624839453387,100.00464229638675
2015-05-14,102.91859578317104,105.95080320233116,101.0567246484887,98.20162015372236,102.72640132812012,100.00468197879239
2015-05-15,103.21190601456618,106.28536076052694,101.18972325360242,98.31636379312081,102.83773679373623,100.00476133968328
2015-05-18,104.49808715065629,107.46669094876313,102.1506012853173,98.74668868098797,103.15724981636237,100.00484070063716
2015-05-19,104.55575688563172,106.73029584199128,102.04976802689339,99.03980198300873,103.12332214488762,100.004920061654
2015-05-20,104.56652565743435,105.29632973720453,101.3126662402653,98.7504808254559,103.05072173531626,100.00499942273383
2015-05-21,104.7184118831179,105.37619546722917,101.57333101614182,98.95211878591653,103.35084497350996,100.00507878387664
2015-05-22,105.01654210757916,104.95942768704847,101.52259625205508,99.04628462440274,103.1039768732753,100.00515814508242
2015-05-26,102.93643599326147,103.28423565913502,100.01698949675617,98.1317297181601,101.99542069912013,100.0052375063512
2015-05-27,103.37647631131526,104.66541881088287,101.40226896129633,98.55172576846647,102.96360124383064,100.00527718899303
2015-05-28,103.11122586945962,103.80035455166734,101.34131206632364,98.20422890857796,102.84742278338842,100.0053168716506
2015-05-29,102.57120560432693,102.95115503503648,101.40903413001904,100.48130645779905,102.20845015352027,100.00535655432395
2015-06-01,102.47551456088308,102.61557444370465,100.95649233339846,100.73481065369899,102.4165475874541,100.00543591575018
2015-06-02,103.38400799257664,102.56723211717075,100.63372010656734,100.3058123475487,102.31493372174627,100.00547559847075
2015-06-03,103.61726132121528,101.722717489585,100.3322402629822,100.39822093327663,102.58599008841938,100.00555495999144
2015-06-04,103.77968197404986,101.03367132378662,99.31098640598333,99.60937301466414,101.71952133762092,100.00563432157512
2015-06-05,104.09114184273969,101.94693600776864,99.25142336620621,99.82811034610756,101.54526254952162,100.00575335811796
2015-06-08,102.47577024737967,100.56273800052797,97.87287143435024,98.5347457686894,100.92076548874765,100.00583271985906
2015-06-09,102.22345981785648,99.88438285704866,97.98947929865194,97.9435411625983,100.90626321196142,100.00591208166315
2015-06-10,103.45867790434203,100.65178808996154,99.14445806568936,98.7436876739226,102.1164243492604,100.00599144353023
2015-06-11,103.09056242494945,100.98144422116115,99.24424379153568,99.15179395621277,102.44562336153874,100.00603112647123
2015-06-12,102.12838473580345,99.98430928846656,98.52264534042688,98.27297564860167,101.66138759457972,100.00611048843275
2015-06-15,100.90567555116938,99.64792643596489,98.81683706219019,97.40381503136936,101.22575842945952,100.00618985045729
2015-06-16,100.77438299016553,99.66761984842512,97.92413976020615,98.28733301374986,101.77761056784203,100.00622953347701
2015-06-17,101.08313190229751,100.0047973115875,98.03061458417152,98.83913310005356,101.94218336628916,100.0062692165125
2015-06-18,101.17041025289952,101.37214008394143,98.88688029177978,100.28692971690323,103.0023452024394,100.00630889956372
2015-06-19,101.41293224909933,101.92134847977398,98.78729543557054,100.17947007914354,102.54506500162606,100.00634858263071
2015-06-22,101.79556241040945,102.43284151354194,98.94616271456525,100.80371231802617,103.07042310948935,100.00638826571343
2015-06-23,101.88587668995373,102.11339824548668,98.52818329604283,100.75413497413537,103.14337962162143,100.0064279488119
2015-06-24,100.45642090096051,100.75772117646524,97.47041716552795,99.9318284849683,102.39429117740771,100.00646763192611
2015-06-25,100.26439344329849,101.26107189510083,97.8468037693482,98.94490636024506,102.08299522137072,100.00650731505607
2015-06-26,100.83889611491266,97.24246440442707,97.11300408553548,98.74283677530954,102.06353421642613,100.00654699820176
2015-06-29,98.09468860194954,94.68318021378279,94.65071722672891,96.87871048547717,99.92317977508384,100.00662636057267
2015-06-30,98.50727930397947,95.52893788690682,94.90455524790453,97.68816517485533,100.13236332182795,100.00666604376562
2015-07-01,98.65274975347837,95.65758143702885,94.87701282537249,98.48305298380883,100.93495617579325,100.00670572697432
2015-07-02,98.53572741037588,95.52453242450406,94.80621397457556,98.21611479197787,100.84252975615253,100.00674541019876
2015-07-06,96.67646334722475,94.54418628575544,93.387928471977,97.48939439019645,100.5555288973222,100.00682477272711
2015-07-07,97.67509275609682,94.50035832023838,94.07136816529358,97.9812818628074,101.18793143494464,100.00690413531848
2015-07-08,94.67350271037598,92.18036941521503,92.08061064397025,96.35275929898496,99.49026589198928,100.00698349797281
2015-07-09,94.75916793281587,92.55707005200998,92.40946041672193,96.40563659577623,99.67021341849645,100.0071025361216
2015-07-10,95.07326961233336,94.43447020729792,94.37217700087695,97.07086005194222,100.92523457588496,100.00714221950348
2015-07-13,97.07479148082592,95.34875147525383,96.23548286095938,98.70220716653361,102.03919460639939,100.00722158234674
2015-07-14,98.58462271876682,96.00433980405388,96.25397398096736,100.07970309258297,102.48183008940221,100.00726126577588
2015-07-15,96.52620813671147,95.01721443094814,95.68694061096733,98.14496720061311,102.44779558715926,100.00734062871364
2015-07-16,96.62345676980169,95.00135131549689,96.11504613615963,97.73739351448582,103.2698405435051,100.00741999171436
2015-07-17,95.02584451362107,94.52997609771789,95.92709569560022,95.39628888347289,103.35741506575566,100.00753903038267
2015-07-20,93.5438702668739,92.78714146743786,95.97497228865878,94.32417274997393,103.41090167037919,100.0076977408941
2015-07-21,94.30935953814574,93.30504172691494,96.05858770198209,93.69599379906464,103.00235410500342,100.00781677989302
2015-07-22,94.90760710108563,93.26741175452499,96.80880400344682,94.59242357980625,102.817483460594,100.00797549084521
2015-07-23,95.75286733400674,93.69153032463338,97.61607715753688,93.95700868611313,102.23862984554319,100.00809453017474
2015-07-24,94.02834762013458,90.44889782648877,96.36399002804404,92.80119525629893,101.17818312734433,100.00825324156773
2015-07-27,92.68871925206749,89.39716146238452,95.76374705540223,92.51439601396078,100.58960791238525,100.00845162124764
2015-07-28,96.67571359012122,90.84011907312656,96.87587152102695,94.24733807170362,101.8251235520091,100.00865000132109
2015-07-29,97.49923595612503,91.61124174989554,98.09591679502776,94.48360850209512,102.52563070437353,100.00888804603154
2015-07-30,96.00075874663129,91.92597967757405,97.95444911589718,95.71753519557677,102.54993470414419,100.00916575169839
2015-07-31,95.06622507273912,92.0246803819606,97.0849627105063,95.7804660404972,102.39429117740771,100.00948311468895
2015-08-03,92.66602771834975,90.60153630540752,95.91161412786983,94.53303388115336,102.04890730374365,100.00980047868661
2015-08-04,91.8251946666674,90.9073709853341,95.69099594964885,94.04739417979697,101.84946316203582,100.0101178436914
2015-08-05,92.55445232618182,88.71125158938679,98.63696353949231,94.28875996756686,102.18512543579163,100.01043520970327
2015-08-06,93.88271234663286,87.71733195062795,97.51705791803374,94.21400573500611,101.3484446641993,100.01059392481088
2015-08-07,92.21818854232039,86.42784683161224,97.75014393894897,93.61627439350809,101.15384351731758,100.01083197414835
2015-08-10,97.57662290618714,89.47344554602644,99.48992544671405,95.97485199305612,102.4283345822147,100.01130793182107
2015-08-11,93.74902379158365,88.1786261355942,97.897431629864,95.29071893024383,101.50409709349981,100.01170460457436
2015-08-12,95.48649090813782,89.38134358614353,99.07298280039248,96.49185941381084,101.62569721542931,100.01210127890099
2015-08-13,93.63405515572032,88.48151885787559,98.65163164765443,95.34115905031815,101.49921848841763,100.01249795480092
2015-08-14,93.90266270185768,88.13785867884577,99.431664392804,95.581311936316,101.86894197210844,100.01285498229285
2015-08-17,94.90622837374116,89.41465629857525,100.25471390939478,96.35040969430887,102.43803837699492,100.01325166118217
2015-08-18,93.36483952135528,88.29231568632834,100.11742287859174,95.7348314895319,102.14133372338435,100.01352937896594
2015-08-19,92.18135528119608,87.62631275849874,99.16920828416573,94.51402785105704,101.3338711669009,100.01372776911178
2015-08-20,89.35533078572416,84.670328298704,96.95589438691727,92.56766458861158,99.21786523814937,100.01380713718116
2015-08-21,86.76540292127464,81.0546105487907,94.17107403946574,89.71893869670292,96.23116184069058,100.0139261834521
2015-08-24,83.0710314104064,77.77229560797993,91.34535553164537,86.24479185121992,92.17919543789887,100.01416424072114
2015-08-25,82.53962552075336,78.54918468035811,90.69095657353584,84.7179935935155,91.09439130454523,100.01444196103898
2015-08-26,84.7347097623529,82.39278840488784,93.50045097478217,87.88568610025072,94.59188821513295,100.01468001953567
2015-08-27,91.84308577431344,85.99671958441081,96.62007996026286,91.64805109055689,96.93164228536297,100.01491807859904
2015-08-28,93.11375459950656,85.93170251717666,97.07821030454042,93.06562835146822,96.93647637762504,100.01515613822905
2015-08-31,93.14845052214176,85.55954901200988,96.70297388591332,91.72623584809001,96.15332672347631,100.01547352022912
2015-09-01,89.44187457865189,81.97763028201197,93.39782660617917,89.70716710423225,93.28336264799289,100.01559256848356
2015-09-02,90.6987107127488,82.5026884882621,94.70064677537606,91.08372379190683,95.0540114107724,100.01571161687967
2015-09-03,91.22343636799155,82.67363162413591,95.47561306383903,91.10501520083157,95.12207151269429,100.01579098652337
2015-09-04,88.87556656018464,80.3329268813035,93.80238005153903,89.68665519042045,93.68223312628047,100.01587035623005
2015-09-08,90.6002362870831,81.85850694472757,96.09748847809398,92.35364906577404,96.03659630406494,100.01610841812669
2015-09-09,89.85498029336833,81.77921467339013,94.84851458344258,91.69369215794211,94.75241924951563,100.01622746713684
2015-09-10,89.8862845531246,82.34955407556001,95.23120658796907,92.6077378975513,95.26799343952253,100.01630683718992
2015-09-11,89.52556989112306,82.48100212290925,95.7721383488916,93.28054815336928,95.70097854312922,100.0164655616157
2015-09-14,88.83130278496552,81.86520096664422,95.60919726180252,92.16239517013705,95.34581965417279,100.01674328832387
2015-09-15,90.16043467642484,83.91979824584429,96.80745260228011,93.89137476436005,96.53759699677344,100.01702101580321
2015-09-16,91.68239164884099,86.47716707850228,97.7782721653442,96.00121506685055,97.37427776836579,100.0172590804387
2015-09-17,90.85264000027986,86.18268632627095,97.9083421107136,95.68371560932268,97.15535481658537,100.01729876785076
2015-09-18,89.28365396201076,83.52377226881927,95.70703127004283,93.22995003562905,95.56771606233539,100.01725907646977
2015-09-21,87.27363837641745,80.95893387529428,94.99594514596753,92.32278873437826,96.06157689870102,100.01729876388183
2015-09-22,84.77780325345478,79.48806190174302,92.83743500641036,91.10464160955001,94.81470158738948,100.01725907250083
2015-09-23,82.60640973527263,77.07786804817046,92.40601444927097,90.36756033723064,94.66315324010152,100.01729875991289
2015-09-24,82.74367339207535,77.29626036935274,92.36917279923168,90.04162609127047,94.3208585561519,100.0173384473407
2015-09-25,81.78728234396965,75.64563134289354,92.66472265987194,90.58518129356916,94.29643882304899,100.01729875594395
2015-09-28,78.5273264262156,71.97182671338636,89.90486322564354,87.1416387654434,91.92984352230302,100.01733844337177
2015-09-29,78.07745747763056,71.86510228463874,88.99027669853255,87.03803462674664,91.98362391153914,100.01737813081535
2015-09-30,79.37895834185804,74.47373735352603,91.14794150091438,88.24889096100468,93.69989581329328,100.01733843940285
2015-10-01,77.72590380917666,74.25588061518552,92.01996051642031,88.08902355463034,93.94436022124296,100.01725905265539
2015-10-02,81.48965518729285,77.03185226555881,93.02419160311054,89.8314779502362,95.34768919261668,100.01725905265539
2015-10-05,84.19476520145217,80.19287151921378,95.12071287051712,91.45643113610893,97.04441106378607,100.01729874006745
2015-10-06,84.82981269538841,80.15411315201456,94.11013640252501,90.89379372592114,96.71187359000079,100.01729874006745
2015-10-07,87.25209839275503,81.59515552424354,93.88869192313416,90.89860361370759,97.50400593124425,100.01729874006745
2015-10-08,88.20662511237853,82.78335017253187,94.98328533712606,91.57751557501899,98.38413121524717,100.01725904868647
2015-10-09,88.15941459835797,82.15919275248523,95.0583742220859,91.69691531980385,98.44281691725753,100.01729873609854
2015-10-12,87.61703107312499,82.22440594543203,95.29678072559766,92.21779643553525,98.53572407535522,100.01733842352634
2015-10-13,86.72255854901361,80.94308423086909,94.12090252674025,92.01945598146307,97.91474352736857,100.01737811096989
2015-10-14,85.15546215982143,81.36001859622061,93.86824617399442,91.16056259624204,97.44532913179792,100.01737811096989
2015-10-15,86.81602996184878,82.28882044819346,95.06866380767096,92.53765325059868,98.94153855357727,100.01741779842918
2015-10-16,88.09001000022425,82.31695551205503,95.64299328241698,93.11205084384619,99.39142072369121,100.01745748590423
2015-10-19,88.92084949792093,81.82708046016145,95.490624080053,93.8285101698949,99.44027799502507,100.01753685693342
2015-10-20,89.08391208435037,81.37333466982868,96.26830353113807,93.58732017178352,99.31316718596807,100.01761622802559
2015-10-21,87.46405616098743,80.44134483478942,95.7244074236478,93.8631799777182,98.69710085331967,100.01765591557937
2015-10-22,88.11744518113827,80.44856341398734,97.36236177676368,95.5045502387951,100.36443536066379,100.01765591557937
2015-10-23,88.36060385406364,80.14207690874802,96.53472452972008,96.81709251316185,101.46460531951347,100.01769560314891
2015-10-26,86.71590303582664,77.99658025308553,95.35819717249264,97.63010825742856,101.21526230648163,100.01777497436706
2015-10-27,83.74092102129403,77.20194312751637,95.26341671804558,97.52393140414975,101.01967297499385,100.0178940253609
2015-10-28,86.70346583672206,78.54893129854553,96.22690598743134,98.5378739168216,102.16872691286945,100.01805275230555
2015-10-29,85.73583813572802,78.80068236690396,96.57538315075175,97.51137613905142,102.11002340573106,100.01833048342102
2015-10-30,84.18309208422028,79.32779031855249,95.80535308955461,97.96240058264186,101.6699607637296,100.0186478754944
2015-11-02,84.53100915950456,80.89859714639125,96.7911085094758,100.54648823488733,102.87279509084132,100.01896526857499
2015-11-03,84.4005458229293,80.91146981808082,97.6464179000192,99.54066104280612,103.17110220597525,100.01920333783825
2015-11-04,84.16864667747873,81.39826843313793,98.57055216507416,99.14373020762322,102.85814147046676,100.01940173923914
2015-11-05,84.17376700422305,78.78115043673826,98.65171995140295,99.40893522779056,102.75545039451268,100.01960014103359
2015-11-06,83.23199824123596,78.77808223288707,98.92879583056849,96.41592584806627,102.70168781040458,100.01991753713602
2015-11-09,82.7343758537284,77.68213999324193,97.83933915241825,94.91692764765087,101.74331789124254,100.02047281628221
2015-11-10,81.97783347992055,77.40329093013773,99.09090048443079,95.31749018044576,101.97801618646385,100.02098846114527
2015-11-11,81.82801381517888,76.34693757016903,98.2842185771985,94.74331904942625,101.57708031332395,100.02150410866665
2015-11-12,80.45320121590528,74.82377932358932,96.83311571798515,93.14865030372667,100.15907991644765,100.022059396621
2015-11-13,79.8279104094987,74.57690028358127,94.46028318029477,88.37924791125137,99.03444571167498,100.0225750496635
2015-11-16,80.62874996159107,76.74767839658804,96.15185679039566,89.9250031364675,100.54047466156679,100.02316997781999
2015-11-17,80.40617182278952,77.13471470551691,95.86716280123,89.5505500432299,100.46713533918191,100.02372527502271
2015-11-18,81.80511277368812,78.90336821153203,98.15436458124825,91.6121774625558,102.0611661343972,100.02420129405547
2015-11-19,81.92054995519058,78.32754361206369,98.11254851638753,91.57254548467762,101.97314648394568,100.02463766862293
2015-11-20,82.41235817389388,78.42821350743705,97.32065445856617,92.17248514761215,102.34475731120844,100.02507404509414
2015-11-23,82.73249164605066,78.82277698416131,99.59072571066,91.90000945604095,102.22738590718774,100.02562935286764
2015-11-24,83.31977866741175,80.02800379683309,101.14153129688613,92.11948556773697,102.36428953666517,100.02626393071615
2015-11-25,83.52699194576685,79.81912677117722,101.40440800459535,92.10067821828466,102.34963591629061,100.02701738427777
2015-11-27,83.5660311820589,79.59938423715128,101.30725551316543,91.84179773716572,102.46697171005523,100.02769159906632
2015-11-30,85.42466904257546,79.31780738100338,102.42681966589606,91.51853778026012,102.04158049355637,100.02856390131802
2015-12-01,85.73362449915592,80.80862090365997,103.5660847573784,92.18724300206682,103.014621838221,100.0293966021233
2015-12-02,82.50727896318554,80.1492167127835,100.41475775172499,91.09344778105805,101.96336256608929,100.0302293098605
2015-12-03,82.07218366941193,78.44296534873345,99.66892965228242,90.61516943689523,100.53558715392062,100.03106202452969
2015-12-04,80.72155068224471,79.17868242332257,97.87569515493662,91.46588873488605,102.49629675593238,100.03193435617355
2015-12-07,77.6202486755898,76.42454287445732,96.85754805886853,90.82058354032786,101.87535181820179,100.03308385796392
2015-12-08,77.9405035489643,74.83933939286408,95.9278147104246,90.08693852873121,101.19077135286656,100.03415420242357
2015-12-09,77.88590259014165,76.3791934770241,96.86638912900355,89.46509331290011,100.40356212952537,100.03518496674366
2015-12-10,78.42114431936918,76.32179350420026,98.09100026091085,89.63250708532814,100.66269796297762,100.03613654588354
2015-12-11,75.74027994885952,72.99072722653491,95.34580771846382,88.04417610243313,98.71178118138627,100.03700892178031
2015-12-14,74.14929182335345,71.92010130092491,93.55174600159017,87.63773855612038,99.21048501257799,100.03803971551578
2015-12-15,74.23692643361338,72.39134277959134,94.27525272443212,88.47554523921977,100.25198707454534,100.03903092280916
2015-12-16,75.24103163747667,73.33811985398829,96.18685098458064,90.31031165251191,101.71888925557562,100.04010133090183
2015-12-17,73.55966055031006,70.95429079653312,93.76130243597885,88.64766183443452,100.16884602917602,100.04101335105915
2015-12-18,72.92738205116052,69.5998937407578,93.47321924300188,87.25007404925216,98.3843359742196,100.04176691572164
2015-12-21,75.6726658073756,70.6163222711428,94.14190509335167,87.86765102125541,99.19592932040764,100.04271855747194
2015-12-22,77.75739631521876,70.71054571333279,94.30832324479135,88.38695301144608,100.09607647088829,100.0435513761095
2015-12-23,84.97457218149931,70.95311906921035,97.39500297783616,90.00727441523732,101.33558936175649,100.04434458275414
2015-12-24,84.55456671770585,71.32436965097719,97.31067184134159,90.25881260246348,101.16834579410381,100.04513779568781
2015-12-28,81.69503878944732,70.34334653812553,97.40603529020026,89.71543718367768,100.93715510910582,100.0460498617603
2015-12-29,82.84847617325966,71.5851582279347,98.09432896681253,90.6728882637702,102.01436535535163,100.04696193614767
2015-12-30,81.32040063613256,70.38896976427358,97.37730528872548,90.03020911728166,101.29129910576415,100.04779479010978
2015-12-31,81.44868888525437,69.7337902329376,96.07626454581413,89.12959581494371,100.27803597686366,100.04842950857919
2016-01-04,81.15369028343954,68.60909567766669,94.37567012575572,87.88362753417074,98.87622044137309,100.04930199167808
2016-01-05,81.02190347337198,68.73062632270603,94.10888915463029,88.03226192333156,99.04344620389773,100.0500952439171
2016-01-06,77.72027790973999,66.76315563233969,92.82461305154654,86.92182440371417,97.79411378491709,100.05092812396283
2016-01-07,74.7778563969955,63.439133494741675,90.56114600483649,84.8364168230842,95.44786084295352,100.05172138909484
2016-01-08,74.38924354640385,62.25283363163313,89.18032014299244,83.90521256309637,94.40018040155728,100.05251466051635
2016-01-11,70.67966647637917,62.55973168888253,89.2628617278178,79.37787598593133,94.49366622631618,100.05334756070285
2016-01-12,69.18822527453187,62.68638876972337,89.69726197391914,76.51313790034257,95.25601058835355,100.05418046782293
2016-01-13,65.90049040212205,60.949792170660125,88.467670611576,73.22157622153917,92.8802723543605,100.05505300107365
2016-01-14,70.9689259640228,61.48014294377713,90.14992044118486,78.60396061406323,94.40511242202355,100.05604437693984
2016-01-15,69.70654156945858,60.05835645245963,88.87555115681391,78.06203819970179,92.37857726165856,100.05695654244266
2016-01-19,68.4302066923302,58.26005225758157,89.27361618512023,76.35027119731348,92.50155728101095,100.05798754172089
2016-01-20,68.73678987660485,58.10777171360419,89.20526967553056,74.57802102484409,91.31614527168355,100.05901855162269
2016-01-21,71.24349383332665,59.193056044115295,89.63957035464078,79.3907862109242,91.82768660019003,100.06012877108044
2016-01-22,73.85557726149226,60.256421189868384,90.53317770397135,83.81176554681247,93.71155817215761,100.06131818693639
2016-01-25,71.61101529840893,57.80507716260339,89.15452730309809,80.9588873125236,92.29495547783222,100.062547203544
2016-01-26,73.61489568770828,59.84561940943984,91.49538242157547,84.21885070701119,93.55414303518141,100.06377623524713
2016-01-27,73.9596823144105,58.44108440829377,92.06980709134186,83.74553155831414,92.53598349607071,100.06504486570081
2016-01-28,74.44578106680237,60.89780886686546,92.1236659006036,83.98859761321755,93.01800392229165,100.06639266876275
2016-01-29,76.47498861733105,63.19468071541216,94.32331300342751,87.07542687951985,95.28555819833115,100.06766133238814
2016-02-01,76.84235857905739,63.147643418594434,95.66125760387641,88.5450004099344,95.25112308070736,100.0690487440959
2016-02-02,75.0440969755122,61.0702519380368,93.35114635919686,85.11397854542918,93.53450397895648,100.07039660108714
2016-02-03,75.9393155213176,62.191156812420736,96.44040953032199,87.45665915810665,94.0952319736655,100.07170489781885
2016-02-04,75.91773032411092,62.633202462410715,100.50273049757907,90.4969973519369,94.2427741671451,100.07285485662636
2016-02-05,73.10338565077899,60.29091690188571,98.89186547212556,87.6476315267187,92.4474296917781,100.07400482864846
2016-02-08,71.64963632861559,57.93917677031039,94.02597553361403,84.41691399641914,91.20302929326373,100.0752735887825
2016-02-09,71.61305342716018,56.17119140063195,93.03187837923562,84.42144608096511,91.20792570347393,100.07646318466507
2016-02-10,72.67721456067434,56.40194478473199,93.60451442964725,84.34859488192696,91.12921813498583,100.07769238729313
2016-02-11,71.12018750638812,55.707106931588584,92.60992675055951,83.25139369365324,89.94381502822246,100.07880281394915
2016-02-12,72.94880263135062,58.54573372575418,96.0389607575816,84.96779299305956,91.79819240559655,100.07995285432129
2016-02-16,74.99318231278373,61.00504473913864,100.71658683228927,86.40186814571265,93.3475501345667,100.08114250582632
2016-02-17,76.56423790138177,63.19960598440729,106.56927408449711,87.81324167486726,94.87238129966573,100.0823321714728
2016-02-18,77.61925682344614,62.74964836480057,108.04525042019094,87.45355896499105,94.48378438025557,100.08352185126084
2016-02-19,78.13656557692323,62.00157983171011,106.60379554338485,87.41257244038796,94.43950302682725,100.08471154519059
2016-02-22,79.5301502256015,64.62476972098054,109.733969700653,88.67825181161997,95.80692795751412,100.0860200290725
2016-02-23,78.4762598639,62.98595803143296,108.0712198796972,87.55829131877172,94.59693596893148,100.08728894153786
2016-02-24,79.05143831951897,65.11666431640253,108.96382328300572,87.95893583278986,95.0297875340779,100.08859745911604
2016-02-25,79.77789591902759,65.971415228431,111.1417312198538,89.02425586632106,96.18074662065347,100.08986640425864
2016-02-26,79.53289614952236,66.86681822291068,113.37669470195894,88.81938092438172,95.95940217146,100.0911353654892
2016-02-29,79.19632486421372,66.16283684176021,113.90996118032942,88.12283249027985,95.20685953240708,100.09244393335462
2016-03-01,81.48944863472317,68.00022825979843,116.11473937027591,90.1942917733255,97.4448394907769,100.09375251832796
2016-03-02,82.69705040581562,70.71182242382208,118.22609606091923,90.59953429311938,97.88265868664568,100.0951402917831
2016-03-03,83.51664495683076,72.51844982235947,120.01557711827522,90.95463547752729,98.26630578046152,100.09621130024068
2016-03-04,84.42234436050808,75.00623052790039,120.73998048447166,91.25054763776474,98.58600575693205,100.097321932376
2016-03-07,84.51924455502751,75.40884761645395,122.67977889838073,91.32340707695663,98.66472222798416,100.09859098812936
2016-03-08,83.73289708704344,73.32297382785262,118.99824697397332,90.32634847684156,97.58751198173834,100.09974125589432
2016-03-09,84.08917770176052,74.40825340808406,119.03148305953489,90.77251160000876,98.0695413105233,100.10093114262432
2016-03-10,84.3676778934207,74.5096081616009,119.69165133304361,90.84535455889319,98.14823997644737,100.10216064578336
2016-03-11,85.75796589233494,76.29004993868244,123.02744269365337,92.31133558674996,99.7320684332974,100.103429762883
2016-03-14,86.04858212421419,76.78144600271418,123.37453773499016,92.43383263404353,99.60417419860677,100.10477808296145
2016-03-15,85.70937260899564,76.10163269357942,120.63909849567915,92.19637256087205,99.4418715539844,100.10612642120078
2016-03-16,86.31996177826004,78.30835390974212,123.00326672230386,92.61850404928644,100.01735109727217,100.10735598817153
2016-03-17,87.28087910532457,79.19456778019511,122.67301396779459,93.24447680466864,100.65186354256703,100.10850635665813
2016-03-18,86.66073009256303,80.19609286223188,123.30995030957823,93.72058072402004,101.0474222670397,100.10965673836404
2016-03-21,86.77080319768959,80.00895648891684,123.29589248643536,93.1494864451576,101.19077135286656,100.11088634869637
2016-03-22,86.90067282844396,80.64714880952957,122.20482263996077,93.33392742880837,101.13643010209728,100.11207636790822
2016-03-23,86.42456748298633,76.98867815769614,120.76904084633036,92.74716093803386,100.46896926736973,100.11326640126585
2016-03-24,86.29024751698506,76.98264981234021,120.20070451020509,92.6689062710207,100.42445644727694,100.11441683767107
2016-03-28,86.33574972248518,76.28085912375445,121.07416729024503,92.54573650765477,100.48378313389661,100.11556728729637
2016-03-29,87.13436065278188,77.43956699895212,122.92543044389744,93.40179019300459,101.41326423281842,100.11647999544253
2016-03-30,87.51667748819452,77.38988055305228,123.58243286057582,93.81160644208178,101.85823218759411,100.11727378030997
2016-03-31,87.30428519559112,78.10091266729026,123.7715356393796,93.58393712536524,101.61103469249075,100.11810721959219
2016-04-01,87.89898667451675,77.81112938928595,124.36227697055462,94.22141449188227,102.30319123980578,100.11901995089374
2016-04-04,87.9177954945392,77.28253030228643,124.49227342349658,93.92953810583744,101.97195354036721,100.11993269051628
2016-04-05,86.47577383205515,76.62001069287851,123.08248010263908,92.94443363629959,100.95348241151585,100.12084543845984
2016-04-06,90.09437400791685,78.96001005905288,124.29010026732048,94.1201820714098,102.05600264726644,100.12175819472449
2016-04-07,88.70224642483716,78.17842723600582,122.66479205098298,92.65710523450664,100.83479342802042,100.12267095931035
2016-04-08,89.14792014363545,79.6051728003053,122.83466649748227,92.36704879018748,101.10671334340331,100.12358373221747
2016-04-11,88.70775149820304,79.89782061075661,121.93967971472283,92.06871835250978,100.86940659692458,100.12449651344592
2016-04-12,89.47540351926658,82.29654480490002,123.6599577215202,92.73240800066496,101.808778444471,100.12536965989528
2016-04-13,90.72757497877691,83.64396621605616,126.32379252694672,94.06430829055839,102.83718483476707,100.12628245740521
2016-04-14,90.91596755585984,83.31946401250906,125.25131743102209,94.6002769980368,102.84213466036141,100.1271556194291
2016-04-15,90.70253994968668,83.59156583981566,124.98749730523268,95.10540862714568,102.72838659989625,100.1280287890675
2016-04-18,90.69890024035782,83.48589835332194,126.09626533807182,95.39291453562883,103.4502421007772,100.12890196632047
2016-04-19,90.9523076732498,83.65452062603123,127.63931359718582,94.82986069630262,103.77654777974949,100.12973550240302
2016-04-20,89.96041550580566,83.96300944593759,127.61614461507892,94.19080800911958,103.87542855830365,100.13064833971437
2016-04-21,88.40306018509251,84.19060290255723,127.04062166979209,92.9690240297975,103.31676595844692,100.13156118534762
2016-04-22,88.6351202212153,84.6084663980556,128.16143740730143,93.39587535176263,103.31676595844692,100.13247403930289
2016-04-25,88.42115313909476,83.85871994964846,128.01981874472364,93.32870018909713,103.13876809345983,100.13346618228023
2016-04-26,88.40533213998349,80.56743203203195,130.33705936466902,93.96200172894966,103.29198122021926,100.13441869631473
2016-04-27,88.53138185130483,83.10580379281929,130.9825599027077,94.28681957289804,103.5045922541105,100.13537121940993
2016-04-28,88.00000187363007,81.55861742816298,129.43733950412025,93.03280988537973,102.5652293091281,100.13624446069336
2016-04-29,88.96536166685831,81.76159440384099,131.44455893817855,92.57457396152618,102.01152543742971,100.13711770959199
2016-05-02,89.72726861517656,82.23456595538428,132.7183103059569,93.62391019562756,102.8223353579841,100.13799096610587
2016-05-03,88.8558946979693,79.84153619550551,130.87073649221702,92.49946902020909,101.9274407202744,100.138824577851
2016-05-04,88.25260160831529,80.55106608491764,130.64381255010557,92.23048616982587,101.358860664101,100.13957887928214
2016-05-05,88.09010310066547,80.42606421578431,131.12672023997925,92.68189076642113,101.3390969719798,100.14037284729172
2016-05-06,88.61886041840009,81.27566910170115,132.88579627877715,93.17849236179723,101.70990656848089,100.14112716038528
2016-05-09,88.46670570797639,80.16302516122104,133.3540308218661,93.38650588734653,101.79396457794412,100.14207974729437
2016-05-10,89.56669131994278,82.35380221495066,135.21602318586287,94.48097415912744,103.05965990959089,100.14303234326492
2016-05-11,88.72880452202538,81.42294920775032,134.15252180749644,93.42244447137021,102.09554783663688,100.14406422947887
2016-05-12,88.7545764888927,80.40637260155998,133.74319468061782,92.91703035310114,102.12520227738271,100.14513576141792
2016-05-13,87.98113121365253,79.76256194351939,135.6728287555016,91.89753280307531,101.23523966013927,100.14624693640177
2016-05-16,88.87709381861723,81.18096460016945,137.6036262510816,92.74631379538869,102.23398270712549,100.14735812371481
2016-05-17,88.06753838836397,81.75132724101492,136.43260860235378,92.05694546643197,101.27977918792412,100.14846932335718
2016-05-18,88.36696694056974,82.24621755597279,137.34502151529375,92.05594824097274,101.30943362866995,100.14965978931825
2016-05-19,87.65384227595122,81.38785533804621,136.71706667170565,91.5752497869068,100.95841443198215,100.1508502694304
2016-05-20,88.64850139173316,82.80541419750983,138.34884691594362,92.20061546156067,101.59618521570779,100.15212000382776
2016-05-23,89.03139394063439,84.0535597689804,138.75309447290067,92.31791688359998,101.4577592477832,100.1535085865327
2016-05-24,90.38247896222268,84.64082662318386,140.4527184664697,92.72958665636675,102.77290832255308,100.15489718848997
2016-05-25,90.79145143966983,86.40990079183136,142.16968467721594,94.62531043219101,103.46998798777037,100.15620658996238
2016-05-26,91.22329397122357,86.44126324119058,142.85019881927647,93.84663080742698,103.4996869413363,100.15739714789646
2016-05-27,91.45286993582627,86.44070552399363,143.21667549865592,94.25274325525878,103.94462818841991,100.15862734460681
2016-05-31,91.675061913518,87.36194407459037,143.77197292560984,94.9450905078801,103.74690224156768,100.15997640815638
2016-06-01,92.57621378167312,88.0472618532451,143.69505761559023,95.13300984269573,103.95946876263886,100.16116701090232
2016-06-02,93.07728988352812,89.37167055427533,143.9858084252866,95.36653120249929,104.27588369298653,100.16227836376322
2016-06-03,94.01745641357041,88.85995496118876,143.5679565657394,95.96341595925351,103.96443639336121,100.16342936338197
2016-06-06,94.00409605355404,91.03134421931095,144.55938798096946,97.43302568356087,104.49345345503613,100.16454074134514
2016-06-07,94.41712630197243,91.365710181523,144.87181192374914,97.72411670564368,104.6565662329842,100.16565213163977
2016-06-08,94.53453620401288,90.18441190656291,145.23245924332343,97.13237586295187,104.99775699899551,100.16660495184131
2016-06-09,94.17429862581264,89.23657440706428,145.1486735794492,96.20705458799722,104.85436340034857,100.16759743299812
2016-06-10,92.7853792049478,85.62360072648538,142.5508047959297,94.09684593120674,103.86061469177676,100.16858992398872
2016-06-13,91.83079222975746,85.69599472896357,142.16033977664938,92.85358096049832,103.05965990959089,100.16966171835035
2016-06-14,91.45866451652796,84.69786526233572,142.70060726318675,92.51770313131418,102.85693962432427,100.1707335241801
2016-06-15,91.23189236360966,85.1965972982251,142.24971048564382,92.33811535648675,102.71356383080534,100.17176569583046
2016-06-16,91.34575809511833,84.92827896160308,142.68468052121068,92.94669212953652,103.0201325253485,100.17283752417254
2016-06-17,91.41998538318512,85.8716401598535,142.04991870698268,94.17499338588323,102.6364142110205,100.17386971750277
2016-06-20,91.86555552155316,86.60370018060084,142.4328889623265,94.52265026681769,103.29739397914256,100.1749812113084
2016-06-21,92.31495424436993,86.02310778871872,142.56681819677044,94.21656572622605,103.59064443791392,100.1760530740562
2016-06-22,91.99622699203871,85.68459611162689,142.91307887113803,93.2824873971152,103.42164706514959,100.17712494827282
2016-06-23,93.28851735988758,88.04800703576711,144.50831287099908,95.41672855278524,104.7684714626975,100.17831575486365
2016-06-24,88.89864166054953,82.67156713402034,141.28523499959022,91.00303909635186,101.006319128966,100.17934800464222
2016-06-27,83.84259556454225,78.78563648537425,139.87092566968863,85.94318206125497,99.19730921783052,100.1804199141143
2016-06-28,86.2855695269181,81.92949021117747,141.58824306822007,89.10922690157096,100.98645750864061,100.18145218557441
2016-06-29,88.98615070731807,84.20536479562968,143.64291591738757,92.31666619114401,102.70600555395359,100.18248446767119
2016-06-30,89.91937834071564,85.04276255587973,144.91321177964647,93.50731515183084,104.10750059713949,100.1835167604047
2016-07-01,90.10422252448004,86.04383163354395,145.23295639693927,93.89496523748416,104.32614756943532,100.18458871448208
2016-07-05,87.04427508787505,84.40374466458849,144.74735103120398,92.60904166681134,103.57570593549077,100.1857003272219
2016-07-06,87.3768782872451,84.97183169641607,145.16139301656833,93.52188877789804,104.19693575526993,100.18677230466321
2016-07-07,88.85840634546854,85.03561544671959,144.88518437541185,93.73559929779404,104.13233875075127,100.18792358575037
2016-07-08,91.13225490769712,87.44721953679867,146.65473339724977,95.30292474282452,105.68293393612001,100.18899558698034
2016-07-11,90.70189201403501,87.81276409519214,146.2831031959247,96.14064295921867,106.05566648644908,100.19022617180278
2016-07-12,96.05589293800482,93.06530096844115,145.58635830867195,97.6697473079371,106.82596974071905,100.19137749257952
2016-07-13,97.23964282324532,93.23413277921682,146.02923794909836,98.11849655795365,106.81105794598797,100.19260810665803
2016-07-14,98.61347995721216,93.37491740402777,145.68840523927827,98.60335592527633,107.40747631984739,100.19383873585173
2016-07-15,98.18833484119291,93.11014059506988,145.14163392220493,98.85831365311694,107.26332600325887,100.19506938016077
2016-07-18,99.50939988414949,94.55832142218783,145.58738570893962,98.91795574539356,107.55155541592379,100.19633967517768
2016-07-19,98.438934424536,92.74230236688257,145.6097862424362,97.55475888162813,107.44224083233989,100.19757035020486
2016-07-20,99.25145953104561,92.56433187927992,148.39673205611626,98.21295480266524,107.88953235632441,100.19884067692962
2016-07-21,99.22391051898967,91.29172676191324,147.46307421900772,97.29827987798426,107.48199078068275,100.2000713826757
2016-07-22,99.93977078225011,91.89397931753196,148.8086963419619,98.2123814788941,107.96405571972379,100.20134174110909
2016-07-25,100.42272550255159,91.67095029926212,149.09323078979733,98.16459309450849,107.67079635838839,100.20261211564835
2016-07-26,102.09203270603031,94.12636324879662,148.99767545543497,98.47922688948819,107.7205438861241,100.20384286771763
2016-07-27,101.80957394419757,92.16134157153749,147.81943643039145,99.05310373982361,107.60626167181783,100.20507363490378
2016-07-28,101.69319079058327,91.74423253321879,149.70234198062894,99.78559139137568,107.73048805013283,100.20606649722
2016-07-29,99.61072969976,91.51624664670372,149.86005252332745,99.87841819702399,107.90441744336346,100.20713869257739
2016-08-01,98.06320813836207,89.08388702975795,150.0014081879408,98.86559538400937,107.81496448010495,100.20829020770178
2016-08-02,97.24130548745478,90.10890893382744,148.8535247921303,98.46806467221026,107.12416112252075,100.20944173605868
2016-08-03,98.36490852548529,92.61365774394089,148.43782451851297,100.0388310167596,107.43724649392547,100.21055362455886
2016-08-04,96.40062537626481,90.48144701809045,147.81222894261782,99.01924014054197,107.55155541592379,100.21158620652045
2016-08-05,97.98484642040819,92.31379549457193,147.75947181924136,99.92372896109126,108.43122666916176,100.21265846093821
2016-08-08,98.0034423242473,93.09664829258863,147.23316232789588,99.62821294414694,108.36658515182297,100.21388933640307
2016-08-09,96.69782308532179,90.6310836475996,147.7635021676833,99.9395824611351,108.43122666916176,100.21504092910148
2016-08-10,95.51417779327278,88.71847563432524,145.70995370924228,99.89795630740953,108.16284997425825,100.21615287972831
2016-08-11,98.98856277958808,90.56730521881678,145.30658436087506,100.96420193941168,108.66482104644477,100.21726484269296
2016-08-12,99.22475885379345,90.55529502062484,145.40715325183385,100.68686425641704,108.57038264733588,100.21837681799556
2016-08-15,100.78016796449971,91.15160095691819,145.49251379125826,100.47396482286912,108.88347692130462,100.21960776369693
2016-08-16,100.36633155160587,90.91315059869257,144.31054423540257,99.57092252664008,108.32185867019375,100.22068010394459
2016-08-17,99.4716531587895,90.7411145131776,145.3869725350037,99.56289874143354,108.5256472631426,100.221871428276
2016-08-18,100.97302989458882,92.06773873845032,145.83168237299293,100.07521029502007,108.76919470699838,100.22302311269941
2016-08-19,101.02808962298862,91.69475798120348,145.73291073510748,99.96975173489884,108.61010588798669,100.2241748103572
2016-08-22,101.05383241307582,91.26422513022776,145.7753027289638,99.8675987003069,108.60517386752042,100.22532652124957
2016-08-23,102.70264226495055,92.34015962862024,145.05606433221303,102.4841679357213,108.82383864494429,100.22651790081302
2016-08-24,100.97835975230261,89.91536718377004,144.55770765678295,101.9023592307896,108.26719692711978,100.22774894650833
2016-08-25,101.47920844032377,90.77887481990192,144.81176207110565,102.31609738037065,108.19270027141248,100.22905930042744
2016-08-26,101.73227431719693,91.13091167648129,143.70562326945898,100.94221886043113,107.98890277589959,100.23036967147782
2016-08-29,103.00575399409853,92.49911897260098,144.89577878007904,101.22239426776234,108.52065292472818,100.23168005965965
2016-08-30,103.19566607349738,92.23754517940871,144.61089964420677,100.58143304548639,108.34177370590325,100.23299046497321
2016-08-31,102.56503804668984,91.16382795407091,144.88311577736033,100.22809112415909,108.03362925752884,100.2343008874187
2016-09-01,102.1659348253657,91.28357730779906,145.56546097040717,99.93587243566026,108.03861469337923,100.23561132699635
2016-09-02,102.51703072707903,91.75517911817577,145.73753284657633,100.7828968899108,108.5256472631426,100.23688213601291
2016-09-06,103.22382544917097,93.09792025146841,146.09059216141057,100.85863979546491,108.85367113697049,100.23815296114108
2016-09-07,106.52748882583168,94.29108318921071,145.74566526551993,100.63420639523287,108.84369136270568,100.23950309584262
2016-09-08,107.61909105779675,95.24543807722027,145.41417560349882,100.56872892841231,108.5952386060757,100.2408532487295
2016-09-09,104.59986536766098,92.17121932551682,141.80340916238202,97.31013573792949,105.99601040496071,100.24220341980192
2016-09-12,106.24285626644232,94.24822805155907,143.4374968497193,98.75450869612042,107.51677309830328,100.24367252454569
2016-09-13,104.07671294004393,90.08168331857219,141.25690131480192,97.13496226050981,105.9711544462209,100.24510201567801
2016-09-14,103.08872206402455,88.83769745344912,141.28334435864838,96.57381371501123,105.93140449787803,100.24641259646704
2016-09-15,103.82325979729755,89.54134847748158,142.73408663226962,97.41577105244173,106.989990580197,100.24756456290157
2016-09-16,103.24706986816875,89.67722999053922,143.06260557967076,96.56021005478965,106.57638635845872,100.24871654257372
2016-09-19,102.22639969835011,88.54189913573998,144.1576112636045,97.32905018052566,106.59640822493645,100.24990820017459
2016-09-20,101.61009620972594,87.98635277431165,144.03677363779084,97.27792479373744,106.6013758556588,100.25109987194072
2016-09-21,102.98943066150781,90.3016322040207,145.638869644762,98.19367328763364,107.80018622383413,100.25197412244833
2016-09-22,104.81960184196559,92.3168479899312,146.96165773999164,99.23383932542575,108.47947856614235,100.25268956682599
2016-09-23,103.50061320128177,90.0358960144863,145.89271284849065,98.76278674657297,107.88507217175112,100.2534050163094
2016-09-26,102.53625499495416,90.60071618319049,145.35595588027056,98.26705347063076,107.01095611846073,100.25439835750763
2016-09-27,102.31160589721382,90.13478809966641,145.21806575464905,99.10821317073187,107.67525654296168,100.2554313912508
2016-09-28,104.38797109300302,94.48229228174316,144.5472229114534,98.34897985353912,108.209739778944,100.25650411480783
2016-09-29,104.22709683845498,95.748156404534,142.83597669331775,97.1949521533635,107.23071591125888,100.25753717024898
2016-09-30,104.90748832854516,96.45932321927373,142.7119558486348,98.43863984207032,108.03988776003388,100.25864959239907
2016-10-03,104.03212230742895,96.38792475378844,141.4689204080731,98.37934057657691,107.78019996761248,100.25992069349982
2016-10-04,103.22996196853448,95.14565299939501,140.63325315209087,98.1921976793599,107.23071591125888,100.26123146802476
2016-10-05,105.16036800386442,97.03563021800275,141.92049992523786,99.39116835490405,107.70523147601216,100.26250260185908
2016-10-06,105.09153101020743,96.33264174355152,141.84038227197084,98.73613271515809,107.78019996761248,100.26377375180913
2016-10-07,104.23071102221029,94.78921846616505,140.06009090686675,98.5590371162069,107.41054770443381,100.26504491787509
2016-10-10,105.6357073597306,96.15959645737986,141.59324798707848,98.91972269087928,107.96996702223211,100.26631610005717
2016-10-11,104.07605716014946,94.85257619288136,139.58799044597345,97.41157428484476,106.60637909663724,100.26770626606084
2016-10-12,104.07954798052371,94.53296865124742,139.3058390306011,97.45774775231038,106.74625618249686,100.26913609991821
2016-10-13,104.3391226617455,94.56942372989391,139.50664139827538,97.23071035606651,106.39657237041182,100.27028832747644
2016-10-14,103.48515086796087,93.72821286438378,139.09858853614907,96.42452690932066,106.45151009297035,100.2715199107879
2016-10-17,103.0829149056161,93.67380497477582,138.7324955708026,96.56290996223811,106.08189344004776,100.27287049491787
2016-10-18,104.55471757696017,95.91892321218485,141.1752595441942,97.88778242759003,106.74625618249686,100.27422109723922
2016-10-19,107.72925975772482,98.23756790403745,143.59475472260544,98.66155666995134,107.03091566699034,100.2755717177522
2016-10-20,107.14466289621548,97.46169380082377,143.38752853284794,97.77418540743265,106.83112432528581,100.27692235645705
2016-10-21,107.2286667541751,97.38039404884611,144.00439607615667,97.46265512078288,106.88108551455797,100.2782333532577
2016-10-24,107.12268328955768,97.520248698923,142.7003694901091,97.73991101201013,107.33560592052555,100.27954436719804
2016-10-25,105.28919738226354,97.90454234255175,142.20704507465229,97.25332123593756,106.97596904186777,100.28089505941156
2016-10-26,105.82354106731034,98.66138243345581,141.57114213144442,95.77824507301312,106.76123029517608,100.2822061081504
2016-10-27,104.09325624256745,98.76008516639989,140.47370360780815,94.68927347013224,106.47649959017048,100.28335848590064
2016-10-28,103.65471032663892,98.64014775510833,139.80325850652432,94.74594953650393,106.16181175724239,100.28451087689324
2016-10-31,103.30435695605246,98.21198695370897,139.50815236597748,95.5344080217121,106.16682390078485,100.28586163600202
2016-11-01,102.89271055805114,97.99945580287005,138.40558484143975,94.47248307105869,105.39760675932514,100.28725207299938
2016-11-02,101.9753376706064,95.93319555769467,137.54248778023634,93.48268654725783,104.76323675505459,100.28868218558316
2016-11-03,101.44642671265355,95.69788199571808,136.96261362360215,92.71941911994871,104.28373575445092,100.29015197149886
2016-11-04,101.58066922283065,95.51102196779978,136.81510265447608,92.90210627129785,104.16883926322735,100.29162177895508
2016-11-07,102.5043192049861,96.6777656782414,139.81329851441208,94.39296815651011,106.46649310821361,100.29325018501308
2016-11-08,103.63043895264369,96.69354242230459,140.3325009901887,94.58484741093844,106.94602081650935,100.29495788373463
2016-11-09,106.07862131177151,99.66870415877155,141.34185019281077,95.93842951711072,108.07987807760526,100.29670523942396
2016-11-10,107.19600435571314,100.12639037154194,140.71850328624387,96.46722939325146,108.34957235198353,100.29857148772457
2016-11-11,106.41119979610879,100.15594285493134,140.34254876646946,95.40887596517102,108.09981982100683,100.30043777075096
2016-11-14,104.86783442559846,100.91093888363315,140.24724007575298,94.66241953657929,108.18475918430792,100.30258130646081
2016-11-15,106.8584472931611,104.99616460308627,141.24845944537472,95.19301131447328,109.02888249941978,100.30456649788353
2016-11-16,107.80438127058912,104.47135016986823,141.233343752664,95.29068429325841,108.82411462442887,100.30639327256108
2016-11-17,107.79803329244741,104.63489399022784,141.85555005626972,95.76443479180715,109.38348942940708,100.3081011950707
2016-11-18,105.95543829987982,104.32113311479922,141.5985348271549,96.09330293886022,109.1387846522289,100.30980914666121
2016-11-21,107.59996242053842,106.72452893862155,142.92717835719446,96.32589491864198,109.96294841881115,100.31163601681934
2016-11-22,106.47643727096299,106.14796557211942,143.18557908011766,95.39179523129856,110.1777138731949,100.31354216170524
2016-11-23,107.13282565330125,106.09253335304992,143.20636378743396,95.7085657151265,110.23768154442392,100.31552757006551
2016-11-25,107.66845547916884,106.32995351769551,143.63949419671863,96.21977917120715,110.64727070978986,100.31743378889962
2016-11-28,106.95198715776351,106.4841514057175,143.68753837072794,95.69461544073391,110.12775268392274,100.31934004395616
2016-11-29,106.95250337969343,107.1857316311463,142.81712844587855,96.05607756551257,110.34256265112658,100.32124633523577
2016-11-30,106.2073035507843,106.5429938303772,143.67712802401866,95.24509254622033,110.07783600747068,100.32315266273918
2016-12-01,104.78573733023237,106.2553172503263,142.19432718069154,94.29887776060282,109.67322337539112,100.32501940315426
2016-12-02,105.57828190957095,106.72556800576646,142.77014390313883,95.05315094051221,109.72816109794965,100.32692580235437
2016-12-05,106.86153572183957,107.80869766624389,145.39253551307505,95.92308153831841,110.38749389172825,100.32887185865562
2016-12-06,107.06872774918916,107.89592446305966,146.50206823380995,96.98175876085931,110.73718660637732,100.33081795270483
2016-12-07,106.55233746969911,108.92342991016328,149.29472918131995,98.14327772772474,112.18566938245318,100.33284331754705
2016-12-08,107.42875384704169,110.31533805576291,149.8085682253211,99.03392947171109,112.46039360550193,100.3348291079163
2016-12-09,107.8476157777182,110.66799868660829,150.841995927303,99.24505767132831,113.13969485037416,100.33693377424048
2016-12-12,107.90460368289443,109.90345206158344,148.64078193118095,99.33446828183624,113.00985985672747,100.33895926254198
2016-12-13,108.5832259036129,110.49984566012314,149.46229858042545,99.97805913646145,113.76406727525188,100.34110362150037
2016-12-14,106.48628267773944,109.21572375411704,148.51405240251808,98.49098490701222,112.82506933539422,100.34324802628622
2016-12-15,109.07565571444155,109.68794475749587,150.22487520324484,98.94972996016371,113.28953390537055,100.34523402258576
2016-12-16,109.57254816922604,110.835144782196,151.65721884046664,99.00344715571764,113.06797579464063,100.3472200581922
2016-12-19,108.80348438224823,110.30625470150858,152.1237460443729,99.5658677827486,113.31417620257393,100.34928537125059
2016-12-20,109.4085823893069,109.76239502754952,152.63050831570763,100.21360469719669,113.75132770614131,100.35135072681652
2016-12-21,109.5804003465254,108.88587720691238,152.41916174509362,100.1662843204305,113.43474362707728,100.35337650615111
2016-12-22,108.11969727437354,108.66796231356741,152.38929101805033,100.34619688533073,113.23881599815681,100.3553627029138
2016-12-23,108.71125103384132,110.07209043655585,153.82028647173553,100.57110174958328,113.40460844787445,100.3573885632376
2016-12-27,109.83578303774593,112.47026550610342,157.65700065815915,101.00567991176501,113.68597398368108,100.35941446445719
2016-12-28,108.5095181352569,109.95426560676081,154.0103292532352,100.1485057804053,112.7464062797262,100.36148002849676
2016-12-29,108.43184349120762,109.72571733696232,154.1751028315077,99.92499202835774,112.72129214662985,100.36330783969935
2016-12-30,107.73087647040747,108.31696625325192,151.9691191894088,99.5656131312027,112.30930819154294,100.36529423302329
2017-01-03,109.1110252868493,109.12966381698361,153.74870828124673,99.74437036840645,113.16846793728214,100.36739953839697
2017-01-04,111.4584617838314,112.1443116638194,157.6308303715837,100.56262894746433,113.84171543862176,100.36946526678267
2017-01-05,110.28931717719597,112.2378131718921,157.77781845981644,99.95352683252564,113.75132770614131,100.37149141179307
2017-01-06,110.99036794227007,113.52912993434592,158.53858478143644,100.15825908207349,114.15830842024981,100.37355722439635
2017-01-09,111.03501494114444,113.74494132106905,159.96980686259704,99.56078216034723,113.78143617765208,100.3755438205764
2017-01-10,110.53202691036186,115.513433186148,159.15380706315602,99.65271370292044,113.78143617765208,100.37757008829374
2017-01-11,110.75181874897112,116.42233580810772,161.5918486719198,99.81976648314264,114.10300569256651,100.37959639691506
2017-01-12,110.3672154770377,116.00834846222872,161.87555368923546,99.38759242518528,113.81661020808941,100.38162274644122
2017-01-13,110.74286448873004,116.22004241046471,163.1987887669942,100.60467121828027,114.07788265690613,100.38368876756427
2017-01-17,110.6764072188047,116.62007062967206,162.73434159155465,99.44074271253488,113.67594079403214,100.38583408244365
2017-01-18,109.51416042590898,116.05359378504536,162.1811581760888,100.53294828576702,113.92714444294387,100.387900190243
2017-01-19,108.89818625555355,116.1014120270155,163.5066982008573,100.56031212966977,113.50507388282392,100.38992670739673
2017-01-20,109.69340966998756,116.79373488828773,166.06087748591165,101.19363857787663,113.92213229940143,100.39187398573593
2017-01-23,108.6675775956746,116.40931433425237,166.1313763324981,101.2923984932148,113.6256947227114,100.39390058310813
2017-01-24,109.4858223019302,117.40435229898593,166.5104173030367,102.81365910811392,114.35420043891422,100.39588758192447
2017-01-25,110.4408951893607,118.27181527983878,167.46810073890808,104.06179654268736,115.34399640906176,100.39783497588762
2017-01-26,110.08386857135028,117.73891023920622,167.22632974789983,104.45816117610855,115.22342898455842,100.39982205257357
2017-01-27,109.10376623272396,116.79271816690307,166.36897939537238,105.08379634833885,115.04255559139331,100.40184881039234
2017-01-30,108.42932330802284,115.87034442508477,164.82734740609467,104.32827316480187,114.32910411094588,100.403875609125
2017-01-31,108.66405253962806,116.84670870190844,165.31430415547177,104.6652263473448,114.31904421360493,100.40594208824903
2017-02-01,109.7301895889772,113.9022475955622,166.01424313585994,104.55772179245936,114.36426923881919,100.40792932539117
2017-02-02,110.23997078801379,114.58101987554606,166.7598093385279,103.89297423544956,114.43964724836435,100.40995624687038
2017-02-03,111.52358912209921,116.54780507777554,168.36554948266752,104.50143216503885,115.22845893322891,100.41194356346087
2017-02-06,110.87276954802785,115.42954055988675,167.98958007127766,102.94592944806759,115.02244469927538,100.41404984737085
2017-02-07,111.32882027044698,114.25014736547612,168.69844563005614,101.68692233370275,115.02746574538185,100.41615617546316
2017-02-08,113.6243914823418,115.3187902596459,169.65907207589487,102.1733423548334,115.17821286190815,100.41826254773873
2017-02-09,114.95996522377334,116.67559790765083,170.1660668621825,103.13318351675964,115.86152916315275,100.42036896419843
2017-02-10,114.37885798121548,116.54738369549698,170.8389921819899,103.7017032903866,116.31875594858198,100.42251506297579
2017-02-13,113.6667898743176,115.91362686489292,169.79988586195725,102.66318024958268,116.95179056824978,100.42458192573088
2017-02-14,115.93296497562991,117.72808506146612,170.61696808279174,102.73371232575234,117.41906834845597,100.42672811454406
2017-02-15,115.69329136497893,118.45762878102639,171.43284189142656,103.0846065219564,118.0320365888259,100.42883470858114
2017-02-16,113.89056443602907,117.223085442324,169.53619120990425,102.89234501091353,117.93158005644047,100.43090170140505
2017-02-17,114.74629977233772,117.73046452980945,170.21568744071675,103.2500349596798,118.11746559314801,100.43296873677112
2017-02-21,114.48551571912844,117.92667360701783,172.9008822900517,103.93075726321042,118.8208660788185,100.43507546171415
2017-02-22,113.95120429248628,117.17139858440541,169.64970741062078,102.78378760484426,118.71533508494248,100.43714258298316
2017-02-23,114.25834782136305,118.0162032922152,169.09118803486263,102.38367607135255,118.79576084828616,100.4391700941865
2017-02-24,114.6201001654937,117.70557996864335,169.5234122284349,102.21073023886274,118.94646345199233,100.44119764631894
2017-02-27,114.86333477718915,117.58473163641416,170.68725687271902,102.4509998646519,119.13237569639195,100.44318558124004
2017-02-28,113.50920717122226,114.91019535730169,168.5258161667058,102.16404528974716,118.81080618147752,100.44529252049598
2017-03-01,114.69382529771761,116.14057695166993,169.28114789192588,103.35795035074175,120.47387636065676,100.44775619435156
2017-03-02,113.85448070321448,114.54868301177756,168.29311623754455,102.30193669602967,119.71520875755905,100.45037835959815
2017-03-03,112.93095382541264,113.29954030230334,166.5453930821783,102.7655981306572,119.79056896197618,100.45315896569848
2017-03-06,112.41208441803342,111.12834175018662,165.5807297163939,102.56793840460249,119.43386992944451,100.45605839024424
2017-03-07,110.04530299886216,109.49782326408989,163.57712955038517,102.05608747017865,119.07709077383669,100.45903704217734
2017-03-08,109.78418972521688,107.70995346785291,162.18156859761677,101.04316858469589,118.85600449899975,100.4618970574916
2017-03-09,110.56738200913306,106.88682979075196,160.83132645759832,100.63121580552034,119.00680503091014,100.46475715422893
2017-03-10,110.8603840730218,107.24471226346627,161.23961580415937,101.15664636829925,119.42380112953953,100.4676569135384
2017-03-13,110.73289898965861,108.99276186423182,162.40233634965102,101.12596014087886,119.48407148794517,100.47075460929977
2017-03-14,110.42437366346478,107.13600611325187,160.89862942996072,100.7388860069307,119.026880312772,100.47381283662374
2017-03-15,112.58594331306111,110.33077312578143,162.87452504852854,101.52670329096627,120.05687135946337,100.47667327259697
2017-03-16,112.84803952067038,109.763175994917,162.15156053084422,101.81190824871402,119.82073084887107,100.47953379000528
2017-03-17,112.12137273738465,109.51419437329403,161.84371993813917,102.33132166723315,119.61027423547227,100.48239438885103
2017-03-20,111.61292818510545,108.80550661553153,161.16245919045488,101.72710599415153,119.47906824696675,100.48537382168051
2017-03-21,108.59117000631949,105.66951195231468,156.68771294552678,101.81949335784282,117.9450140255445,100.48839292038225
2017-03-22,109.61146449329839,106.14470798117634,157.99814915143634,102.49920318009201,118.22257816651516,100.49141210979332
2017-03-23,109.30741110930852,106.14402786005984,157.10836316765315,101.96485206262213,118.09640212668012,100.49439181000987
2017-03-24,110.42679185712166,106.01249406855702,158.52484783916043,102.83702337811766,118.01061701979725,100.4974507568261
2017-03-27,110.57571880593123,105.39176677846869,158.0387215657878,103.02706816849846,117.8895243440168,100.50050979675355
2017-03-28,111.80148963944659,107.03943619533389,159.88366063550404,104.15170517068563,118.74735760771725,100.50356892979508
2017-03-29,113.6237540460941,107.47225216493631,161.89909744284066,104.95279363253482,118.85839038615673,100.50662815595348
2017-03-30,113.14883821656157,109.05953372208143,162.00583194377631,104.65029754019619,119.23683838258572,100.5096874752316
2017-03-31,112.72530398472877,109.31287790154057,160.6601838208278,105.118997940484,118.9593454621272,100.51266771733634
2017-04-03,112.53649065925713,109.48849477306798,159.45357019232873,104.85811248627067,118.75240536151577,100.5157668009053
2017-04-04,113.00905698346993,109.44998119043323,157.6508047427374,104.97591680456833,118.82813057105763,100.51886598002758
2017-04-05,112.34283757316689,108.56453033719917,157.9130507730256,104.42324117544416,118.47487683080115,100.52200483368775
2017-04-06,114.5967402310209,110.19705699256463,160.83252067851555,104.98844860489741,118.80793955586356,100.52510420514582
2017-04-07,114.9683652765528,109.57926396810603,159.11650333387897,104.63205707201337,118.68682017239102,100.52832240474656
2017-04-10,114.81098747916805,109.6283588866222,159.63212077691546,104.99000483005105,118.75745311531429,100.5315407073744
2017-04-11,113.22489969478092,109.65251436254105,159.42037216678543,105.0916228220242,118.61616942433974,100.53475911303264
2017-04-12,112.23309318136089,107.47311730680416,157.1382392441777,104.39900422537816,118.09640212668012,100.5379380443077
2017-04-13,111.88781591211003,105.4011988026982,155.6220685255927,103.64662157807402,117.32937501596898,100.54111707610126
2017-04-17,113.23665025136856,106.9549651023126,156.6392205475831,104.68126340573076,118.36893631898029,100.54437536434564
2017-04-18,112.68676734626935,106.16238897542141,155.1574559862256,104.54581676574401,118.01570038385185,100.54759418089114
2017-04-19,113.56683418086983,105.24287355691844,155.13627260223856,104.64875389709006,117.79873599615551,100.55077351801388
2017-04-20,115.71650363000985,106.38053397435739,156.78461831418753,105.88098837932147,118.75745311531429,100.55387377649008
2017-04-21,115.55797487889132,105.82428484922112,156.69837698625088,106.01124168069232,118.37897841119323,100.55697413055583
2017-04-24,117.03568923283373,107.29712301242708,157.20266223032615,107.1492198299639,119.6809338860876,100.56015376427465
2017-04-25,118.17185243039272,108.05175388251342,159.1699848873154,108.02902374255312,120.3773013461834,100.5633730859481
2017-04-26,118.68615278611219,108.60784772976031,158.99164431656544,107.83925787740901,120.30162955202566,100.56663209545455
2017-04-27,121.46860772758852,108.8497458957353,162.9382073900607,107.50270678119452,120.40254901774006,100.56981203456037
2017-04-28,121.40312835597739,108.13790105885658,162.069648324562,106.53744903462183,120.14011923560093,100.57295247908816
2017-05-01,121.65955848474019,108.34342236979367,162.96487876893002,106.85314115346999,120.44290434043619,100.57621179903899
2017-05-02,118.22184044459925,104.26409696821635,156.1221055491764,106.75012573368318,120.48834302718691,100.5794316347926
2017-05-03,117.86022994966238,102.36004918443382,156.1741143888306,106.66936290022366,120.34199377728581,100.58277033516646
2017-05-04,117.03495426532997,101.76244052362173,155.52504015909446,106.45294541174779,120.48325966313232,100.5861091463673
2017-05-05,116.95287106867187,103.64966412600931,156.10500645852505,106.68925066855111,120.95763278686131,100.58960637289852
2017-05-08,114.36966709599575,102.8961869731745,153.89324548677993,105.8074385979329,120.93745067423123,100.59318285258038
2017-05-09,116.00813478315389,102.7178169174671,156.83354530453164,105.70837317111955,120.82642679835575,100.59675945942458
2017-05-10,119.00302696732123,106.99294374928414,161.00360710474249,105.46489741043735,121.04340008861611,100.60029662679649
2017-05-11,119.85103024229517,107.63050911472169,162.18057100188935,104.5562297598047,120.79614917812864,100.60375477076073
2017-05-12,119.65128908555843,107.57029983540986,161.3210807704966,103.25145958879963,120.59429244157181,100.60717345248617
2017-05-15,121.13179037509336,110.00340882699254,162.2262532225111,103.5200057716747,121.26039118400452,100.61071098603325
2017-05-16,123.53376877873166,111.6199703719539,163.5714610637605,103.29435866860078,121.14936730812904,100.61424864396658
2017-05-17,118.14939381039501,106.40357270306092,156.53454174830236,101.63842602680383,118.99973639507941,100.61778642629045
2017-05-18,118.72844442765135,107.10396425435901,158.32456337329464,101.80811659331391,119.47906824696675,100.62140347892164
2017-05-19,119.97593834304558,109.71403436678058,160.64981790821713,103.33253820745688,120.25619086527493,100.62498108915473
2017-05-22,120.6510582765262,110.02211125421917,161.63444793909906,103.82273842467083,120.86679992617995,100.62863797034937
2017-05-23,122.19168423005318,109.90438498839922,161.43956810227957,104.03138688158712,121.1342329492975,100.63225541307665
2017-05-24,123.72896110128629,110.64035511421741,163.1851082830122,105.06150673805868,121.41682703893866,100.6359125586325
2017-05-25,124.46860906475955,110.36571513929212,163.58756676028855,105.29329183216474,121.99712286936048,100.63956983709517
2017-05-26,125.23180665775448,110.34011983668108,164.50782639905444,105.43119391021574,121.97192861318796,100.64322724846947
2017-05-30,124.0920475946408,110.64601713905715,165.32469523465357,104.61975835305397,121.86592578341894,100.64688479276028
2017-05-31,124.17297910183605,109.63722784856917,164.48615768075697,104.40641724016555,121.83565706575585,100.65070074507989
2017-06-01,126.74029141636872,110.17927355862746,166.12812572613765,106.07194468608633,122.8044874976397,100.65451684207852
2017-06-02,126.72281766395226,109.70265277553439,167.36438055197095,105.80006297338193,123.21326652967994,100.65833308376165
2017-06-05,126.33194748024928,109.8629227281138,168.3066119794275,106.15406920024827,123.1224425715626,100.66210990271406
2017-06-06,126.84682083610572,111.17241932649176,169.65121884990606,105.62530814440213,122.728851313738,100.66592643228248
2017-06-07,126.45865948300401,111.28702240454379,170.75085185970156,106.18838948699211,122.9559112090314,100.66982223565269
2017-06-08,127.34177436151032,114.20458447270846,175.13072122617027,108.33304179056934,123.01646644948565,100.67375775001955
2017-06-09,127.197530130774,113.40208844613593,172.72437589884825,107.6904857686064,122.82975297432439,100.67769341823859
2017-06-12,128.99377151089612,113.5162608338028,173.08279425282274,107.52324941645027,122.8044874976397,100.68155010977138
2017-06-13,130.06371569896493,114.30534903815544,174.56514708472443,108.45817573932531,123.40503666120375,100.6854860826194
2017-06-14,128.10347575250051,112.83997056447467,172.0438794225173,107.67875523286936,123.24861861139765,100.68942220933756
2017-06-15,126.37510428270416,112.35184884397697,170.53431347799844,107.05248042064424,123.01142759825115,100.6933980539596
2017-06-16,124.77583310405261,113.18655816006407,170.31066135354544,107.52791684631227,123.03828663389513,100.69741361726103
2017-06-19,122.87763822177484,115.07669174649405,171.3001909372843,107.71994544287955,124.06259784474267,100.70142934069958
2017-06-20,120.36989491674836,113.81661987869906,170.59254599678292,105.79564183219412,123.2259081705863,100.70540565943784
2017-06-21,117.94853781435332,114.87865782031737,173.1209997593878,104.9269813247333,123.19548810933487,100.70926341255205
2017-06-22,119.27230154642243,116.96624417462317,175.31324277698897,105.0849683175509,123.1397224483226,100.71300255112338
2017-06-23,121.61953836044812,117.43222373138926,176.6649907896214,105.57960890774484,123.28678390334522,100.71678142133845
2017-06-26,122.92847089681702,118.51809626479854,177.59413055189054,106.29380763455532,123.3678862615543,100.7206791928129
2017-06-27,123.21771193960603,117.10100670368175,173.05308688364005,105.79083867151272,122.37403072221427,100.72461669534545
2017-06-28,124.55354747348223,119.30345483932781,174.52894705122358,106.4458220445336,123.46932207598178,100.72859392966467
2017-06-29,124.70203431932995,119.18440095510849,171.97260564236075,105.50928804987119,122.38416184006739,100.73265046816068
2017-06-30,124.98217976348565,119.56941270194531,171.51425854713875,106.42179050663984,122.61236126355514,100.73666759681356
2017-07-03,124.61070936236362,120.21310505856623,171.63194354543975,106.57708169469424,122.82024503595257,100.74080359831956
2017-07-05,126.57442764484131,120.53552658483954,172.45985638750727,106.49431099512375,123.1042190230166,100.74490020103187
2017-07-06,124.58333083746983,118.04315807869482,167.87988297304892,105.5940170223136,121.97851651056169,100.74895739621348
2017-07-07,126.1179915736061,119.14903690814477,169.06845973643803,106.31393069850432,122.76954493386685,100.75305433049822
2017-07-10,126.05845738839962,121.7521013643135,170.15055312178146,105.62550744340386,122.90140080954575,100.75715143138386
2017-07-11,126.43427464967579,122.4929264042452,171.08716423352502,105.19633042622618,122.81010501553541,100.76124869887724
2017-07-12,128.36712458973142,123.71977731476129,172.8120423909475,105.82618461311313,123.7329982170835,100.76534613298507
2017-07-13,128.7745992770746,123.5819162346695,172.62080870785536,106.02341232767968,123.94093540486502,100.7694437337142
2017-07-14,130.46213802315665,125.1102622456621,175.28173256420774,106.69374634612875,124.51898778915415,100.77350191731212
2017-07-17,130.79078063144374,125.33497503500128,175.5408844900498,106.88109826602712,124.50376440468243,100.7776790086946
2017-07-18,129.83134256823655,125.45128652034548,174.37164702938645,106.7045694008566,124.56970569636792,100.78185627321872
2017-07-19,130.26773872445514,126.68532582092169,175.8584202636812,106.9854983829571,125.24414614128601,100.78619199520853
2017-07-20,129.6725427500333,127.3406731066111,175.0755322092168,106.30550986925174,125.29990289973425,100.79068613247823
2017-07-21,129.68052139695058,127.72800020031801,175.10773771720736,106.11297322050933,125.18832706488962,100.79522001935695
2017-07-24,129.80158905823492,127.87198519737846,174.2502369455891,105.67314310771613,125.15791590620222,100.79979365728042
2017-07-25,130.01024312926833,124.81584597732808,172.49747340190433,105.44845797744217,125.46216103153654,100.8044070477315
2017-07-26,130.0767906292596,125.09719099291053,173.00059888412525,104.92236983302392,125.46720878533506,100.80882287634495
2017-07-27,130.91680852429081,126.06579306167005,174.81285593520477,104.76000311859381,125.35058519669191,100.81315975846118
2017-07-28,131.65030507428534,126.00550592175335,174.36491007471173,105.78979115624858,125.20353264423333,100.81737808289483
2017-07-31,131.43173273984377,125.03214355417396,173.53196655339275,105.94291260766902,125.13255250131334,100.8215569929573
2017-08-01,132.95242772490798,125.95734307293299,172.6139693319054,105.9960092517201,125.41146092945084,100.82577566875636
2017-08-02,132.64958514476328,124.91127700831733,169.80182061698682,105.83874987201472,125.47228324682564,100.8299945210775
2017-08-03,131.52269738830182,123.07010910596668,168.91082173067446,105.07031468358747,125.22893165937829,100.83421354992801
2017-08-04,132.01351379805683,123.21255833629182,169.2121248311279,105.23247065814152,125.45705986235389,100.83843275531532
2017-08-07,132.76171117872425,123.89146368283711,170.60337525508046,105.87811903050213,125.69035155246027,100.84245410247186
2017-08-08,131.11002192654493,122.59083169305893,169.43972566744588,105.9085379621559,125.3810408681994,100.84659444731341
2017-08-09,130.1851160583491,122.08687306329536,168.79811067241772,105.85183479006668,125.37594860158079,100.85073496214736
2017-08-10,125.89292166752499,118.81899558728242,163.87771678741416,103.73507068850175,123.60625241315127,100.85483603519451
2017-08-11,125.91296770835892,118.99909469094642,163.98350881038658,103.25990265635356,123.78879058578782,100.85885803649931
2017-08-14,128.20945798895147,121.75128385408266,167.50215805608406,104.77197448532989,125.01592891267022,100.86288019819794
2017-08-15,128.43441870206857,121.60695091892833,166.02430632813744,104.25088555126072,125.00069662563445,100.86694214466597
2017-08-16,128.11229571114876,121.85415923032521,166.43959237851087,104.14603973035922,125.21874712614105,100.87092499887912
2017-08-17,125.92964598031921,119.45331151450418,163.69372751919516,103.22426758222984,123.2664860573829,100.87482873575908
2017-08-18,126.08947471636475,119.54808667268722,162.38473253281006,103.09766185336937,123.07382566945724,100.87881190138388
2017-08-21,126.15718001537972,118.87507860455973,161.15219482135015,102.54027539419172,123.17013360701002,100.88275558584395
2017-08-22,127.56716604010654,121.43933179482089,162.9554385901847,103.8868101357451,124.45815656921535,100.88669942447562
2017-08-23,126.36671735828195,121.18555271799661,162.3793941151737,103.966985771877,124.01190664522099,100.89060377183084
2017-08-24,125.15434382430225,121.44258856163549,162.5669894798059,104.42636664627021,123.72289380692243,100.89458756035219
2017-08-25,126.0953120542376,121.17640797990228,162.89052063353913,104.93636891936757,124.01190664522099,100.8986111469125
2017-08-28,125.81156930825401,121.52376780403304,162.5455580825808,104.660590979854,124.01699000927557,100.90247630120905
2017-08-29,126.69245585320272,121.75630972714656,159.29521464943946,105.08782090844366,124.15895029511555,100.90650020236534
2017-08-30,128.22205870400157,122.63036626041868,160.07181436712085,105.37035178890422,124.74715160238586,100.91052426399125
2017-08-31,129.1279819896685,123.4069705386289,160.9671396680255,106.58287577508489,125.49765555427854,100.91446918819184
2017-09-01,129.7759737656389,124.87024476032096,162.10017218660695,106.84337321180847,125.67515487568059,100.91845391906824
2017-09-05,128.97619754039326,123.64057572964464,160.91447339215313,105.23688582781118,124.77253281240277,100.92247845739776
2017-09-06,129.58923793897438,125.74030183828648,162.11144592641665,105.50704410897215,125.19850269556285,100.92666172390174
2017-09-07,129.9683710566054,125.48492291920908,162.01497104067505,104.97909142532886,125.18327040852708,100.93076588449404
2017-09-08,127.52466068642889,122.93175915959792,156.65533472079068,106.2085435835138,125.03618224581243,100.9348305648521
2017-09-11,127.75265641363951,123.9287701561129,157.08209117521645,107.40189299200821,126.36985755630494,100.93897470244552
2017-09-12,129.56539847398926,125.56715121810798,157.75173629918612,107.72166666130934,126.79578292664493,100.94303971338883
2017-09-13,128.3369863234592,127.1150401651501,158.61377488609875,107.86088574151924,126.85665865940383,100.9471048880381
2017-09-14,126.67078864424539,126.15446173818499,157.31106513365842,107.65726077793927,126.8160629674792,100.95120987994719
2017-09-15,126.06015352587009,127.91396426078691,158.96135303137353,107.66137788922464,126.98678743766314,100.95531503878486
2017-09-18,126.38809307320959,130.60313666096053,160.30227705514545,106.84453956537739,127.25687342485823,100.95946001742074
2017-09-19,126.12922907319201,130.6493234165869,159.84655377154857,106.54865834595122,127.38426021339978,100.96356551174846
2017-09-20,126.6761875179372,130.5667351636895,160.40946371188534,105.71271677530814,127.43013512578744,100.96763151301198
2017-09-21,125.94321671290041,129.22754841782137,158.93955186712896,105.990961455081,127.08868618541958,100.97169767802139
2017-09-22,127.93705711347874,130.1656420442557,159.9207409955292,105.25985549064521,127.11418312876874,100.9757243396647
2017-09-25,129.0268727784439,129.2203123687416,158.6691714233241,105.98467110119192,126.85428167481088,100.97987015625664
2017-09-26,129.59418575388142,129.98079457445442,158.84680038572918,105.81510652416206,126.93073689460228,100.9840558016635
2017-09-27,130.81083918746043,132.3064265260882,160.8090946316628,104.38757072135469,127.4250339566048,100.9882416205666
2017-09-28,131.04094472208658,133.01739609877902,161.44073902806886,104.35774139616632,127.57793549362357,100.9923879510875
2017-09-29,132.0651498671186,133.78564217236666,160.8371063334838,104.437650089295,128.02638435093053,100.9965344518466
2017-10-02,132.10310770411124,133.5621988644649,162.71535394650607,104.58559888008982,128.58183312517656,101.00052242317004
2017-10-03,132.58430059583526,135.21192139996305,163.29853240667427,104.15155140930415,128.85700247642623,101.00470892461944
2017-10-04,131.99382901551786,135.5400619016633,163.24643541204836,105.35539500449286,129.00987730575295,101.00893526404369
2017-10-05,131.96945402257933,136.02457276566827,163.42985581993824,105.45169262943756,129.7742692575146,101.01312211420782
2017-10-06,132.0139881705163,135.10938667409567,162.0781554282775,105.17774303732838,129.62650449993453,101.01730913791813
2017-10-09,131.8100358296201,134.52680478114786,162.9687275212114,104.72778252917328,129.41246015323625,101.02149633518182
2017-10-10,132.2075864243289,135.56252614003995,163.848689895096,105.46465055341471,129.75390019104012,101.0257233770416
2017-10-11,131.24443348482163,134.45731088607135,163.0189897287866,105.39898345017264,129.95774219937311,101.03002992943549
2017-10-12,130.7073537094971,133.75441495276365,163.95902178353913,105.06462297059271,129.76412923709745,101.03429699884295
2017-10-13,130.58090737920227,134.43802099356392,166.54195852668477,105.73408940539963,129.9220518202227,101.0385642484729
2017-10-16,129.6438366632067,135.67527792766788,168.19992767795355,105.16393200116761,130.09534022884398,101.0429110142602
2017-10-17,131.75691411488043,136.67603365151425,167.3242888117573,105.28891745542464,130.18708115105525,101.0471786277087
2017-10-18,131.1502191970864,136.83205821497967,168.1526298366839,106.50132291747323,130.31444123190477,101.05144642140266
2017-10-19,132.01617046971168,137.6077564104448,167.619134502061,106.20394799063837,130.3501049033631,101.05575407032558
2017-10-20,133.23147132047964,139.5723551607359,168.99034948986866,106.22890638820934,131.02279154316955,101.0601015756338
2017-10-23,131.1980538166542,139.1701647981386,170.4472747461288,105.57393017041089,130.5131820710551,101.064409593511
2017-10-24,131.17859522410606,138.93116036760713,172.0153321279709,106.3296054651753,130.74253882786527,101.06879714343384
2017-10-25,129.47504916482242,134.6280182298754,169.62870252843317,104.58506039984675,130.09534022884398,101.07318488383514
2017-10-26,130.20879470894482,135.7561817979611,170.3455426729393,105.00867151247161,130.26351856571858,101.07753313903191
2017-10-27,127.79755607881137,135.0129109871532,169.8740126436921,107.64083047973276,131.32856790951507,101.08184189998661
2017-10-30,126.74626836401221,133.03837261734756,168.29568995787207,106.88975007058842,130.83935421156713,101.0862302067052
2017-10-31,127.01601423812066,134.43657392362732,168.60381562157224,108.33146637494254,131.04320512246412,101.0907377229198
2017-11-01,126.31513729975592,133.31656362220505,167.8005386236763,107.83957515913421,131.2164401157013,101.09536442925699
2017-11-02,126.97249124786501,133.55016209984797,169.69974296259522,107.3463078990861,131.2673894895795,101.09995168639631
2017-11-03,126.27081581387496,133.32124111409382,169.67683968398612,107.87500619206124,131.70564491108522,101.10457881443689
2017-11-06,127.1148145323068,135.86368052516042,171.05008274712782,110.23743058792346,131.90947801685417,101.10924581491325
2017-11-07,126.05048945085059,134.74933626042608,171.8619022148281,109.10783109757769,131.81779941259103,101.1140319948726
2017-11-08,126.49256699301219,134.67106924589314,170.6326974427225,108.77992710496406,132.04196597457837,101.11885805014965
2017-11-09,126.64882045533588,133.49619754513128,168.17514703272815,108.0107828987091,131.56298132268776,101.12372398251479
2017-11-10,127.92626896650069,135.91840077415713,169.7919622404476,110.60078845506386,131.52219867691875,101.12855050037915
2017-11-13,126.27763783859636,133.48152128343668,168.9142163536141,110.59640927193959,131.64450210140572,101.1334168991539
2017-11-14,124.91683631934475,132.01204108585782,169.48235949151913,108.9036348593301,131.33873463762424,101.13836282530855
2017-11-15,126.5940246624406,134.25598001678793,168.69060731537775,108.85252662781255,130.68136040792973,101.14326934675303
2017-11-16,127.08488726175601,135.48928965290466,170.30456708589045,110.59802331472245,131.79228466411382,101.1482553993546
2017-11-17,129.2808779399459,137.72794600662195,170.62731669451836,111.38687795652656,131.40499642161438,101.15328134042095
2017-11-20,130.0067093004265,138.26796554308825,170.66720472533606,111.08890106024188,131.62923420411389,101.15838680879808
2017-11-21,128.8084691537333,137.47257335250688,171.5492887826066,111.3456902428835,132.49043263701336,101.16349253486146
2017-11-22,130.9165276341779,139.7005811559402,171.23797655982762,110.96725648387157,132.37324818683703,101.16855887778337
2017-11-24,130.37547036663938,139.30078087060951,171.47186388875502,111.33168338126409,132.67901565061854,101.17358582770633
2017-11-27,130.48114010934833,140.34590227541983,169.86875628731784,111.03966802604373,132.6127627691924,101.17857337481732
2017-11-28,132.2950669207071,141.9864279388987,170.86926403225286,112.8941589808138,133.95806482829315,101.18368011974903
2017-11-29,134.84511568200801,143.43008166804287,169.26272510319964,113.36870074447485,133.87657965983124,101.18874747368018
2017-11-30,134.30252397299554,143.94097717801793,170.90584067190082,113.86138887988687,135.04864672569482,101.19373576821377
2017-12-01,132.32595760354795,144.24601308574282,171.04013603064587,114.38032628442363,134.76836730269846,101.19872430865495
2017-12-04,132.43717907452793,140.2535728362384,170.86139779521943,115.04022119397213,134.60529013500647,101.20383207065655
2017-12-05,130.6953716386709,140.57673057090207,170.20379579916505,114.14811305823662,134.12115980111315,101.20894009046012
2017-12-06,129.40335567971232,140.9500983162787,170.23237972761058,113.59030921871837,134.14663893933428,101.21404836807869
2017-12-07,131.04778155615747,143.50004866428816,171.3005101744271,114.88863099730727,134.5696175609841,101.21911724287432
2017-12-08,132.32617019787602,142.85685255611054,171.1886603215639,116.55776075233726,135.303438107906,101.22414670498459
2017-12-11,133.18586113829267,143.6171360153071,171.51620325818618,117.767364798933,135.7110954168799,101.22937472054387
2017-12-12,132.43761224211755,142.0914252574719,172.33439274670107,116.65846088836176,135.95063670692733,101.23464265717726
2017-12-13,134.49039754114696,142.60800633903852,171.6327816031889,116.71498554977063,135.93531539425138,101.23975223207104
2017-12-14,134.47886114990126,141.5666759097552,171.4967541852019,116.26333817453292,135.3798755225694,101.24494139460147
2017-12-15,137.652179301652,141.9563147629095,172.9027362254829,115.27598630476638,136.5072161068037,101.25009115815416
2017-12-18,139.1512455228049,144.27937218176083,175.251945644879,118.19344645952533,137.37285691914843,101.25551877057529
2017-12-19,137.59405187906475,143.5906681968999,174.96311866809185,117.63162713033,136.84529987797256,101.26090702824085
2017-12-20,136.23450699710529,144.0682744684901,174.1733240581957,118.12304413941658,136.77353630941894,101.2663352204575
2017-12-21,139.51731360560132,142.71089637814748,173.31603952826373,118.2312109682273,137.0552579477863,101.27164474213676
2017-12-22,139.56874269484925,142.96672250587974,173.67865591277155,117.44317741740667,137.01942512761158,101.27687521087037
2017-12-26,139.232023025071,141.78193561771292,173.8960887439144,116.88812271217095,136.8554933137738,101.28266097045848
2017-12-27,139.28601514371346,142.63202229882904,174.67017519498847,116.8454219811325,136.92212900545272,101.2883281850257
2017-12-28,139.07997638804554,142.55382553162002,175.1272474704461,118.01693839868405,137.203815033564,101.29379750183838
2017-12-29,138.86994908024198,140.48438375200337,173.4278092875576,116.7998444519809,136.6865048435735,101.29926711398053
2018-01-02,142.3055835983874,144.36536457783885,176.84792307502656,120.0620828776565,137.66479870100906,101.30493525773522
2018-01-03,143.8229460199222,147.26529728507995,181.3152302130267,123.5748792675763,138.53555848766447,101.31048478191711
2018-01-04,144.83824200658012,148.61059878854664,181.8037929804087,124.44239434315843,139.11948656420589,101.31603461010411
2018-01-05,145.11821087548833,149.95455582092472,182.6545968740816,125.06432909906984,140.04656397084267,101.32150542299456
2018-01-08,145.2088537849777,152.13567208990162,185.49266985129702,127.08155742594236,140.30267293252862,101.32721445535472
2018-01-09,143.2895795067509,151.53541404902214,184.1576727600574,127.94128144886841,140.6202451961987,101.33288416288727
2018-01-10,142.5141669948209,151.66454504927546,184.2754739414972,127.3731056197,140.4050702238701,101.33847487853112
2018-01-11,143.4355439276993,153.10660362832613,184.6990889827483,128.63273086324153,141.42947936292182,101.34410556132701
2018-01-12,143.0012976305627,154.13309957189364,184.87076648623287,129.12851967667376,142.35147340550404,101.34973655698127
2018-01-16,138.34276038801613,152.57129238053824,183.90454250391144,127.4808619653918,141.8648859639416,101.35544718004478
2018-01-17,138.53134826318566,154.39227374476206,188.27419278545818,128.15238762245494,143.21706970502868,101.3611184673236
2018-01-18,138.6070832637243,154.96248355596822,188.42845812384516,126.59601809984365,142.97635327653083,101.36682973170895
2018-01-19,140.93008731484477,156.1259997389044,190.0330745178765,127.28676393826959,143.62684582423898,101.37250165589208
2018-01-22,141.4815778401792,155.97857032718497,189.8184744568845,127.15882184743468,144.79468417219374,101.37821356167127
2018-01-23,144.88946777460902,156.85747869820676,191.38393257419247,128.36947000555273,145.10200068211446,101.38388612283025
2018-01-24,143.0513348452502,155.07644540039283,190.29790548548456,128.00026233839338,145.045665257005,101.38951932881699
2018-01-25,138.30865941545306,154.70679726786398,190.23673131788726,127.5607040504285,145.10709294873308,101.3951131691238
2018-01-26,138.5336659430646,157.41573365494122,191.83604834103005,129.10423795462629,146.7871314149317,101.40066763328711
2018-01-29,137.93281839929182,156.30476162273632,190.0416418766194,128.7238624740426,145.81392982411472,101.40638112609838
2018-01-30,135.6353136987441,154.83697584069586,188.080719820867,128.0544910411068,144.31834358181666,101.41205526335764
2018-01-31,135.79331440353167,156.4790812653865,189.79024063483482,128.1077481364495,144.39003592985813,101.4178090736197
2018-02-01,135.59083419671677,155.89040993708278,187.7397803570829,127.9404758148327,144.22607740832828,101.42364255476433
2018-02-02,134.93486905092814,152.0282847201871,183.00094732308742,123.66345148648253,141.0863211302624,101.42947637144668
2018-02-05,131.25090145008477,144.7142075515937,175.62140401158504,119.36867765392606,135.18572840645263,101.43542952481324
2018-02-06,137.32426734829156,151.83034454241778,179.1649659705949,122.40740146558171,137.8492331197816,101.44142268916977
2018-02-07,134.93173615849494,148.75043168631078,176.13678426476994,120.71572153008893,137.10140883965852,101.44753517605717
2018-02-08,131.32439151013196,141.57332955232474,170.18793546331366,116.31116044021326,131.9588605394651,101.45364803126056
2018-02-09,132.32627113203927,145.7371811002417,173.11010479477605,118.17975904676237,133.94109654127377,101.4597612548021
2018-02-12,133.56696883932753,148.5556919560782,174.42721395773353,120.8104189207754,135.9079400098943,101.46619198208693
2018-02-13,132.00915725085414,149.80870412952177,174.9051214794596,121.1486989910785,136.24601487849915,101.47246457032401
2018-02-14,134.31701273521128,156.28529163781377,179.99518439661895,125.7766864716936,138.08484837909683,101.47869789750098
2018-02-15,138.08833566929366,159.00479506460445,183.3065323760751,128.10336924468882,139.84680823939422,101.48493160758346
2018-02-16,137.97740261750437,158.3892031589668,184.45030498083628,127.62806035577515,139.8877600338796,101.49128465002941
2018-02-20,135.6679490741073,161.15514430452924,183.38418022538897,127.85089598473927,139.01191688316962,101.49783627391709
2018-02-21,132.9236022374943,159.16841733318785,183.18469477078065,124.72823584306006,138.3204013204639,101.50430905377966
2018-02-22,135.86286633649146,160.07304415954533,183.37395969661395,123.39780965622465,138.4997345700538,101.51074260459511
2018-02-23,137.66344099009217,163.70896834924577,185.49358000935737,126.07892927969705,140.70732117486423,101.51717656318222
2018-02-26,138.67371319533828,165.72347886769668,186.6031333961855,126.88605952202165,142.34124435944673,101.5237694936883
2018-02-27,137.1964921143705,165.3190891404788,184.17114154714784,125.31657023230584,140.56392757621728,101.53032321458834
2018-02-28,135.3256742555938,162.99998644289326,182.16120092511883,122.63426405896138,139.13992685119248,101.53683771433359
2018-03-01,136.1666193624023,159.2273020638117,181.2484668656926,120.81172142304236,137.11673905489846,101.54323366845796
2018-03-02,138.24551878721223,161.80754752436687,185.4829390885927,122.23777849874665,137.82361154053618,101.54970934342991
2018-03-05,141.49567173106627,163.5039076909685,188.39625463285324,123.45811275822028,139.4165473203772,101.55638367090084
2018-03-06,141.99274245668653,166.9235933070658,189.23569683007062,124.25294507795114,139.76993459909394,101.56297914767293
2018-03-07,140.31994419151522,167.877791690982,188.70485731165198,124.14188913090727,139.7187715636793,101.56957505278162
2018-03-08,141.89798583529478,168.56870649316528,187.76536926774574,124.23386525642643,140.3948945931969,101.57613173059362
2018-03-09,141.43005457036423,171.60782735149522,186.68138270470632,126.40368086761569,142.8380608470665,101.58268883166254
2018-03-12,142.79725272659837,174.33262579695813,188.66636784769022,126.8216848405948,142.65879881798878,101.58940497582677
2018-03-13,141.66229087487568,173.9621893249129,185.39506544397528,126.85790072886303,141.73680477540657,101.59620085587129
2018-03-14,140.5469335746517,173.81395990340081,178.5860546309528,127.07948822544556,141.00947419765419,101.60311610713099
2018-03-15,139.76963602185035,172.44806760686447,178.26696074415258,127.33284201102381,140.8558515529499,101.6100714628871
2018-03-16,139.66739533315706,173.8816465950462,179.2153757579564,128.36231934242863,141.0086106489444,101.61706692741552
2018-03-19,138.27558483737533,171.5269752700134,176.2186713315088,126.10093527413596,139.1006576413066,101.62414213264476
2018-03-20,138.3009144327408,172.0372109608276,177.22199184718903,126.29037110305723,139.3372521826639,101.63125745697944
2018-03-21,140.40514006344958,174.75190181101064,180.10340088591178,126.89020693731264,139.0698191595463,101.63809579319684
2018-03-22,136.75622850320164,170.57710523491176,176.93198944450734,122.79203661126822,135.59348364363072,101.64485526746039
2018-03-23,134.762248665973,166.41081270466935,172.19218877036712,119.79241169960274,132.70334635808126,101.6516945186168
2018-03-26,137.813044192667,171.33467235656133,177.3940882895918,122.90005521481955,136.33399001613057,101.65873249372274
2018-03-27,134.5484570395,163.9062393999318,172.16559883722087,118.85025534913525,134.01472074570725,101.66569165676123
2018-03-28,133.98971019209225,160.63632161698922,169.3599018839987,118.64233654429327,133.61872579559767,101.67249264004595
2018-03-29,136.6047308034596,164.46661369683952,173.12977628714998,121.489788787655,135.3260239128211,101.67929407828622
2018-04-02,133.5919271411617,159.12169432791467,167.15720642288073,118.46543349716195,132.40506595063937,101.68625464889114
2018-04-03,135.25676953599304,161.64366447828266,171.33489772045377,120.38832362798321,134.10214392436953,101.69313635963853
2018-04-04,134.94065634510483,161.7231072419452,173.91118895774062,120.99628295147508,135.5368722390367,101.69985980604618
2018-04-05,136.17400493377275,161.4381795788124,173.93754732569,122.95758579107677,136.60654201355877,101.70662338794527
2018-04-06,134.17672464359586,158.72178559249164,169.14975345341713,119.26749391509011,133.56216780638775,101.71342710938103
2018-04-09,134.49891861748947,159.29198347241226,168.95793162541588,119.9976302016606,134.22039668222806,101.7203503397678
2018-04-10,138.422247616861,165.57846034913044,174.54729206350282,123.47822377995641,136.35456384157746,101.72719467066739
2018-04-11,137.5407149719416,164.78842386546356,174.788262489767,122.68506077657962,135.63974136627115,101.73399976823058
2018-04-12,140.20800978521834,168.99195326553337,176.31827137834875,124.43041417681314,136.75565105830566,101.74088471017279
2018-04-13,140.43067512397533,168.37315823078933,175.1415895626699,123.65394319904213,136.35456384157746,101.7478098094898
2018-04-16,140.99750506016258,169.5838608138116,176.18627796887662,124.421824510311,137.4756370207427,101.75485443925139
2018-04-17,142.464238080854,173.18099435122198,179.90983167465782,126.77711698564116,138.94638510942897,101.76193923809475
2018-04-18,143.6250037691745,172.57611966189245,180.78081350227836,126.07424092447798,139.04926313922746,101.76906421044295
2018-04-19,142.3174791657052,167.17894673265116,175.24621469987238,125.61131534352508,138.27790938240332,101.77622936076641
2018-04-20,142.6922993990213,165.31697184474007,173.84191059698333,124.97268971092004,137.1053971883388,101.78335533365302
2018-04-23,141.51693282677317,163.69652508827502,172.47783999030088,124.55480638764492,137.0848144603279,101.79071985534996
2018-04-24,136.31664066513594,160.75233388150752,168.4763448274549,122.3387428290613,135.23866305210697,101.79808490990594
2018-04-25,136.7103078461787,160.95511719288095,169.61982303422147,123.54799754893408,135.57287420792775,101.80537115144439
2018-04-26,144.15344334029342,171.28134598264538,178.1368761125385,125.90626321473398,136.9510890462051,101.81253885799346
2018-04-27,143.2844126456904,169.70228097462513,178.1631258040068,124.86481043062663,137.07964207063313,101.81966737312882
2018-04-30,143.3509665662111,168.78232867137578,176.7458939107424,124.17257150099086,136.0254449523753,101.82703452217876
2018-05-01,144.3045913573552,171.770623675055,177.25666489927687,125.63645835913499,136.26714066291518,101.8343228357981
2018-05-02,144.66951614973087,170.6825413817663,177.56299352410164,124.4892107713606,135.35180573821884,101.8415719781777
2018-05-03,145.53313674348365,170.84561131226482,178.1440730576244,124.32753910957148,135.05349862308492,101.84878193697901
2018-05-04,148.51744925711057,175.7558472759087,181.7519676166438,126.79170762494492,136.80198000145825,101.85599240621535
2018-05-07,149.34467313022068,177.00495954975898,182.96943759430187,127.31450635252398,137.26476198683505,101.8633224899744
2018-05-08,150.4190057222013,177.85217720442745,184.19695855788407,127.45178198092539,137.26476198683505,101.87069279768473
2018-05-09,153.0810773116417,181.96846248669584,187.67972000577532,128.7039987053352,138.59152000508516,101.878103334103
2018-05-10,155.15993116199556,186.11765464507496,190.6032987226018,130.41472014918475,139.88749295695902,101.88555410403313
2018-05-11,154.8506859344342,185.29089815161112,189.7131023777641,130.05555421884384,140.3143174862649,101.89308480190275
2018-05-14,155.99418165349095,186.89815300497085,191.4659068949983,132.3742026636744,140.38116683948027,101.90069542977079
2018-05-15,155.90676661892638,187.03468111706744,190.3316077305902,132.6666056936458,139.41436619219266,101.90826693837991
2018-05-16,159.18531516419125,190.25116118527944,193.59226740553726,134.29090294912436,140.00061783794288,101.91579931503013
2018-05-17,158.38522876935775,188.83269786979517,192.85702633670027,133.3278398454872,139.88237398264837,101.92333224842321
2018-05-18,157.4159480079563,184.94580128542032,190.5621064096047,132.50232443813476,139.5326278526152,101.93082603430736
2018-05-21,158.19992624003925,185.94060873427287,190.0591472605122,134.09511300046861,140.58171489912638,101.93843948115449
2018-05-22,157.72325229958844,187.07602792781412,190.9635525917307,134.16268311138379,140.1908923387116,101.94605349666743
2018-05-23,159.38341253760936,188.9547145192598,191.6653224705388,133.89416825577214,140.57656031455963,101.953588666247
2018-05-24,159.57283232414076,189.59873190651936,191.33507224222328,133.47417863464887,140.2886068813793,101.96108467669654
2018-05-25,159.56104332655727,189.76235832714747,191.40414036030245,133.62120645104108,139.95436011530245,101.9685415153978
2018-05-29,157.5788733657916,189.95404157511746,189.7537756449187,132.1898540458961,138.3447231253626,101.97615777930059
2018-05-30,159.68171659761128,192.4168773954928,191.9432324681007,134.12434288989445,140.1908923387116,101.9837746120796
2018-05-31,158.70349268571056,191.10476190069608,190.27335310657506,132.0638684644856,139.33207089040508,101.99135229370587
2018-06-01,160.26159938509696,193.95271131998527,193.04694525252182,134.68772533158312,140.69999436467697,101.99889081146917
2018-06-04,161.0231353788747,194.93256847359584,194.6391849121834,135.4265643499703,141.36857692247088,102.00654906430631
2018-06-05,161.14023548082073,195.4172512824631,196.46880044873947,137.17972009248794,141.47138373175721,102.01420789213832
2018-06-06,162.4874545096,195.95499948630723,197.48702156389675,137.4240434946125,142.6541605821351,102.02186729500832
2018-06-07,162.46989152236668,192.9161266766541,194.71411388253006,137.29149091116838,142.63874134125496,102.02948754193574
2018-06-08,162.95019663396823,193.11702906754553,195.174171758674,137.62151780230408,143.06042018855808,102.03706862016142
2018-06-11,163.16694539384838,193.16138847452854,195.81661963027955,136.9128579853038,143.25071249445483,102.04472973945438
2018-06-12,163.37779250328407,195.1992757211016,195.96703712428123,137.74271635639442,143.43582350809274,102.05231195021827
2018-06-13,162.85643948618568,194.0301984436044,195.23213729336246,137.36075002714284,142.97810708164246,102.05993447112671
2018-06-14,163.26655349061107,194.40560130611726,194.90011073676024,137.8953988238442,143.33816238080914,102.06755756137868
2018-06-15,163.05826173497607,193.0205707877524,193.6039576778684,137.40776989595474,143.1552948133039,102.07518122101673
2018-06-18,162.7229019695138,192.3564245013205,192.2028718761915,137.65079709407019,142.86086921608205,102.08284520186956
2018-06-19,162.0991826959948,190.649836016993,190.00311645518207,136.85766316193326,142.31328140586442,102.09050975814728
2018-06-20,162.37574904345544,191.5746309089027,189.95846569763722,137.16066424453493,142.55608993690666,102.09813513213749
2018-06-21,161.35780560442254,189.06674865903298,188.7182886603425,136.38456011618803,141.66239714533944,102.10576107568434
2018-06-22,161.65195521970222,187.58120484037724,187.81993575284682,134.81233374950008,141.92064272238983,102.11334782124835
2018-06-25,157.50390393430055,182.53036729333434,182.98506137948544,130.60319196683986,139.98874181754212,102.12097490106578
2018-06-26,159.87897634650696,184.05138056324063,184.88981547273067,131.72794490190316,140.29870238897635,102.1286025505673
2018-06-27,158.5421003599949,180.65410291934634,182.7928755346263,129.34194844409785,139.13641033840517,102.13619099331723
2018-06-28,159.06370618644377,181.43322015385462,181.05066120151258,130.97074974653168,139.93191675141165,102.14377999990982
2018-06-29,158.82142064010958,180.9870114154706,181.19887276695474,130.70465711870872,140.1333817751517,102.15136957038699
2018-07-02,160.40195456022084,182.87286760066786,182.9542181781182,132.1987991725067,140.43296195694026,102.15919835854791
2018-07-03,158.57825936762544,179.9600890816768,181.21105845284941,129.6652637632211,139.93709804367046,102.1669879777428
2018-07-05,161.56885933233792,183.19693474165967,183.47555746983346,131.63914669768616,141.0786827303345,102.174698635256
2018-07-06,162.62399251347335,185.25470362510237,185.30723813843227,133.05594120207274,142.27192899599822,102.18244965746622
2018-07-09,165.53233646903072,189.1602658738853,189.04971815153365,135.46468918135164,143.5530346659611,102.1902808275768
2018-07-10,165.8839644529898,188.78007342145222,188.48242769510588,136.23801165791104,144.069561430318,102.19811259786114
2018-07-11,163.1708807166462,186.0526546496956,184.8494098245874,133.82966924860503,143.01580944026108,102.20586539626593
2018-07-12,164.73786951057605,187.53647161759153,185.37820656606584,135.15543306559067,144.31234325366816,102.21365857381348
2018-07-13,165.68680305196233,187.82455248060117,184.89471805357132,135.980576045991,144.4260468013132,102.22145234558928
2018-07-16,164.32929324653688,187.0136875583786,185.13066432144115,135.34807961251175,144.296924012788,102.22940586108355
2018-07-17,165.19530936145577,186.66719712168972,186.4210309683237,136.52055514074846,144.88060281753687,102.23735999541475
2018-07-18,166.39048407887068,187.37705492369892,187.79169015201066,138.17844271003813,145.18539990184033,102.24523516929996
2018-07-19,164.0726356465338,185.9506281527844,184.38774016842015,137.66898753910894,144.63779428649465,102.25311094979672
2018-07-20,163.39337667493578,183.99543386749897,183.49431565553803,136.4342390124328,144.47250038036205,102.26094753532455
2018-07-23,163.7414571893107,183.62146061028594,183.6467737414097,136.96030313943362,144.74116195731418,102.26882452611873
2018-07-24,163.5430449981563,181.5771750415357,183.67981561808367,138.30052939789877,145.4694807196726,102.27678172748682
2018-07-25,163.7059442301215,182.10621771472395,182.4901696029743,139.29236376539265,146.70924288233329,102.28469974491459
2018-07-26,165.82680186634346,182.5159452705024,182.88067195824382,140.53986783185437,146.36313790098373,102.29253875137898
2018-07-27,165.9669999144572,181.77851495837808,187.53788918588137,140.6180120021003,145.371347756496,102.30041817559203
2018-07-30,166.78000851684578,179.72814733357848,187.07777909576336,139.57753938112148,144.61199465596889,102.30849724861947
2018-07-31,167.50176998702565,179.20257233392445,186.7352080886422,139.245922117668,145.32484966462707,102.31649734830992
2018-08-01,165.25684502785816,177.8608457427373,184.15937110736397,139.571968454872,145.08204113358485,102.32449807357496
2018-08-02,164.045484414651,178.99571107237267,184.9712451276956,140.84170051298003,145.87242857228065,102.3324596067189
2018-08-03,164.01892897737082,178.48370148166896,184.4966234432384,141.06232938492352,146.4974686894598,102.34038193459143
2018-08-06,164.78887439163444,179.14653710814093,183.75298008561313,142.19647604107598,147.0346494023397,102.34850397597751
2018-08-07,165.11151100070967,179.64909708966366,184.6142829410409,143.14351846244355,147.5202308541681,102.35662666195329
2018-08-08,165.1869915438648,179.52610816232882,184.55695023965748,142.94274693364827,147.45824230090685,102.36474999256991
2018-08-09,163.80822601764723,177.80219086662845,183.50314887589974,142.1512754353128,147.2567772771668,102.37287396787858
2018-08-10,159.92459780225136,175.17322862385637,181.18639045711618,140.91271850759028,146.2701684249379,102.38095876302964
2018-08-13,158.76082986615552,174.73526646375186,180.12243950663375,140.35387470444135,145.72266964036044,102.38912384887286
2018-08-14,160.36556262218167,175.1200094345404,181.1701311091704,140.6111815147169,146.65240001107477,102.39732940934384
2018-08-15,158.0285707227604,170.43640740037225,179.6207431441488,138.02219806277782,145.55730451371568,102.40549580077878
2018-08-16,159.50693749665035,170.41995224165004,179.91936110098536,137.282453293174,146.7350514154231,102.41366284349975
2018-08-17,159.00429075042322,170.2766383004865,180.65620819307375,136.39119695653832,147.25157817977998,102.4217508599114
2018-08-20,160.68471574026594,171.8824206616886,181.86629159670713,137.2709488382485,147.56672894603702,102.42991919900577
2018-08-21,162.92573677833627,174.49610436926434,183.9323384746577,138.35199719393043,147.91286953764268,102.43812802885441
2018-08-22,164.26217932817008,174.79535790514606,184.32238317872614,139.76974010110524,147.82503684103554,102.44637735518312
2018-08-23,163.23550159408117,173.3199132753552,182.9732823481764,139.57093904473524,147.62873530442627,102.45458750400383
2018-08-24,164.79193332730915,175.49168086010692,183.9952287214839,141.70567328577778,148.51722009604265,102.46283815581148
2018-08-27,165.7489176024396,177.28675178314015,184.7595524144157,142.83630740695,149.68979460805528,102.47120899339126
2018-08-28,165.30043982620242,176.42648589855114,184.30623608323768,142.60840652054407,149.7621368432701,102.47962035076671
2018-08-29,164.86541290409752,177.01195720250934,184.53638596832698,144.45837284851706,150.5679435228461,102.48803239858913
2018-08-30,164.02432564980725,175.17948344728185,182.98486719962128,144.54532846303093,149.95838496449522,102.49636544808905
2018-08-31,163.46816515119016,174.85727662668722,182.2199415274498,144.65766053126785,149.96358406188207,102.50469917512874
2018-09-04,161.8272550000321,174.04135917597222,181.03086678026187,144.656853731404,149.7053028745756,102.51311328154843
2018-09-05,160.9150929331229,173.9442291124011,180.06596497605037,141.9793618382795,149.30238172965957,102.5215679269722
2018-09-06,160.3891183270899,173.4757423357637,177.1822005535793,140.99506864367126,148.85297139543863,102.52998341806475
2018-09-07,159.63766899473393,173.507733103718,175.96665016150467,140.40509316399755,148.56371818791158,102.53843945483268
2018-09-10,160.18293943445337,176.76140336982778,177.40277146084296,140.15035059462375,148.82200827778206,102.54693604329002
2018-09-11,160.43094179211073,175.39580475693987,176.69425906563686,141.3082717733327,149.3126998013571,102.55543333579564
2018-09-12,159.9892592322158,176.73024158983702,177.63270291003136,139.8958419042222,149.34888872409255,102.56397118941295
2018-09-13,161.10637353779572,177.15755390938577,177.6748583780464,141.2206114358176,150.23221002857812,102.5724698934929
2018-09-14,161.27502339689613,179.07519788807414,178.11903566235873,141.23987717971258,150.25802746423193,102.58100916542256
2018-09-17,160.45250250922723,177.39779627818749,176.83670525666042,138.76003144004477,149.46252995378947,102.58958901131264
2018-09-18,161.3231797301873,180.24409200482177,178.58760006979395,139.61694899307577,150.27357134100836,102.59816957481854
2018-09-19,161.4950176309234,179.38884016134332,179.4388486641527,139.80181235484199,150.43363944206206,102.60671098627517
2018-09-20,162.80375725556206,180.92895909275825,180.5345754865325,140.56657172165743,151.6527387536357,102.61529298185809
2018-09-21,162.6549712467378,179.61591081402105,180.0961037396819,139.08598860500322,151.51414363699476,102.62391556772708
2018-09-24,162.1146853621764,178.53484799867135,179.24896898727394,140.04902437355554,151.01086388789747,102.63269834262466
2018-09-25,161.96429374894038,176.8700505196706,178.9072228948619,140.7497119944294,150.8707731405014,102.64144200546762
2018-09-26,161.47964970298216,174.9364310244292,175.4730046830478,139.4989969031778,150.41932411912023,102.65014654222966
2018-09-27,161.9308818857049,174.94499841021957,174.97415748083137,140.85246595834158,150.83964977669254,102.65877205678316
2018-09-28,161.9475687029844,175.5387150785624,174.73803555930593,141.68278133940805,150.85519365346894,102.66743818161889
2018-10-01,161.2677962170032,174.87940927465075,173.23672391296972,141.63684228396934,151.3792519869855,102.67626455458489
2018-10-02,160.97461022170503,173.9896638201084,172.5243013362915,139.9678072803437,151.29102757756158,102.68509168635877
2018-10-03,162.06771446749238,175.42618158185547,174.88100550309306,140.2965385936201,151.3741241101108,102.69391957700574
2018-10-04,159.4634265537148,172.70467609564804,172.50107570529156,139.659086543897,150.19097335204415,102.70270834299664
2018-10-05,157.1093530790728,170.15479958267179,170.34543327811772,139.14184791400342,149.3503487445916,102.711497861149
2018-10-08,155.18985478862982,168.20370508323893,168.20733112910676,138.03151778022502,149.3503487445916,102.7202881315272
2018-10-09,155.8632769410265,168.14715795029625,166.83477200819587,137.6467761558924,149.13241397741723,102.72919882403745
2018-10-10,148.19458520277345,161.06609157156942,161.4314431661377,130.96095220386877,144.41044060658865,102.73819005690379
2018-10-11,147.50904312190275,159.220322981468,160.03534725931172,128.24983377592366,141.2295811904491,102.74714219147863
2018-10-12,150.53762800681125,164.28426886575406,161.13992259214734,132.15608369704145,143.19100299758233,102.7561349948137
2018-10-15,148.38097393035054,162.26982994697272,159.84353546048158,130.70580914881901,142.38667414363343,102.76528811518803
2018-10-16,154.34575172660152,168.69793408899642,163.04063247840955,134.55854736569128,145.50012334502446,102.77440217067297
2018-10-17,154.58612774792007,169.0623712021984,163.29512381335203,135.59024752374583,145.5260743191386,102.78355691821689
2018-10-18,150.83657141247932,164.42832832443221,160.43441134478277,133.24431169875842,143.42450834922516,102.79271248123042
2018-10-19,146.16284677863334,159.27885636621838,160.31201934259533,132.29889525599856,143.34669993970292,102.80182896892961
2018-10-22,146.5533594157204,160.38302228984813,158.68274706356067,132.68535226090523,142.70322261244138,102.81110581942208
2018-10-23,144.5844675040427,159.95963667692456,157.6022085738404,132.19841031204123,141.97677338852685,102.82034362071866
2018-10-24,134.540278864667,149.24061454490857,150.29460972861563,125.68197290279195,137.67509896757855,102.82958225205178
2018-10-25,136.08647312075087,148.2881924932426,154.65098641284152,130.39439504746056,140.14506193914403,102.83882171349599
2018-10-26,130.42501490192035,143.68090007496284,151.1481027384675,127.28250315421823,137.6802535521453,102.84802210414807
2018-10-29,126.05819286390835,138.5596683292565,145.465630594459,123.30444806410682,136.917455159343,102.85730312311513
2018-10-30,131.10085445257022,141.5822492102739,151.97759227555727,127.34411215357676,138.946394011993,102.86654507533984
2018-10-31,136.3295754508881,146.0568886975435,157.16083439315628,131.909258261175,140.43045143388701,102.87578785797407
2018-11-01,144.31737863119506,150.980273259295,166.85002132915486,135.50092221203545,141.92492485568275,102.88495163656415
2018-11-02,143.96504212817098,149.3082096526196,167.39975896367335,135.05472052797927,141.08432695592225,102.8941561541919
2018-11-05,145.1181796079722,149.41956992310566,168.1547604697421,134.83875461335035,141.862678128065,102.90352116176332
2018-11-06,145.6885226647759,149.63318806972813,168.56139927534474,135.920057415662,142.7602969503644,102.91284710727909
2018-11-07,148.0494883932207,155.97759925643163,170.74195138470162,139.36655377251046,145.8166094958843,102.92221381602504
2018-11-08,143.55855891452012,153.91764321033418,165.75052609049823,139.57327790190777,145.5520341958167,102.93150153006185
2018-11-09,140.70355956664338,148.87711529142217,162.96155727466555,138.37608347736546,144.1302413066685,102.94083001138388
2018-11-12,134.5031294356695,141.72532306308008,156.8919212708837,133.3618858987843,141.43711776284974,102.95015933812796
2018-11-13,136.1026098032464,142.45217406021672,158.72481558345197,133.85044540141425,141.17245343714197,102.95960929624226
2018-11-14,134.9814089386177,142.8177481337673,157.35645045236427,133.31737169216188,140.20734427701788,102.96902019338113
2018-11-15,138.34735438507204,146.288026569444,161.4593177723787,135.26887921264557,141.6706231144926,102.97839201477288
2018-11-16,133.9123451969491,145.6864294922624,155.9297034613389,130.50566239052785,142.03903792127267,102.98772474568811
2018-11-19,129.3687365768148,138.60503822749874,149.47297622021256,123.15680277417665,139.6365652875319,102.99717815199064
2018-11-20,128.43133761356756,137.665298789514,148.14414807214223,122.00507190755815,137.05240022473632,103.0066324260363
2018-11-21,130.7675654696201,140.20742703231934,151.18335517323172,122.47997440500862,137.5193753177659,103.01616744951846
2018-11-23,129.35338691525615,140.173797531373,151.16940851380804,121.05246414777085,136.60092449566307,103.02570335562991
2018-11-26,134.0993666663523,143.53664181402615,157.46625447474884,125.12973237320344,138.8062943620329,103.03528008682333
2018-11-27,135.58185587728684,144.92339961194378,159.82355959167492,124.86390276196784,139.27328726019053,103.04481776213588
2018-11-28,138.27089647296594,150.41632615285403,164.42145650336167,130.6283027018859,142.48007984531617,103.05431636665416
2018-11-29,136.21811494619206,150.54579410762324,161.6521980203547,130.7196742211533,142.16874827902308,103.06369595135666
2018-11-30,136.16913233078307,150.68298930126377,163.0306258254343,131.96884229531292,143.03533276315378,103.07307638975081
2018-12-03,140.80476607397736,154.3873087958387,167.22903448804834,136.31288822805183,144.92936216066653,103.08253763061587
2018-12-04,133.29534558387022,145.6514456840742,158.80078752849093,132.00423891835842,140.23326854343995,103.09215960534357
2018-12-06,133.0356853763711,147.5945534290584,158.6126859574536,132.63349187946966,140.02055067878047,103.10170254582722
2018-12-07,129.21111316735144,139.19433744652844,153.92226481298195,127.70985281466663,136.76698402230127,103.11120639394798
2018-12-10,130.77734274563582,142.3388004200716,154.35227694521515,129.96101434148198,137.0264848608783,103.12079107305719
2018-12-11,130.63293757649498,142.55684934152393,154.27578112761896,129.52933274926465,137.05759041955915,103.1303766431081
2018-12-12,132.43606254254388,144.33242861410085,156.92654728016453,131.49974155338924,137.74771718227794,103.14004305841829
2018-12-13,131.06702386078388,142.91431883854443,155.74257946241133,131.55443208819466,137.70104103912863,103.14967040084245
2018-12-14,128.83838299546406,139.63302928435579,152.55836006211504,128.13262711978203,135.15839753491562,103.1592586553648
2018-12-17,124.61730849858408,135.63845903982744,148.6624136486325,124.69785853983673,132.50680445224347,103.16880780701177
2018-12-18,126.42108871091952,138.24406829081187,148.35781023492828,125.02678209157766,132.36154131515264,103.17827783521518
2018-12-19,121.68318323738774,132.5591200038603,144.57462149943996,123.39681635915849,130.379314215908,103.1877887419965
2018-12-20,119.58535554323345,130.3311914499241,144.28185832385984,121.07376835534028,128.25701417439535,103.19726051248999
2018-12-21,115.36030973815714,125.76618818486892,139.3167276748031,117.83081529494973,125.62909300944855,103.2067331524123
2018-12-24,112.67180030509596,122.85821402399372,136.78852902485553,116.25587497222165,122.30959396384793,103.21648672248821
2018-12-26,121.08063080668629,131.37412798508302,143.7076873157984,123.1628396354848,128.48927316707557,103.22616120890041
2018-12-27,120.25439596175377,132.39246919208097,145.1573892196759,124.03551338674606,129.4757395782802,103.2357165535216
2018-12-28,121.022012179851,132.52589833817643,144.80825907603943,124.24032139985995,129.30869186703592,103.24523275496674
2018-12-31,122.54167755780036,134.20743775152832,144.8871101897748,126.25703760040805,130.44130276916925,103.25494995154614
2019-01-02,124.02963324553829,134.56285401700728,147.36851805990486,126.1640340264766,130.5769778448121,103.26454799230555
2019-01-03,118.74879645063245,128.6847132903279,143.23444650198232,122.8111936256629,127.46106263318792,103.27410689027931
2019-01-04,125.50914980363746,135.9432670270657,149.2462968806315,129.01115934876697,131.73046525956894,103.28370671176768
2019-01-07,127.89038497278959,141.3234587258929,148.54821533734835,131.75787031304284,132.76910069592233,103.29346755624309
2019-01-08,129.09196587100467,142.52431594390674,148.65662642097843,133.1291799698551,134.016519063639,103.30322932316878
2019-01-09,129.6952646338507,144.5298123756272,151.88938582455657,133.93506098905456,134.64283224747277,103.3129519782477
2019-01-10,130.15278963518864,145.5180080828179,152.03317888498586,134.45534400369962,135.11781074555503,103.32259546041091
2019-01-11,130.20308454143284,146.87990782447474,152.83253926991455,133.745220268368,135.17002428352387,103.33223984272017
2019-01-14,129.40871658744834,144.89555078743243,143.23551837354995,132.78427461373,134.34535307079256,103.34196522820045
2019-01-15,130.8918546308835,148.50336961718003,141.37653429537363,137.00405641753775,135.88506932293063,103.35169152901096
2019-01-16,131.20854531930607,147.6878805951058,142.0125638783748,136.22408875405173,136.21384101213607,103.36133862721803
2019-01-17,132.20402429481473,149.70124934380803,142.359317008372,137.07344342677868,137.24729515623065,103.37094655731299
2019-01-18,133.9636857051298,150.35327867909018,146.53196127487016,138.73382881995343,139.07408348771122,103.38051530429154
2019-01-22,132.15372938857053,144.76131077158192,142.54268991363998,135.6849238311703,137.19508161826178,103.39016509297988
2019-01-23,132.43027848174518,145.42442313706695,143.4449786657341,136.91898271542408,137.48218040529633,103.39973561896221
2019-01-24,132.50063989789754,149.10702003225603,145.98454731854727,135.545528329862,137.55522594306865,103.40914664232007
2019-01-25,133.6217832478482,152.63779834807707,148.63646705939948,136.1701589273855,138.7191382602912,103.41863873160567
2019-01-28,132.60622061156826,146.72590230922043,145.63706991695182,135.43952888998368,137.66483431126514,103.42825198801901
2019-01-29,132.4302784817452,143.26403631645496,144.21327510147978,135.10015238791968,137.48218040529633,103.43786613803043
2019-01-30,134.5267485429805,149.36722685198262,147.3407263317003,136.22298140820843,139.65862584116988,103.447481181723
2019-01-31,135.70822005412947,152.7591681313277,150.0023150954987,137.382849768549,140.885167696263,103.45705701328848
2019-02-01,135.77354769194164,153.40444310417757,151.5677946672111,136.88230495226765,140.95298742895642,103.46659361775376
2019-02-04,136.50833354813108,154.71676546687078,153.1726581092361,138.16868711861767,141.94468854780396,103.47621133180279
2019-02-05,137.79147928064322,154.9435722154647,153.84815124852537,138.27635048497044,142.5397270242405,103.48582993986427
2019-02-06,137.73867625048885,156.53104695256795,154.00612782977424,138.59661970261388,142.3517849952447,103.49544944202131
2019-02-07,136.8570063727454,152.90430633279772,151.8563406132522,138.28872264009595,140.99476716189554,103.50506983835702
2019-02-08,137.02665842254743,153.96074485935424,152.9904940487255,138.02902040379826,141.16697836027058,103.51473125326847
2019-02-11,137.19572939756105,154.80905199215368,152.75784854994902,138.3581984691845,141.24529421594184,103.52447381440771
2019-02-12,138.10476883508102,155.67814594417837,155.79225725783283,139.0095046430928,143.06159532700852,103.53413704053347
2019-02-13,139.63516987933573,157.4715670635964,156.3590272364123,139.47286608936523,143.5261667277531,103.54384130032571
2019-02-14,140.33837339192536,158.24526112038492,156.75624021989483,138.4752323714265,143.20776652562927,103.55350633425968
2019-02-15,142.55452580092134,160.72638700115206,157.71748588151064,139.69277856455176,144.76832368013478,103.56317227035142
2019-02-19,141.5596622897739,160.64537472812447,158.4000469974015,140.21420472791928,145.0188952470012,103.57295952576754
2019-02-20,143.82388645776828,159.72339198618258,158.91962372106457,139.94921213338978,145.31114861860252,103.58270756721379
2019-02-21,144.0741462051041,159.3094332220092,158.075993299778,138.99208107449613,144.7944170952732,103.59245652612256
2019-02-22,144.6034142205177,160.9005244471095,159.36456915928807,140.18486477270895,145.69223177398098,103.6022465490523
2019-02-25,144.27489090831358,160.76576490062658,159.49137638970672,139.86261040602048,145.8904829721103,103.61207764355112
2019-02-26,143.4127889038077,160.0550548106345,159.19171529152638,140.5252181211607,145.7861004089927,103.6218293667019
2019-02-27,141.9737497956815,156.84270682308346,158.91940588094607,140.96789944119286,145.72345306599408,103.63158200766173
2019-02-28,142.79270880102942,157.20545180800025,158.5352259117794,142.06923847647803,145.45201388906816,103.64133556651701
2019-03-01,142.1543558417811,158.39311025334302,159.67944531612747,143.2627476640649,146.3602089574216,103.65104987403241
2019-03-04,141.60047740260782,158.23889432036603,159.21170042542775,143.4066104512041,145.82780892141963,103.66084543433657
2019-03-05,141.45016451791247,156.48550526369854,158.98928194257775,142.88009808727915,145.62947760021416,103.67064192037184
2019-03-06,139.8970754780303,152.5894421425296,157.58331467192522,141.7393806112262,144.74749168033136,103.68043933222572
2019-03-07,138.45663824418594,151.80039909505084,156.07408608695636,141.38096581679713,143.53660943534686,103.69019748941658
2019-03-08,138.31064171372998,152.7539878762988,155.97309014953356,141.25169800251496,143.24952845344035,103.69999674937286
2019-03-11,139.8958536495516,158.24032545068937,159.28095821256332,143.47252326646338,145.32680822871114,103.7097969354099
2019-03-12,140.17283576107138,160.110940642898,159.97875855940717,144.103304011419,145.87483226456567,103.7195980476152
2019-03-13,140.90672245258966,161.9697650358861,161.669709436172,146.21051495480896,146.8403776503267,103.72935989033154
2019-03-14,140.58366009759283,159.98777453873114,161.19494220609974,145.7089428199203,146.7464734050589,103.73912265180937
2019-03-15,141.3493634141085,162.05549470085262,162.42306019576745,145.97361655374567,147.4714537059104,103.74888633213519
2019-03-18,142.18046215435058,163.1490158586943,163.1323671602073,147.3559044124092,148.00620401881326,103.75861072038916
2019-03-19,142.13749853297003,166.11852677890556,163.17281388041067,146.8135677409983,148.04290038769776,103.76841644574961
2019-03-20,141.6202794349769,164.0116208142072,162.68163448370504,145.6107759552143,147.59726474062066,103.77826330855471
2019-03-21,143.27928066731243,168.79519969455828,164.51912446883986,148.17809770854518,149.26437668386433,103.78815131641294
2019-03-22,140.05340809241673,163.74963664288222,161.3527212836603,143.99974296202473,146.39157269045901,103.7979598335125
2019-03-25,139.90423484714574,162.82192847367202,161.2313909354519,145.08500860381548,146.2814924863695,103.80776927756764
2019-03-26,140.94708464420663,164.27452719356384,162.43321390743404,146.04070489522235,147.37187852736278,103.81757964866601
2019-03-27,140.21003130747758,161.30239353031138,161.58380334595762,144.85843759549232,146.6012280730961,103.82731047554795
2019-03-28,140.74151177108254,162.31048786807824,162.19630327846983,145.8944257802644,147.15693502169867,103.83700196918404
2019-03-29,141.62896434699584,165.2840994375353,163.21904010527194,147.7234769376875,148.0848403667892,103.84657359672913
2019-04-01,143.30852469128249,168.44932720752158,165.15463448356385,148.79451789568017,149.84096014509043,103.8562668884318
2019-04-02,143.3787348433609,169.76490654127474,165.2355475487742,149.08183933690265,149.91437068798749,103.8659208244725
2019-04-03,143.60436775993597,171.75786037274082,165.49557619636994,150.18908604209324,150.15028863447932,103.87565618237522
2019-04-04,143.9854064121083,172.72308342467926,165.93470080154745,149.2766406498787,150.54869617943794,103.88539245277354
2019-04-05,144.682297089687,174.728692707322,166.73782626375183,150.29682098872317,151.2773532392291,103.89512963575297
2019-04-08,144.79262732866735,174.1279657387657,166.86497536622525,149.96216851295534,151.3927126637816,103.90482745979439
2019-04-09,144.0505930388743,171.13935558198116,166.00982454969815,149.7075776598113,150.61685420956402,103.91448590977211
2019-04-10,144.54196193002699,173.55352630585324,166.5760982573491,150.1845930330361,151.13062117907518,103.92418554057522
2019-04-11,144.50182481422567,173.82026405084534,166.52984259528242,149.85253849860015,151.08865449229168,103.93388607676549
2019-04-12,145.47953907121868,174.46864003933806,167.65660069352464,150.75394535803204,152.11093591854296,103.94362780505467
2019-04-15,145.38429643707494,174.38904320872894,167.54683916703385,149.87911660618784,152.01135183743136,103.95333015603318
2019-04-16,145.47953907121868,175.0584210801654,167.65660069352464,147.92469291985913,152.11093591854296,103.9630334126527
2019-04-17,145.123549930011,174.11687854921686,167.24634417443113,145.13898808939825,151.73871971692697,103.97277787292315
2019-04-18,145.40932891914025,174.4110450290064,167.57568762831428,145.19685437449894,152.0375253756459,103.98244263921633
2019-04-22,145.81497309025548,174.83551760688553,167.72016543235955,145.3759902140392,152.1686067282552,103.99218891871453
2019-04-23,146.82205241802725,175.6123299015583,169.22821383959328,146.0301315877978,153.5368239871397,104.00197641703751
2019-04-24,146.85844485915797,177.52853437026738,168.85269322285785,144.98484817631177,153.19612286214942,104.0117245274377
2019-04-25,146.25461339585527,175.77546030488085,168.74866213901595,144.38264033504686,153.10173787842461,104.02143323472983
2019-04-26,146.9954661996469,177.059222314,169.5344196500413,145.0875451059669,153.81463739990292,104.03110252377124
2019-04-29,147.07190450250448,177.88929462876317,169.8002964891075,145.12843196882147,154.0558612745498,104.04085336416284
2019-04-30,147.09806575246148,177.37894455644724,169.88688112255596,145.34915467068012,154.1344174994496,104.05056479041144
2019-05-01,145.58899085847227,173.81458334408524,168.6099344024232,142.13234959176276,152.9758734283302,104.06027712314817
2019-05-02,146.287900712663,173.86661214468472,168.24593354539633,142.87356971300778,152.6456239134977,104.07011135754394
2019-05-03,147.49121682849147,175.61534781769637,169.89272931402644,141.37544561555742,154.13972342760468,104.07982551480478
2019-05-06,146.4512664661945,173.74226525332543,169.19353681164597,140.76476554889928,153.50536232589812,104.08958092200474
2019-05-07,144.52550948155903,169.55547091276858,166.36807533927248,139.23572851094534,150.94188682188167,104.09929689660208
2019-05-08,144.59155141798345,169.4801142545162,166.13693440256438,139.90953615865024,150.73217802386048,104.10901377811211
2019-05-09,144.78489924235018,171.24707417462173,165.63422543374833,141.12177017661304,150.27608186406158,104.1187315666195
2019-05-10,146.4319331897238,171.2207345135756,166.4663171060547,140.49196215633404,151.0310192928355,104.1284502622089
2019-05-13,140.18035090832765,162.78334215052996,162.2829075367219,134.991685251031,147.2355090517265,104.13808912909569
2019-05-14,143.6100903383334,166.23879508307854,163.75058772296663,137.61883676520293,148.56710116223863,104.14772888822428
2019-05-15,144.21525771001092,167.76963477691314,164.70974018613023,138.62502413505155,149.43731789248892,104.1574099170499
2019-05-16,144.6670415192188,168.13333545879556,166.2351369197394,137.6372791481421,150.82127488455822,104.16701107959196
2019-05-17,142.86936430319943,164.34958731197014,165.1604630502307,136.30977831885335,149.84624826811745,104.1765727344541
2019-05-20,139.8695719854723,160.85365374518196,164.0684114171412,132.6385141558137,148.85545521079982,104.18613526699568
2019-05-21,142.53903337269196,164.30361378712993,165.54760155069266,134.77760990940084,150.19749002890575,104.19569867729726
2019-05-22,141.02433009864075,161.54108541767096,165.03910326481696,133.73048241056773,149.7361413563359,104.20522255767392
2019-05-23,138.13642873073348,157.3934532342641,163.0226448833237,131.19210676561534,147.9066555479577,104.2147068931766
2019-05-24,138.13609064727962,157.07015844179037,163.39238599540124,130.58815323976268,148.24211306274108,104.22411124195776
2019-05-28,136.85477426319503,157.0689272094065,161.87271970444098,128.8131177077252,146.8633551680586,104.23359729663167
2019-05-29,136.51714957133845,155.47785961928017,160.78647701321472,128.06639514540763,145.87783242863995,104.24308421468768
2019-05-30,135.18508468299086,153.92125669521528,161.22562124319583,127.90493984566113,146.2762577787266,104.25261242628143
2019-05-31,132.21754579703185,151.8246972918423,159.05300829951997,125.04371114672072,144.30509656655704,104.26202019566286
2019-06-03,133.61685853713317,155.16782073591924,158.64859015949514,126.99761517595635,143.93817739053208,104.27142881400263
2019-06-04,136.72208882527332,162.32979732798984,162.09226238222615,131.5084466005577,147.06254113540987,104.28083828137736
2019-06-05,137.22048276576496,160.46141951775274,163.49635820483235,130.40737135313475,148.33644463108175,104.29024859786365
2019-06-06,137.67265938550244,160.4210239530552,164.55952212703426,130.738372470988,149.30102853992875,104.29957883922889
2019-06-07,138.6992436525553,161.40583297737695,166.20624920885177,132.34093154310773,150.7950657360876,104.30870751746194
2019-06-10,139.26555172678044,163.40956365477018,166.96894757565636,134.497036018311,151.48704423212226,104.31787748567135
2019-06-11,139.23183227279029,163.7908206033057,166.92852048025657,134.24624262397916,151.45036566836578,104.32696726696197
2019-06-12,138.98607310666978,160.836017319945,166.63387367912432,132.90050498354665,151.18303947601646,104.33593631050509
2019-06-13,139.55959846050825,162.65638285850187,167.3214875473854,134.69139815011883,151.8068955521811,104.34470347906174
2019-06-14,139.40534014283674,159.66031220257102,167.13654339833317,133.45041086666714,151.63910002555926,104.35351192482999
2019-06-17,139.45834188653583,157.41235203250164,167.2000885123645,132.90684501214122,151.69675303014344,104.36244272229507
2019-06-18,140.91862340564762,162.85149627552966,168.95085649042568,138.09681354720357,153.28518411259108,104.3713337485213
2019-06-19,141.23671571117714,164.12406150709452,169.33222529863156,138.39819690797634,153.63119116573645,104.38006333664086
2019-06-20,142.58614861746298,165.4702532648077,170.95009410676687,140.54933120536901,155.0990459211167,104.38863138247756
2019-06-21,142.37885581875844,164.44393787224075,170.7015655940761,140.55349881364316,154.87356177965458,104.39711896499995
2019-06-24,142.2045295153627,163.32154848748277,170.4925614358199,139.47742207651143,154.68393716605925,104.40564782621813
2019-06-25,140.80977177019395,162.9588336306681,168.820351546538,137.56920995063624,153.16678001114423,104.41413679230565
2019-06-26,140.66932860745823,166.2167762182384,168.65197073171754,141.9312615495266,153.01401201258574,104.42274822235153
2019-06-27,141.16819647117578,167.46913063152937,169.25007587079492,143.8285351407034,153.55665889977305,104.4313197719805
2019-06-28,141.89458880599196,168.6175678242558,170.1209657798029,145.1064895539647,154.34679706667637,104.439851427279
2019-07-01,143.182786529085,170.04662920371285,171.66541819770003,149.30493480320894,155.74804283806975,104.44870847866493
2019-07-02,143.5556320256811,168.85525502995318,172.1124319739216,149.86278458635698,156.1536080444993,104.45752570420223
2019-07-03,144.70341932337237,170.7968260907921,173.48854282660542,151.2475501564117,157.40212142759026,104.46638425446025
2019-07-05,144.53878327083208,170.79032842464284,173.29115655207576,150.85975545978215,157.22303744979286,104.47532471178148
2019-07-08,143.7445428113609,170.2823730332567,172.33892183217839,149.71576793086265,156.3590970271757,104.48438764871779
2019-07-09,143.92373060885134,170.3620530735446,172.55375455710146,150.00003754324115,156.55400976379806,104.49345137183809
2019-07-10,144.61136194024584,170.65419392004435,173.3781729312033,150.63064662053014,157.3019853875095,104.50227237442715
2019-07-11,144.95038977084982,169.76655048542221,173.7846418632035,150.2001837241596,157.67076519941432,104.5109723045546
2019-07-12,145.59930920482358,171.9884354368718,174.56264757680995,151.0274066976805,158.37663169531794,104.51959172099257
2019-07-15,145.6477931964347,173.1685517208025,174.62077624504985,151.27685224522062,158.4293704845639,104.52825247262194
2019-07-16,145.1779960852834,173.32734902015596,174.0575247571521,151.0541488212525,157.91834550477049,104.53687331422097
2019-07-17,144.19009792670664,172.05083994863537,172.8731089859562,150.68338433397335,156.84375261234612,104.54545423181722
2019-07-18,144.71793833098855,172.16626371691697,173.50595002739163,151.31051421866823,157.41791457615918,104.55371060431784
2019-07-19,143.91400762066195,169.98056124369432,172.54209742376773,149.81796131095422,156.543433517744,104.56200830214291
2019-07-22,144.26752172154812,169.98790443450517,172.96593430694696,149.50103790223608,156.9279708679617,104.5703879996131
2019-07-23,145.2990587463083,171.40008766972585,174.20266980451947,151.5172039626839,158.05003223173304,104.57868702100656
2019-07-24,145.98192679561,173.25260201106047,175.021377360776,153.82151146967266,158.79282656318563,104.58710872621403
2019-07-25,145.2846052133601,166.87084632187015,174.18534110294763,153.10607690009215,158.03431030367625,104.59557178001472
2019-07-26,146.25796799565373,167.07840087355353,175.3523300485537,153.5162751941629,159.09309224240366,104.60411685409906
2019-07-29,145.99160067779846,165.9260875874236,175.03297561969896,153.7994646548939,158.80334939385557,104.61262195721447
2019-07-30,145.63322508281757,168.64853265031036,174.60331016985285,153.13033204517862,158.41352392061086,104.62100571091045
2019-07-31,144.03993177578153,167.65073573973123,172.69307103780199,149.9466223198341,156.68040836773358,104.62939013648834
2019-08-01,142.78563356201548,163.22683096740556,171.18926158814415,149.5908266773524,155.3160370165051,104.63773453922211
2019-08-02,141.71055588307382,160.64721840676918,169.90032411301658,145.5015055047817,154.14661401215503,104.64603890544008
2019-08-05,137.23283878579733,155.48121988695124,164.7908691241801,142.04634334698696,149.51092429179437,104.65426250833637
2019-08-06,138.9471909074449,156.64452858306058,167.10174862156433,144.79527717768528,151.60753153354943,104.66252747386163
2019-08-07,138.8660814646962,156.50630398365146,167.20044175882913,144.79330726699257,151.69707352244814,104.67067092139473
2019-08-08,142.033133230526,161.6106160285321,170.48098280170055,148.40224004817537,154.67343214051738,104.67881500254272
2019-08-09,140.07145990725758,159.50633726216714,169.3196850491362,146.54791744339983,153.61981368892071,104.68687823764854
2019-08-12,137.40293301148225,156.34836760094467,167.25851155265826,143.75412312129032,151.74975889630997,104.69494209385198
2019-08-13,139.1056591058231,158.6372783491036,169.85966151997368,148.20972116992192,154.1097217868621,104.70300657120083
2019-08-14,132.61062694868906,150.6870272869682,164.83736028388986,141.17890664033834,149.5531046401143,104.71090862489011
2019-08-15,129.29848720205158,145.33053054504373,165.27281505079566,136.41927620277704,149.94818262612998,104.71860736385065
2019-08-16,132.9598839397841,151.1837125365812,167.71139314515386,140.12720029279657,152.1606478360226,104.72614345618038
2019-08-19,135.58468824787278,154.02076960846526,169.7319432981961,144.10586205284812,153.99384601359654,104.73396569168783
2019-08-20,134.25905370331097,152.55549519629108,168.4313683145384,143.06081600996993,152.81386456832047,104.74178851145598
2019-08-21,136.68392028566248,155.61330076286464,169.80163097575175,145.31257464125147,154.05707202325632,104.74973427434968
2019-08-22,136.5864173375972,155.28397121590802,169.74935049898232,145.30624888298007,154.00963916216546,104.75780297224914
2019-08-23,131.90938963162688,149.32805441576198,165.38887613923953,140.1907020076809,150.05348215334152,104.76574995000762
2019-08-26,133.9404446674264,150.4782179427282,167.21790783402614,142.25431489916474,151.71292008640117,104.77381988156792
2019-08-27,133.15928532396077,147.8074270238208,166.56181140033402,141.7219559488142,151.11765904586414,104.78180886515028
2019-08-28,134.399449444281,149.75949689394625,167.73458966299975,143.39593461502778,152.1816934973625,104.78983924778905
2019-08-29,136.09417148650004,152.47750730675395,169.8771079703671,144.92919009690902,154.1255505456871,104.79787024586902
2019-08-30,136.72027232126814,153.56822937435228,169.80163097575175,140.10224185932367,154.05707202325632,104.80590185943741
2019-09-03,135.50792291389826,150.29709107032738,168.80877291241865,139.09241520995138,153.15627498560232,104.81389328926441
2019-09-04,137.72381950445433,153.2077203948652,170.7248406111364,140.8474345311628,154.89467866150662,104.82184452206155
2019-09-05,140.75383148892658,160.20271361623094,172.91960014566595,145.5356291100745,156.88593296066605,104.82979635804305
2019-09-06,141.4958110892825,160.8784486632337,173.05306843489603,146.50989986334616,157.00702563644654,104.83770798070017
2019-09-09,141.46605321098264,165.0108537340632,173.1401633132379,145.65707782522725,157.08604479467527,104.84562020045637
2019-09-10,141.43286146647858,170.4797172784016,173.0995399698022,145.15244384009307,157.04918817963843,104.85349219065131
2019-09-11,142.43857132495162,173.04469342330532,174.33042727590427,145.73156933700062,158.1659436152547,104.86140560165957
2019-09-12,142.93197382260112,170.55167586107203,174.93430210723773,145.4899697491139,158.71382521008493,104.86927877704967
2019-09-13,142.83706467491052,171.53165941058634,174.81814289477592,144.97481118668375,158.6084366572332,104.87719337948937
2019-09-16,142.39588706221258,174.07688330712858,174.27818604874201,144.41696008880356,158.11854636441987,104.88523107231066
2019-09-17,142.75641033923156,173.26248864274856,174.7194301327075,146.03677865065802,158.5188768632065,104.89326938113344
2019-09-18,142.8418269686872,171.44456045400938,174.82397146144277,145.72644497633698,158.61372478026024,104.90114494891111
2019-09-19,142.8323344504522,170.7432880739565,174.81235357771624,146.39928758384053,158.60318414446226,104.90893939936834
2019-09-20,142.15746771485468,169.99504615412235,173.9863848441306,146.55248493031743,157.85380191563593,104.91665269829461
2019-09-23,142.12409958909961,169.70057575923911,173.94554562785538,148.32912490135595,157.81674944419066,104.92448916337369
2019-09-24,141.00888904308155,167.25540452438233,172.58064053802266,147.89681979357167,156.57840278920892,104.93224447897224
2019-09-25,141.8428997710476,168.05860831551806,173.60138544726018,148.64742900619484,157.50450091380367,104.93987772655119
2019-09-26,141.54742910632473,167.4606386315729,173.23975919146798,149.01396624434452,157.17640581946367,104.94726612109592
2019-09-27,140.78490088898627,167.33443340746828,172.30650165664417,149.22123706510243,156.32968295565837,104.95453226899338
2019-09-30,141.8129885437814,168.090743699818,173.5563035817947,150.59751244416452,157.05472557445796,104.9621262407931
2019-10-01,140.47890386158218,163.86825432443976,172.90681485622216,148.53455813408405,155.18655812541914,104.96947527769896
2019-10-02,138.06436973052058,159.77531261166916,169.81399591230849,146.38417816115236,152.445280612824,104.97670202432258
2019-10-03,139.54978941509705,163.90703791780624,172.13477263654616,148.301837708162,153.69420351385983,104.98360158997036
2019-10-04,140.87080483978855,165.31853146990974,173.42954500190578,150.08974216266105,155.77396710449182,104.9905425856387
2019-10-07,139.92635532463092,162.460351757224,173.19762702843485,148.55826870449843,155.10185913134654,104.99760695390307
2019-10-08,137.75408677922573,157.42681245997136,169.93012942646197,147.32373654611956,152.69400044637456,105.0045488755367
2019-10-09,139.0622443288749,157.93394147432645,171.46190811347847,148.06303159439852,154.14403226858963,105.01140928267155
2019-10-10,140.00276718459583,159.2644491942967,173.22221017789352,148.12259391597374,155.18655812541914,105.01822914259266
2019-10-11,141.4541588219698,164.37245994192492,175.87402543609556,147.9278802248655,156.79535827434123,105.0250494454227
2019-10-14,141.2966446956684,163.21192670303108,176.70151960341852,147.5370475367995,156.62076118880924,105.03187019119038
2019-10-15,142.6954780808235,166.50161308443842,179.27625234896877,148.66585208242327,158.17130295879386,105.0386503724846
2019-10-16,142.46635494217745,164.6710936064692,179.4596873278418,147.65199474697513,157.91733061247237,105.0453899773576
2019-10-17,142.88646757314694,166.2249451991723,180.52317019168447,148.13104879404392,158.38300593115522,105.0521300146645
2019-10-18,142.26103722217087,162.8813154925326,177.8064407744069,146.77699478180935,157.6897454659019,105.05887048443303
2019-10-21,143.22542974867335,164.95957651680533,179.09523231780855,147.4467386340878,158.75872974299455,105.06565240869236
2019-10-22,142.75759383917628,168.7849907638463,178.9134713626071,145.59869724069986,158.2401553889134,105.07235271742923
2019-10-23,143.17298393770312,170.90864783216276,180.77051670667885,144.70540430554868,158.70059599995335,105.07905345346211
2019-10-24,143.40686173486287,169.58415613570097,185.6919460719127,145.35444891871208,158.95983866417382,105.08583668060396
2019-10-25,143.9941423764808,170.19138494844714,186.9195624128485,144.71046886994634,159.610811950339,105.09257931309651
2019-10-28,144.8057111830535,169.81260870700393,184.89613579899506,145.37305518131586,160.5103982392865,105.09928133903179
2019-10-29,144.7628389412527,173.2681342759726,185.1712272974627,144.75771066200952,160.46287635255544,105.10590169669783
2019-10-30,145.20683730603926,169.3405924338602,184.38798661023088,145.7260022214597,160.95502789662947,105.1124814149301
2019-10-31,144.82005547377213,168.61901259574975,183.15980347425096,145.26413040010897,160.52629821862365,105.1187329278233
2019-11-01,146.16168838944333,174.89349631894783,185.77346946103356,144.83353274009954,162.01343592766807,105.1249026130194
2019-11-04,146.74893690499022,180.49668753564762,189.39004961578343,144.22232710476115,162.6643736035772,105.1311137645103
2019-11-05,146.58658780499755,181.3751560087129,191.1396409409428,142.68329610073746,162.484417174506,105.13744857860604
2019-11-06,146.62001498191302,177.93764911754892,187.42599695408248,142.30254086703044,162.52146964595127,105.14378377441439
2019-11-07,147.13565448511525,183.1146320554994,191.22705865786716,144.02715991512196,163.0930320610709,105.1501193519583
2019-11-08,147.49848633142324,182.12403105908402,191.91764056406333,143.5696605976854,163.49521429317335,105.15641420932141
2019-11-11,147.21682100359385,179.81571349250828,189.87788138655839,143.489508140993,163.18300137304246,105.16270944352888
2019-11-12,147.52717491286054,179.0356838304667,194.37484157342183,143.56467227838203,163.52701425184765,105.1691694578545
2019-11-13,147.57493031745918,176.69906321077286,193.22667815836456,144.90229546980362,163.57994889750202,105.17554767039944
2019-11-14,147.78970916538657,176.58432470686165,194.7023648942382,145.5203188426635,163.81802126448636,105.18192626976492
2019-11-15,148.85918607025573,179.87764571951638,198.09484411706245,146.27210838608008,165.00348668919787,105.18830525597438
2019-11-18,148.9690251071361,178.83186154562947,197.110562625548,146.71898711623479,165.1252381547157,105.19468462905134
2019-11-19,148.92602436105116,178.7423160507173,196.65431563548273,146.9312184871543,165.07757382696033,105.20106438901921
2019-11-20,148.37221908545527,178.4576262514531,194.9342263980841,145.8555104504084,164.46370642762452,105.20744453590149
2019-11-21,148.13349025156876,177.8446356920719,194.57592867604865,145.51185925664348,164.19908661473684,105.21386618600117
2019-11-22,148.46291098399675,178.51636596402898,195.80210261982756,145.7247623374331,164.5642341805221,105.22028822806543
2019-11-25,149.61352228127348,182.89615693695697,197.029886435804,145.94059668909568,165.8396333069491,105.22683400181982
2019-11-26,149.9524844567999,180.9796539756367,196.71209593234968,147.35729441090433,166.21535711878843,105.2333390710285
2019-11-27,150.6209316168964,184.14120729310733,197.34875712978817,147.63017087391012,166.95629971692517,105.23992676694806
2019-11-29,150.06230743064475,182.3097194353294,196.05403426765727,146.95870056701298,166.33709077917823,105.24639152463769
2019-12-02,148.78756099487558,181.93322231345581,194.70613639622684,146.13500529113423,164.92409362328036,105.25289780288247
2019-12-03,147.78970916538657,177.04985900295205,193.03741581251668,144.54516145488824,163.81802126448636,105.25928109331461
2019-12-04,148.70160769181226,180.67702377889177,195.8998910099725,145.44429905433083,164.8288183831537,105.26558248569256
2019-12-05,148.9690251071361,180.54975782962708,194.1400599808773,144.67779600613432,165.1252381547157,105.27184310419631
2019-12-06,150.3297087829331,185.83817370666563,197.10255024695957,146.14599651712052,166.63349274561216,105.27806293745172
2019-12-09,149.8570057736737,185.7965622544986,196.65441314026242,145.78223706510946,166.10952343773576,105.28432429822415
2019-12-10,149.68988595213182,186.8555730707313,196.95294503758285,145.7370382850212,165.92427888563756,105.29066834422294
2019-12-11,150.1148656828636,189.77316820633763,197.6301362766615,144.82473126319084,166.3953491581157,105.29705392533155
2019-12-12,151.40866287875858,195.3235693584843,200.00982574162776,145.87754016194026,167.82946319586557,105.30339873837084
2019-12-13,151.49941902944215,193.8703728496013,198.7050455723801,147.21083522094676,167.93006216927532,105.30978509154184
2019-12-16,152.5402234159095,196.55486002363102,201.12119833247084,148.2923369745282,169.08374544044057,105.31617183202708
2019-12-17,152.57361846675397,198.88507274034419,201.6930408512306,148.12299751381045,169.12076230162972,105.32251779704107
2019-12-18,152.58314384681685,199.86254819959908,201.9642887483097,147.70277105421786,169.13132074255574,105.32886414443958
2019-12-19,153.20862238689946,200.71487900656996,203.90357160572208,148.36897035708367,169.8246346231932,105.33525204201537
2019-12-20,153.88033034320637,203.48744705898912,204.7141336512263,149.61913681309323,170.5691916623215,105.34168149322731
2019-12-23,154.11538074195903,207.57858636834632,205.04256116747436,149.10192293619636,170.82973410088866,105.34815250158313
2019-12-24,154.12016752654375,206.76519521682422,205.16933554399645,149.58033657712468,170.83504002904374,105.35458274021312
2019-12-26,154.94060312872304,208.01978217853616,205.2954805105086,149.63611205166296,171.74445474866772,105.36101337133185
2019-12-27,154.90222853686765,207.17541169395957,204.900725012926,150.04033327765865,171.70191829778702,105.36740321866729
2019-12-30,154.04818906438214,206.42286224875153,204.36177306414922,149.8525272599477,170.7552552503094,105.37379345352892
2019-12-31,154.4224738550153,209.10319613413841,205.5195786586789,150.12004795151392,171.17013253870235,105.38010170123883
2020-01-02,155.86657287426357,206.74281837249148,206.00942016300553,149.7400134060059,172.77084915949558,105.38636913071632
2020-01-03,154.68635740252495,206.1066654649344,205.27043179137024,149.50805434587454,171.46263518209616,105.39255452416035
2020-01-06,155.2764972644653,205.39341061780667,206.45519659811586,149.40671624223282,172.11677778105195,105.39890509171433
2020-01-07,154.8398878960176,206.61281248199074,205.20680565066735,147.94039192405495,171.63281659587497,105.40517363951417
2020-01-08,155.66507815671056,207.4904452189562,207.33368644228912,148.91349290103014,172.54750163339793,105.41144256013281
2020-01-09,156.72059628371355,207.4530229693851,209.47068441355214,150.27649642945917,173.7174944018452,105.4177118535924
2020-01-10,156.2695944354406,205.41100550010074,209.06163266982924,150.4914248720019,173.21757982194694,105.42398151991509
2020-01-13,157.34430788988905,206.80432519730252,209.9951433854722,151.92890353456244,174.40884971839853,105.43037518609059
2020-01-14,157.10442251744513,208.55568198479415,208.8529512277259,151.00570404127274,174.1429479362922,105.43676924002384
2020-01-15,157.4594959175973,207.7896406680263,208.33043288067898,152.2368296164111,174.53653029155274,105.44316368173838
2020-01-16,158.76932402294045,211.55604190754292,211.87389105563688,153.23847167416346,175.98841384708368,105.44947608232701
2020-01-17,159.2634551215825,209.92942392854707,210.07788235642707,153.7687316606778,176.5361351957616,105.45583007976464
2020-01-21,158.40632171095945,206.35719805902042,209.65368448607273,153.4527488082629,176.19043082979286,105.4621844600708
2020-01-22,158.92781374245325,204.0763661542639,209.67900270716106,153.78310392973796,176.21170795779722,105.46849799934655
2020-01-23,159.88374692102002,202.2094190836539,209.9194728405104,154.55481973287485,176.41379616101852,105.47481191658507
2020-01-24,157.98465422587725,197.36302042901923,208.0526618810674,152.96288024532964,174.84495071941174,105.48108497890581
2020-01-27,154.77575918076167,189.32602713171025,204.71771190043992,151.08582307235162,172.04229893047267,105.48739964966929
2020-01-28,156.37369283477756,189.5019727814247,206.86300210505863,152.0318272360518,173.8451749749994,105.49379716197491
2020-01-29,155.3993060917365,186.7323263485726,206.69210940941142,150.79351253031604,173.70155881225196,105.50015383003775
2020-01-30,155.14617643335944,186.87064531351047,207.36284099369104,151.4203038335389,174.26523355565112,105.50655211584831
2020-01-31,152.62948276464164,182.70709383583048,203.5976295621333,148.53797626990905,171.1009952265342,105.51286831121297
2020-02-03,153.50189299165254,182.894899725257,205.11007017352333,149.08537255115647,172.3720320965921,105.51926736812085
2020-02-04,156.06098393206594,188.77219168619655,208.2362030938608,152.28775744373561,174.99919654359732,105.52566681311342
2020-02-05,159.60716781668788,197.52749587521546,210.64088324055845,155.98227863336723,177.0200607706825,105.53206664621423
2020-02-06,159.27701143452546,194.85914364553406,211.3496663102562,155.81281859225803,177.61571352403632,105.53846686744683
2020-02-07,156.31181269138472,189.14134012549724,210.2232491199785,152.90240777729923,176.6690860868148,105.54482622714174
2020-02-10,155.66332850511893,185.45056716238003,211.79259746512858,151.88214880598207,177.9879475307804,105.55126847033901
2020-02-11,157.3786920155565,189.0646778709408,212.15970107751133,151.9057969892233,178.2964569842796,105.55766985610789
2020-02-12,158.27231088438276,191.60355294593526,213.52658840113838,153.5568886967477,179.4451726247225,105.56411288325435
2020-02-13,157.21783206619486,189.45484460166546,213.29878797173112,153.8059110015292,179.25373188806734,105.57059755529356
2020-02-14,157.39788948679052,187.93308839464203,213.6404674290461,154.41341560777104,179.54087518792198,105.57704137152069
2020-02-18,156.4669015763574,185.70673107327238,212.84468252864374,154.05579283898192,179.0782089358774,105.58348558106535
2020-02-19,157.2149737382764,189.7153462238786,212.0412310852217,156.91579158845417,179.9343863226704,105.58993018395158
2020-02-20,156.5691263855736,188.70159370430747,213.5932576663541,156.8247076406157,179.19520643220935,105.59637518020334
2020-02-21,154.95677154205143,185.7706411341656,215.40913765443312,155.62965245092073,177.34984735218606,105.60273802924011
2020-02-24,149.8175441033421,175.55195046653094,211.09788201040453,150.26824320140275,171.46794111025122,105.6089774129394
2020-02-25,145.2777731512448,164.90540539713407,204.1087564794889,145.3712233595413,166.27211986697077,105.61521716528357
2020-02-26,144.74342255819082,159.2105648737969,202.07629461819113,145.98372982141774,165.66054932915173,105.62145728629442
2020-02-27,138.2426963174463,153.13025293859627,194.25911162630425,139.94954598086989,158.2203916967922,105.62736727577938
2020-02-28,137.66187707348246,154.35809385819886,192.05059638276273,139.29435532462713,157.5556372415263,105.63257438063967
2020-03-02,138.12205611989793,154.05797613262703,197.67267448018472,142.1244959590446,164.37886499252764,105.63716025014048
2020-03-03,133.46677867672705,148.5569707122474,192.87941004965944,136.8835087126277,159.6722574471951,105.64104081918693
2020-03-04,135.35545387183979,150.31412451971627,198.5101739201899,140.67299464630977,166.38375801976352,105.64400673877337
2020-03-05,128.74162845880488,139.00899394570925,193.8104717340332,133.10497478103912,160.85286207195247,105.64655625719959
2020-03-06,120.74997772162986,128.98426755215348,190.68715991014193,130.79071799005504,158.19380864063277,105.64843858757948
2020-03-09,97.06880498587431,95.68966783677072,179.1089651071903,114.22477309943882,145.8397828700246,105.64977802160462
2020-03-10,103.22685337507012,103.13835940365115,186.599719840708,120.85537812587135,153.38617479881765,105.65157692622209
2020-03-11,93.77039221598669,93.62634023009855,176.12901014825533,106.86099417835544,145.9088934745007,105.65329236032167
2020-03-12,80.03083583814144,77.60559921490393,156.84392106401552,91.58393824432376,131.948729421612,105.65467364651406
2020-03-13,87.47020189200765,86.53971062147482,167.86311514376578,101.90687731973667,143.22855401261262,105.65580414144844
2020-03-16,73.62866846360151,72.57101827291453,151.1670359381007,84.52233688107884,127.55593725793372,105.65680918641598
2020-03-17,74.54976164991088,66.78482467021627,143.67389238649648,82.04967938901773,134.44291626987197,105.65760505238221
2020-03-18,69.82073151750203,55.95235944635354,117.93535050243135,69.47968586705159,127.63571313410405,105.6576888992732
2020-03-19,70.68334323676662,63.14951676148914,127.90796355115964,70.86398450023358,127.90692974692948,105.65785657649036
2020-03-20,68.51735758218287,64.38018594520493,132.1638947654566,74.01882656888694,122.3948538194537,105.65806616291037
2020-03-23,67.01866896554586,67.27377379890943,139.71941828378544,77.82335922238754,119.26546902846941,105.65815001016728
2020-03-24,78.45779605606158,76.94538686091923,170.88972316793408,96.01984263270539,130.07128550086583,105.65819193591666
2020-03-25,85.57389835070664,82.51509080550736,186.10883454427457,108.92423075487065,132.01848991326145,105.6580241910828
2020-03-26,89.00933699300674,89.47182169180121,185.26435361335098,109.40518189298245,139.72704204565252,105.6578144999268
2020-03-27,81.15091231355652,81.48865573164242,161.76161710464203,94.97851105419798,135.56513787979563,105.65794026425044
2020-03-30,80.73617333531061,80.02886669950053,155.22709338785472,87.96614631127409,139.96774066902233,105.6584430968573
2020-03-31,81.83452212965926,80.05549960997958,162.0263282474422,89.42535239531257,137.88149601178486,105.65890405187426
2020-04-01,77.01145655058258,73.67312536624212,148.80890355732686,79.51611029845603,131.67613291136365,105.6592812360691
2020-04-02,78.79358735076451,73.84868455767402,156.30244330510124,80.85212597992476,134.71462252371845,105.65965842161042
2020-04-03,78.11093744550479,72.53516297206569,159.98973807183532,82.65665040269846,132.7674092087588,105.66007749729782
2020-04-06,83.10358475013572,80.90650544531117,173.32491388109418,92.18211697651158,141.6849295348704,105.66070595697394
2020-04-07,83.18828580694742,82.05666937351975,180.7686837393325,99.56953779303824,141.82933802581547,105.66129255200457
2020-04-08,85.98076806248267,87.8155132816008,198.49754946246415,107.26789252093299,146.59029572448134,105.66221398267977
2020-04-09,87.28917250773023,88.9015887041721,200.6667535199218,114.42661547604531,148.821020093176,105.66326091600065
2020-04-13,86.4922275171185,87.773404254881,195.79109703125005,108.29254212172857,147.4622929675353,105.66434968333384
2020-04-14,89.04313343997784,90.36209578486834,203.3646820244103,112.06953160709283,151.81138244444645,105.6651874551154
2020-04-15,87.15111620780766,88.44205281518525,198.6861046873693,110.07010138075496,148.5856452030893,105.6657740750259
2020-04-16,87.57158246744932,88.8687472829137,196.6098001084115,108.12834611468799,149.30250636555584,105.6663606981931
2020-04-17,89.93735854207479,91.26956670606394,204.6602160309935,113.44938839212644,153.33596433775296,105.66686357087332
2020-04-20,88.35283627529063,89.6615735086893,199.35046372782065,110.18423051593363,150.6344812863208,105.66736644594674
2020-04-21,85.67016619069119,86.93916604414089,192.94475970055973,106.53865586674482,146.06074450896529,105.66782743989349
2020-04-22,87.57158246744932,88.8687472829137,196.3167587869033,108.67117374216919,149.30250636555584,105.66833031955403
2020-04-23,87.56527988588395,88.86235134358522,197.74437576424447,109.45330181399812,149.29176097078542,105.66879131770585
2020-04-24,88.78582937269144,90.10098036949898,198.20820753779682,111.2223297017407,151.37269969986787,105.66929420195353
2020-04-27,90.066010575718,93.79131651671105,206.13815601776534,113.98963962395935,153.55530571004223,105.66979708859446
2020-04-28,89.65181556749306,99.55149405862494,211.16815070309497,118.64151947894977,152.84913652696198,105.67025809314536
2020-04-29,91.99876744448547,104.66136568542882,225.54348003013078,129.96811903338102,156.8505007558722,105.670677210874
2020-04-30,91.14220118103754,99.13194327642444,223.02425564136192,128.34140059243356,155.39012415426754,105.67105443709701
2020-05-01,88.72935155810077,95.96705986939439,209.79235551316262,118.48853818030534,151.2764095674431,105.67155733211503
2020-05-04,91.86473891649315,101.0071445293626,213.14842694442902,114.4393379072886,151.69370835324912,105.67210211054062
2020-05-05,86.55084501089533,94.80172764015563,207.886703770687,116.16359080703846,153.0952390066911,105.67264689177478
2020-05-06,84.04333655938063,91.16474159875213,207.11413130401704,114.58592593794071,152.0574671190475,105.67314979437137
2020-05-07,87.359696503809,95.03906481803473,216.27500581288766,116.14923183133318,153.8922855632728,105.6736108135491
2020-05-08,92.06775801047038,101.16025337702358,218.42357792994997,119.31569265768374,156.43865033924556,105.67411372073305
2020-05-11,88.86872863313582,97.02911018797866,214.71054894718787,116.93932566022889,156.47073517996844,105.67461663031037
2020-05-12,85.28639216078165,93.26153003104048,205.42564114776886,112.7172255552916,153.3519533427303,105.67516142450786
2020-05-13,80.39852605581058,87.60274702520202,195.88604973620502,108.74623185888277,150.63987624011602,105.67570622151396
2020-05-14,81.88282188458847,88.93526822006376,196.87585719985938,110.87630277921545,152.44260984361847,105.67620913867012
2020-05-15,83.29314920980981,89.90515256363955,199.87024864031673,110.8107852134121,153.1434552934156,105.67671205821964
2020-05-18,93.76820872077352,101.47264177820661,222.0812708848994,122.80752545691784,157.8081317622207,105.67725686321988
2020-05-19,90.01494166409853,97.3519126752797,216.59768116063574,119.9552322276001,156.1872241262334,105.67780167102882
2020-05-20,91.41511447404355,99.59394659213525,220.30175742869443,124.17630352215184,158.84052650119708,105.67830459815733
2020-05-21,96.43480821786268,103.58730353819524,224.68924259130156,126.35278852206345,157.74390866539082,105.67880752767927
2020-05-22,97.64611510714903,102.77200735352362,224.22090280588984,125.28452127811916,158.04340872410322,105.6793104595947
2020-05-26,107.16326638046374,113.88270523346678,243.929405136562,135.41457235277136,159.99063094162688,105.67989715791168
2020-05-27,111.30824218017707,120.0114851665223,255.79428955389722,139.16010236740672,162.37114094993385,105.68052573547392
2020-05-28,107.09293436995293,112.61853583661056,246.2616602328612,138.57518917262385,162.0715696707093,105.68115431677492
2020-05-29,103.97538719798027,109.95114078321026,242.95496968373973,136.66559474099785,162.79372785876686,105.6817410253284
2020-06-01,105.99303832276337,116.28465100256402,255.47285251578506,142.58474433940637,163.45171636537867,105.68232773713913
2020-06-02,106.87069880416742,118.45616275295995,259.3461986113855,146.32592329979752,164.80515536799237,105.68295632915832
2020-06-03,108.2929627742297,126.10582879238571,269.1618461460321,157.04279290177809,166.998426649861,105.683626797952
2020-06-04,108.00849150655752,134.8293725527085,280.5172196602367,166.03656340188658,166.5597439052824,105.68425539769792
2020-06-05,110.77671168598536,153.58535403893245,315.95042654259396,182.9411184118382,170.8286123778223,105.68488400118271
2020-06-08,112.11572872691718,172.1149780757045,346.76430676039234,198.1833562730949,172.8935086865433,105.68559635184137
2020-06-09,111.27969171007835,158.8943675238469,344.14563586897236,196.8533650054013,171.60425717050342,105.68639243464857
2020-06-10,110.65873427657412,144.8685678030289,348.3107086360902,197.69670570003728,170.64667957953904,105.68710479547457
2020-06-11,104.27941010074446,126.35272086588529,335.0040005850777,189.34086555818467,160.8091326774933,105.68781716110212
2020-06-12,105.52820640600007,140.15068180856377,336.29613725425304,189.4475446054707,162.73489971573224,105.68848766073367
2020-06-15,106.51339513303408,139.97419198733377,341.8608469974441,191.33152730284678,164.25415787575562,105.68924190258218
2020-06-16,108.56350952088505,144.14540012355243,344.15523891934896,194.85698335937477,167.41563641002682,105.68995428261454
2020-06-17,108.11255594098927,136.27881797677747,347.44147934332113,193.47645013737434,166.720221524281,105.69066666744855
2020-06-18,108.15419095159181,136.49467180938845,346.55355040329437,194.81023097403795,166.78442681598284,105.6913371851578
2020-06-19,107.53609693534477,131.16603291780794,351.8365386117431,195.93657310756694,165.83126489677164,105.69196583076464
2020-06-22,108.22594957358153,127.73071965299579,353.7656760801803,196.45149752673234,166.89508568673355,105.692636356716
2020-06-23,108.72418417633297,131.05873777457649,351.42667049844306,198.50249213194493,167.66341257179138,105.69330688692125
2020-06-24,105.95079137218245,118.62586411683075,344.8467686188997,187.32206977221014,163.38656740189086,105.69393554424374
2020-06-25,107.08664434030155,121.53770638438212,346.15256978699216,190.91070352351363,165.13816467767063,105.69460608269125
2020-06-26,104.5431677774513,116.07657883352209,341.8058863636673,186.20873892031412,161.2158730223733,105.69519286592471
2020-06-29,106.07970287894274,122.62133533356455,345.23661462670884,189.5892216299637,163.5853616564253,105.69577965241582
2020-06-30,107.43853291992835,122.11845436448695,350.57337149084424,191.0427419136002,165.68081156485798,105.69645020256262
2020-07-01,108.19112672500214,121.07479465906903,349.65725072046024,193.45457794245846,166.84138542057357,105.69703699603407
2020-07-02,108.78691379713267,120.35808197151471,353.41287613855354,193.40854971786112,167.76014783241706,105.6976237927632
2020-07-06,110.46626183432656,121.0920748659134,356.63801345566543,196.66512895407874,170.34986809516022,105.6982524757624
2020-07-07,109.32694505500925,114.5650639378836,337.22248770919134,191.78822291372188,168.59292928096926,105.69888116250095
2020-07-08,110.163120624296,117.14631319091734,345.51034461695815,192.50840022539094,169.8823944585456,105.69950985297889
2020-07-09,109.53600915289626,111.25673588543597,327.703255139468,187.1365162878426,168.9153267343374,105.70005477551074
2020-07-10,110.65445069672566,118.47709529758785,348.8128694769651,191.28270542041972,170.64007387703725,105.70059970085187
2020-07-13,109.69629124307505,116.86241256790838,341.09247598094134,190.2314227253963,169.16249752174875,105.70118651736001
2020-07-14,111.11783935882303,118.10017440864517,343.37388392195095,192.83383355719138,171.35466488567906,105.70181522155008
2020-07-15,112.138716887236,127.92205380583606,380.25914918363026,194.28213345293247,172.9289586964652,105.70248580998746
2020-07-16,111.76935915313287,124.63972271226925,360.0842659691725,193.97698807189917,172.35937265055773,105.70294695714911
2020-07-17,112.09341023676333,121.7298031785563,351.8510167159233,196.39693149092082,172.85909137404755,105.70340810632264
2020-07-20,112.99930077943286,118.37500472879861,345.7850858886347,197.06457250693643,174.25606391471203,105.7039530489515
2020-07-21,113.2397470067757,125.30770755245562,356.9128056907098,197.82930710423108,174.62685570608505,105.70449799438977
2020-07-22,113.88426990246515,123.08224378508791,349.85017573754686,200.35357452448577,175.62077356337323,105.70504294263743
2020-07-23,112.52545140751685,123.08222877362424,348.3991168670589,201.3294178765374,173.52534146006857,105.70554599940881
2020-07-24,111.80074128258872,122.12469510799808,348.77652110808293,201.83424776575146,172.40776698856263,105.70600715992114
2020-07-27,113.2361641673495,118.36759323335885,340.1362358956209,203.75041076374006,173.66505829977586,105.70646832244536
2020-07-28,112.24225585877265,119.96724783795555,342.98760179943093,202.54029412324886,172.56363307939958,105.7069294869815
2020-07-29,113.54981974852765,124.43898142292315,346.8594732976604,204.6413691645439,174.6859153157842,105.70739065352956
2020-07-30,113.97009325801368,121.52232301059938,341.22309921545036,207.05570880004896,174.06262900371675,105.70776801081327
2020-07-31,114.9359348928533,120.00891148708723,336.83040545992753,208.81419313719633,175.43811075484038,105.70814536944408
2020-08-03,114.78935657243744,118.72972533681448,334.6740592020896,209.55730291119866,176.6577798305112,105.70856463744424
2020-08-04,114.47589148853537,122.1728883804284,335.96678142780297,212.83251464057832,177.3401435574058,105.70894199891887
2020-08-05,113.98909276709108,125.74550383659869,338.05347337872365,211.26824220908708,178.4416043880382,105.70936127007867
2020-08-06,114.68700983571927,126.25512279692238,340.31317368721875,211.36441925198545,179.63438772037296,105.70978054290143
2020-08-07,115.08492578002422,126.64993031950681,340.55749022726786,211.96703641632524,179.7633502627458,105.71019981738712
2020-08-10,114.12850922947968,128.6566951856188,341.5753352633002,210.5299944182136,180.30062000126594,105.7106609982026
2020-08-11,112.63913128653752,126.9381020697051,338.75579488643626,207.64012142749587,178.8123249588991,105.71112218103008
2020-08-12,114.25811573472203,127.77530168436628,343.4789331676398,211.41959551133903,181.30543459691282,105.71158336586954
2020-08-13,114.90782240621066,128.56603030261704,342.8580729942111,211.80804049412097,180.9777134102616,105.71200264750576
2020-08-14,114.67381066479622,127.87583858443531,342.8681249518163,210.95173312694928,180.98301933841663,105.71242193080494
2020-08-17,116.07889523874293,128.6987111917062,343.9573119017246,211.52589415528982,181.55794692273528,105.71284121576713
2020-08-18,116.23693552664548,128.27138737751716,344.70038094227993,212.6242304151985,181.950176088265,105.7132185925084
2020-08-19,115.71382937794873,127.43307110949316,343.26510981441993,212.1324767213052,181.19256789028552,105.71367978649387
2020-08-20,116.3664935760705,127.49268236303288,344.3339567293083,213.60370844659087,181.75675898239777,105.71414098249139
2020-08-21,115.78681937007337,126.71923325045775,345.5553370411457,214.06912301832466,182.40146486349386,105.7145602742718
2020-08-24,117.69165683378735,131.69192020653168,349.05696008490634,213.5938157045116,184.24979739989936,105.71506337633676
2020-08-25,117.60131154263206,131.57690211213765,350.27840785954646,213.1596151423063,184.89453889125153,105.71552457837043
2020-08-26,117.98446130336445,127.48696305341932,353.7902177865178,213.9195266985497,186.74824857632422,105.71598578241618
2020-08-27,118.37540648444829,131.12365692740258,354.5637125510996,214.0378743090187,187.15653796734344,105.71644698847405
2020-08-28,119.38214653051816,134.95894640261548,356.853906046424,213.48936582653482,188.36541713542377,105.71686628940074
2020-08-31,118.77278351405549,136.842126265209,355.5613187463161,216.1849189483611,187.6831246290413,105.71732749929996
2020-09-01,119.59528365238779,135.65635486615056,358.91017227331815,216.28272201232204,189.45081774056663,105.7178306145343
2020-09-02,121.4496378536005,139.55004023982517,364.10143494259313,221.1668535666359,192.19102694547954,105.71833373216299
2020-09-03,117.36602381955908,133.23975744757405,351.5711975480626,210.6404004430796,185.5769382284022,105.71879494846422
2020-09-04,116.17167342547141,131.1180275604928,348.7006552923427,208.0981491122846,184.06172183244325,105.71925616677761
2020-09-08,113.01864977390396,126.42774873253555,339.1730185898558,202.26765808716556,179.03255658759022,105.71980119110945
2020-09-09,115.25051563586601,126.77536730164906,345.87092803226807,207.983071353833,182.56804964140917,105.72030431811623
2020-09-10,113.24934912231593,122.25853270044433,339.86535560276593,204.46245501421092,179.39800684055214,105.72080744751744
2020-09-11,113.30699866959998,121.64916516024233,340.0383639603404,205.2944811318437,179.48932934225454,105.72126867461073
2020-09-14,114.79941270533418,125.80122575328403,344.51715197009344,207.05768222540047,181.85345863276737,105.72172990371621
2020-09-15,115.37941503306887,124.36219148218709,346.2577597430624,208.72423811404346,182.77223884973887,105.72219113483386
2020-09-16,114.92150071130011,128.93417673009776,344.8835424516637,207.49270259722877,182.04685793350657,105.72269427321456
2020-09-17,113.91075094730759,128.92830490721576,341.8502461843827,205.545675578687,180.44573179476848,105.72307168512958
2020-09-18,112.59933333581105,126.80528687430672,337.91463493072666,204.80656413244083,178.3683184810374,105.72349101233165
2020-09-21,111.34613850749473,122.19299460627246,334.1537523361145,200.45237747401438,176.3831357305386,105.72391034119688
2020-09-22,112.48012274924552,122.5906603956641,337.5568796879045,201.43450953557758,178.1794772930757,105.72432967172531
2020-09-23,109.87161842365684,119.10042914761416,329.7286647173263,197.8633166122416,174.04735220386087,105.72479091418498
2020-09-24,110.16446328716599,117.51029355015274,330.6075026483548,198.55720322821162,174.51124700974003,105.725210248206
2020-09-25,111.94550721658453,118.41428446423004,335.95247931362644,200.75267585666154,177.3325941831181,105.72562958389022
2020-09-28,114.09015070081526,121.50894468539515,341.53242892077054,203.6287213684212,180.27797187840272,105.72609083202099
2020-09-29,112.10586533262178,119.0801965359344,339.6723782555864,203.75251903383483,179.29614370305177,105.72646825606115
2020-09-30,112.06394443744016,117.59623644824316,342.2478719436121,205.78841720006358,180.65561864407007,105.72688759673497
2020-10-01,111.09104013503695,114.65581150743095,344.44510169678887,207.3366321737929,181.81542687928007,105.72726502361944
2020-10-02,112.33223536528702,117.01861128358709,341.174639946547,203.1887254061358,180.089112885313,105.72764245185124
2020-10-05,114.77747001704931,120.89193488463253,347.2247715572455,206.34559928440416,183.28267626030706,105.72806179718226
2020-10-06,112.10024584052402,118.12545914160815,342.2886532078561,203.97763857817424,180.67714504386694,105.72848114417651
2020-10-07,113.9989732659843,120.10562636788599,348.2467318242437,207.42210450123935,183.8221182244477,105.72890049283403
2020-10-08,118.17081494552627,126.47024906128428,351.3331550486664,208.64468690971884,185.45128743984426,105.72927792690419
2020-10-09,116.86228840635914,124.01138962096111,354.4705801519452,212.87256227074707,187.10737800883294,105.72969727872194
2020-10-12,116.92542090252836,122.85410905516389,360.1731434030322,215.96200338334108,190.11747734453252,105.73011663220298
2020-10-13,115.46277927625522,118.77864065830703,357.82267189347783,214.70041009570454,188.87678041264985,105.73057789990933
2020-10-14,115.73704650907088,120.12800517837383,355.57433906724094,213.60243418355532,187.68999740846363,105.73108107820315
2020-10-15,115.66729039174017,122.30709246322999,355.13481890752263,213.87472370370494,187.45799659013994,105.7315423501171
2020-10-16,114.18140217528561,118.17058308970358,354.9202197320715,214.25195019481953,187.34472036556778,105.73200362404343
2020-10-19,112.99925685706054,117.49869887801184,349.52430865074655,210.9665961280848,184.49648744885366,105.73246489998216
2020-10-20,114.32167000061801,120.8249088803657,350.92429673278417,209.60359026143735,185.23547148290632,105.73288426444036
2020-10-21,113.8183487010359,118.90324835266712,350.2600917086081,209.38430046170896,184.88487070672736,105.73330363056186
2020-10-22,116.26717893601888,124.10589633774212,352.18129740445755,207.6750275437972,185.89897957920962,105.73368108035046
2020-10-23,116.37175574232919,124.61999319095767,353.37700811986014,208.02266956385856,186.5301357578695,105.73410044963236
2020-10-26,113.58377943321149,119.66601740171438,346.8467100108047,205.20020012567764,183.083116385267,105.73456173471888
2020-10-27,112.97398461708171,118.66541399520315,345.6509655640008,204.45206056783772,182.4519424014791,105.73498110749372
2020-10-28,108.62538262954321,114.37740393642468,333.83701447734586,198.46444274998638,176.21594557827004,105.73540048193189
2020-10-29,109.36642473365247,116.06923955799554,337.22988748312247,198.41661071944978,178.00687438188385,105.73577793920589
2020-10-30,109.00662543327859,114.53291987173988,333.7142996391989,198.20476687014624,176.151170522471,105.73615539782735
2020-11-02,112.39353026555136,115.90490415274462,337.45480846738974,200.82642696478746,178.12559897563537,105.73653285779626
2020-11-03,113.13390967417422,119.09835854015638,343.4127858895732,204.37214416190844,181.27051874083202,105.7369522383891
2020-11-04,112.79771800894162,122.87584608676026,351.08779283517515,208.93970160408995,185.32177293850225,105.73737162064532
2020-11-05,114.56641698227209,125.1123183337767,357.9350986542101,213.01467676363006,188.9361249043976,105.73779100456495
2020-11-06,111.49597871005074,124.83190043817706,357.85319881170847,212.96593645136934,188.89289405352346,105.73821039014794
2020-11-09,128.4005436427641,130.59518575062884,362.3499656583863,215.9603989351143,191.26651347728009,105.73867169316487
2020-11-10,131.67526553938956,131.80014167419444,361.81852742996244,216.78090154977724,190.98599368505523,105.73909108224095
2020-11-11,131.71052551746885,132.78648786190868,364.5063466845163,220.75367200106126,192.40475970243713,105.73951047298041
2020-11-12,128.2201467417094,130.06860616428682,360.9703176113686,219.76580240991572,190.5382659354338,105.73992986538333
2020-11-13,133.79157390099272,133.794052184164,365.9676921856274,221.93480829145872,193.17613126438934,105.74030733882645
2020-11-16,139.0026280173063,136.39561492151242,370.53593587178665,223.3107713252898,195.5874797544566,105.74068481361712
2020-11-17,138.71212142755166,135.43098093657704,368.54305094804766,224.26512812105705,194.53553498489546,105.74106228975529
2020-11-18,136.50066784457067,133.30614452584547,364.1076752518447,222.73312975065474,192.19432089416642,105.74143976724098
2020-11-19,137.67850615037258,134.45049558762437,365.6408011750495,223.50412006851067,193.0035817685816,105.741733391114
2020-11-20,137.0072550395133,133.30065357243078,363.1368855207093,222.06121804464973,191.68188930925808,105.74202701580234
2020-11-23,137.61132449925657,133.52611520930606,365.31364031326063,220.9954258781963,192.83088983174957,105.74236257110539
2020-11-24,137.5796739123132,133.44299816653765,371.20020835876545,221.49381232217618,195.93811614089162,105.74274005323286
2020-11-25,137.64256537828928,133.77022585571632,370.62792140329486,223.7248964315082,195.63603433861383,105.74311753670787
2020-11-27,139.02548673512038,135.4785861051387,371.66013601630647,225.23522040451994,196.18088906167776,105.74349502153044
2020-11-30,139.62586113725354,134.80604388745755,370.01475198937624,226.58255008248037,195.31237272115504,105.74383058149198
2020-12-01,141.1770867017768,136.6623324553251,374.06177806172366,229.41975553042948,197.44859637279274,105.74420806885999
2020-12-02,141.03039335829226,136.96310573066674,374.84866419264534,228.32650084436543,197.8639543996427,105.74458555757556
2020-12-03,142.23218967591782,139.2053881954634,374.7464580465251,228.1049178163923,197.8100048616902,105.74492112099774
2020-12-04,143.94451473896981,141.00732751185276,377.9758012185094,229.00246252434886,199.51461440458004,105.74529861225881
2020-12-07,144.20308705015637,140.10850856106921,377.19916943360107,229.08869360388928,199.1046691366534,105.74563417794374
2020-12-08,144.90580592444104,141.00591495959029,378.3028608860941,229.24720174210435,199.68725292602798,105.74601167175028
2020-12-09,144.27031350346698,137.72720495896985,374.90992041751474,226.5412190257337,197.8962885121581,105.746347239698
2020-12-10,143.40787076455987,138.4172097634932,374.78737423637455,227.2166583992207,197.83160248199925,105.7466828087106
2020-12-11,143.81657189019975,138.184159752022,374.3479215394589,226.6015958287781,197.59963727393165,105.74701837878807
2020-12-14,144.46920446020226,140.8896015558585,372.6718756686926,227.50777754205942,196.71493607202316,105.74739587753598
2020-12-15,145.2432881749338,141.50640621538054,377.7101327013995,230.78278539633163,199.3743812161597,105.74773144987624
2020-12-16,144.79577739599532,142.28608983075654,378.3028608860941,231.9778981482738,199.68725292602798,105.7481089511697
2020-12-17,146.289856501156,144.235828718642,380.4182245281706,232.37422624693664,200.8038481154919,105.7484445257728
2020-12-18,146.00498264268342,144.85971420762715,378.89940071914236,233.15803942928844,200.00213661536446,105.74878010144079
2020-12-21,143.88244482779243,143.64376009101298,377.5446127149269,232.5181434018815,199.28701145288153,105.74915760647775
2020-12-22,144.30992102321937,144.55715285873237,376.9082360968727,231.73185366477927,198.95109990733323,105.74953511286233
2020-12-23,144.15102423727646,145.14861906163455,377.24696682932796,233.0827661799276,199.129899003082,105.74991262059456
2020-12-24,144.74925844612795,145.29419829523837,378.71475502809875,233.80883173447265,199.90467134448926,105.75029012967443
2020-12-28,143.53902315978286,146.57112684375693,381.9682161520553,235.95494575818958,201.62201155392566,105.7507514853915
2020-12-29,143.93800630955425,145.8224508334719,381.2394154942752,235.50474044684876,201.2373139575556,105.75117092237939
2020-12-30,144.98364064503727,146.9579545427697,381.7834355354062,235.84080039599738,201.52447506253827,105.75150650669917
2020-12-31,145.98678861857377,147.54164663299704,383.72319350200354,237.03905581736018,202.54837675544098,105.75188402146891
2021-01-04,144.92860756552133,147.52509421597034,378.4991776420082,233.06937894794956,199.790878771204,105.75226153758634
2021-01-05,145.21689040921103,148.7976166184402,381.10600780189714,235.180130889174,201.1668946761688,105.75263905505142
2021-01-06,146.882015252941,149.82992881934757,383.38446276954835,238.02622349154677,202.3695776596922,105.75301657386416
2021-01-07,148.99545185326198,153.13620183041914,389.08065078577835,240.5108269420793,205.37631182619273,105.7533940940246
2021-01-08,150.29679094183317,153.54788477744853,391.2975122145465,240.529342302998,206.54648264592038,105.75372968539926
2021-01-11,150.25089895073614,152.15794380606383,388.6598515538147,236.26312813451239,205.1541928539297,105.75406527783886
2021-01-12,151.21173781278878,153.39868510430688,388.74195378472444,234.8521358699597,205.19753053557204,105.75444280174298
2021-01-13,150.02377539488836,152.9242405460035,389.7887403631235,235.86400552285406,205.75007707394798,105.7548203269948
2021-01-14,153.30340362358348,154.54708225220736,388.42379920709874,232.39460767380763,205.02959256792587,105.75519785359432
2021-01-15,151.0499564176296,155.79647193364585,385.5910361209018,233.01150810784767,203.5343179153685,105.75557538154156
2021-01-19,151.83853031819672,156.337967864755,390.33971471718377,233.09600291067247,205.1325240131085,105.7559529108365
2021-01-20,153.51338068184413,158.39489183912997,396.5383282868285,241.41590503790897,207.97126679657882,105.75628851033115
2021-01-21,153.4861490486602,159.2879304375199,395.51176970944397,242.61192365094033,208.16089141017414,105.75666604217183
2021-01-22,152.66864704614113,159.6420675567353,394.27134072729837,240.16157070417185,207.42406179661396,105.75700164392951
2021-01-25,153.0168452607438,160.70704314539918,396.3670332659185,240.68469980729532,208.24213620940753,105.75737917831596
2021-01-26,152.7779973967447,159.61335504407583,396.16875279440353,242.11486600373988,207.91708579196185,105.75767284644968
2021-01-27,149.04402395057875,154.14852238354487,384.2967570127705,237.32285285302314,202.83548444503953,105.75800845140228
2021-01-28,150.3258294818881,159.20396733602783,387.9122077512435,240.42196923931255,204.57990625422036,105.75830212128338
2021-01-29,147.31636732870405,155.6350251631024,381.5580668015523,235.63545647422023,200.4842994826097,105.75855385155276
2021-02-01,149.7685221603078,158.07500487740552,387.4556517895111,239.9186747647912,203.82146121522317,105.75884752294833
2021-02-02,151.88628213236115,162.5565828978638,392.1016480552112,245.04256801112956,206.70354168033583,105.75914119515934
2021-02-03,152.00569298110784,162.7753943580832,390.5928835513885,242.50114293484373,206.8660490839306,105.75930903337985
2021-02-04,153.73337576948822,166.5154008805007,395.3062499617587,244.19421715653152,209.21726965661654,105.75947687186667
2021-02-05,154.33845004721775,167.6028880080451,395.78988204571465,246.04686712871225,210.0407212180773,105.75960275719889
2021-02-08,155.45307777363112,168.2432142341182,397.7902086002773,246.0777808630117,211.5576291011998,105.75981254544601
2021-02-09,155.3495238273366,168.7687374289859,398.2952507269456,247.7010977945466,211.416701512786,105.7599803847319
2021-02-10,155.2818703268579,169.70668516010943,398.3108316500208,248.55637194570622,211.32463119570605,105.76019017372808
2021-02-11,155.53265011745466,169.00112836227225,399.7409256162604,247.6614801783033,211.66591988992155,105.76039996314039
2021-02-12,156.30095105771994,170.82189556957402,400.77919955769636,247.88179193663024,212.71150822877348,105.76056780335853
2021-02-16,156.7903974175969,173.59141416760468,396.3658194100849,243.8813183006446,212.52733198435746,105.760735643843
2021-02-17,157.3865771454766,174.51987131613893,397.0734991794854,243.74809014434146,212.57608242492313,105.76090348459385
2021-02-18,157.80152096436765,172.86798879140352,398.0102537314613,243.76524254629686,211.67133264884487,105.76102937162416
2021-02-19,158.65371795195665,176.43517614820325,396.4726475073463,241.835440736721,211.29754959596156,105.76119721284115
2021-02-22,158.51276888835235,173.54978176638718,392.9777828125339,241.3361450176069,209.6722975087332,105.76132310022108
2021-02-23,159.75507201449065,173.64567100028376,395.93554683340227,241.72574661999317,209.92694644992008,105.76149094190421
2021-02-24,158.35571647541423,177.38140126754936,395.99166442045066,241.56929823077562,212.24020648963088,105.76161682963378
2021-02-25,156.30683974246043,171.06188708389757,393.44739081589995,239.50959338853113,207.1261107840408,105.76178467178305
2021-02-26,154.75925688073607,172.11419585464486,390.7076161076346,238.21333599944666,206.05883579923972,105.76195251419871
2021-03-01,156.6926051633149,175.60851733169926,396.655111276969,241.37364469544383,211.05381519826145,105.76216230710686
2021-03-02,155.38661321462558,172.41855741836818,399.68650175023174,239.8666935781299,209.40689427021186,105.7623301501218
2021-03-03,152.7264785106729,168.3022597645755,399.80517228044,237.1880751999771,206.63317581433313,105.76253994377905
2021-03-04,151.82112730209707,166.21371827988895,399.28422314267107,237.0917985920967,204.07612796153808,105.76270778739328
2021-03-05,156.3745245442875,169.1335846700317,410.04449451573083,242.65716482289932,207.83042823380518,105.76287563127389
2021-03-08,155.1577621781878,160.6894795292099,415.1640385670892,237.50969031091702,206.7956832179279,105.76308542601318
2021-03-09,158.8499041251757,170.3812472343601,413.69295104357116,245.49830255946463,209.7481829644274,105.76329522116863
2021-03-10,160.06654238691763,169.3865815304144,416.9473470226095,244.0484485269723,211.05381519826145,105.76346306598148
2021-03-11,162.5716680883712,176.33969772259377,419.73072600225896,250.41611273892224,213.19368890114671,105.7636309110607
2021-03-12,163.5511684338247,174.42932306402744,424.764476458441,249.23874900435422,213.48085000612943,105.7637987564063
2021-03-15,165.61487912830898,178.42983792332473,428.19246841499324,251.91910139790025,214.75391666078357,105.76396660201826
2021-03-16,164.88777863381395,178.4214682852374,430.0954191301424,252.83052088546512,214.48304724795483,105.76405053331474
2021-03-17,165.24046527060932,179.14304503459343,431.15829898858925,251.26999346206168,215.2143928820796,105.76413446467785
2021-03-18,162.22838566655747,172.23422540588464,421.910405504121,247.36771225886258,212.0831296500874,105.76417643248246
2021-03-19,164.4455141526343,173.49208028909408,425.41210039861676,250.2308831301519,211.6907402384053,105.76421840030372
2021-03-22,167.33716467377064,174.75357294683965,430.7478900841591,254.65930893408017,213.38103445835333,105.76434429127977
2021-03-23,166.6828620930209,170.87465535092895,430.94139196617,254.18006431925298,211.70158356137995,105.76438625916765
2021-03-24,164.24422634358342,166.91625019259354,426.13332536587995,251.47281628609693,210.62535259717615,105.76447019079716
2021-03-25,164.33672002436666,166.7321590372461,426.14941214375267,252.3825455705406,211.81024825779048,105.7645541224933
2021-03-26,166.91809975902515,171.60322713855908,436.1594346545247,257.2746971547294,215.22354471789066,105.76463805425604
2021-03-29,167.65525016298372,165.79391828597565,437.2600376893574,254.9771300628557,215.11486221635207,105.7647639457316
2021-03-30,165.774553145202,169.31385646191507,433.35665344048203,256.4869971640369,214.54417225250629,105.76484787766084
2021-03-31,167.82601849217102,175.37887712055777,437.0519062682228,260.4304879734524,215.41381031609532,105.76497376938616
2021-04-01,170.60718348226217,178.61374695701986,441.4989980181061,265.40490771032876,217.74005029414516,105.76505770148194
2021-04-05,172.2305884551205,181.0926620394223,446.56421427473066,266.29883926831604,220.86531319798883,105.765183593457
2021-04-06,171.72489436991265,184.66809927899956,447.2243499063861,266.49467050438403,220.73490844024496,105.76526752571928
2021-04-07,170.16129483866183,184.55904726990667,444.87062528893483,267.68636327272003,220.99028739168142,105.76535145804814
2021-04-08,170.22302384880595,182.8683325038402,447.02849231469673,266.8323215105687,222.03931212024446,105.76539342633565
2021-04-09,170.8529552128887,183.47555019641274,449.4458460719698,269.621689640069,223.65363185885803,105.76547735876444
2021-04-12,169.68179959955526,180.47584539713813,444.57060582361134,268.5428732004628,223.735143735012,105.76556129125984
2021-04-13,170.01373216229572,181.12517070836623,449.61714981590194,267.66755518271356,224.39820670311437,105.76568718383433
2021-04-14,172.29761227261915,188.1267228884152,453.89578577571206,273.0059535774972,223.63185618726865,105.76577111649624
2021-04-15,173.00959707400867,186.39761093465512,452.5081185485793,270.05270395614053,226.0342308928052,105.76585504922474
2021-04-16,174.21544309237257,184.96304203727902,453.9774641082539,269.6152277089732,226.7896846702922,105.76593898201986
2021-04-19,172.37464616223954,182.53198951444443,449.52795971057424,268.7017491309845,225.6754931731133,105.76602291488159
2021-04-20,169.58474401416115,175.12835411521957,444.321288944756,259.8583332640707,224.02317729126847,105.76614880800554
2021-04-21,173.1992736264593,182.31407144762292,454.9909077516446,262.34854504225655,226.14289558921575,105.76627470127936
2021-04-22,171.87606915861676,180.23436144593958,454.98307487639823,260.9071812231812,224.0775719574219,105.76640059470301
2021-04-23,174.35798091125022,183.99769622699282,465.1192246213466,264.7916440589848,226.50704606783094,105.76652648827653
2021-04-26,174.6853438834165,186.5343523019832,475.26205618251345,265.9337183486648,226.97993246336884,105.76665238199989
2021-04-27,174.2561095743641,186.14132661348717,469.5275343494252,265.3452939295649,226.93105738690696,105.76669435080363
2021-04-28,173.81026966000664,185.63339378473023,466.1384130089145,265.2263943937256,226.86580159265088,105.76673631962402
2021-04-29,174.5646307117664,184.028199060002,464.57715736182485,266.88807844859485,228.31156018413705,105.76677828846107
2021-04-30,173.22851381591568,186.32413007566043,461.93219125575627,265.2087908702121,226.81144253675356,105.76682025731478
2021-05-03,171.82007046707972,186.81270153790567,465.34386128829783,266.2675736784402,227.3006206244454,105.76698810772182
2021-05-04,168.22093007411624,183.56675724635858,454.5173438715579,263.2931989844807,225.8983421556259,105.76707204141611
2021-05-05,167.64911679388717,184.48212958228552,462.8942084727802,263.0553830256265,225.96897509854915,105.76715597517699
2021-05-06,167.21202879687448,183.07232673858488,459.3089966167207,263.6247012483441,227.77350701998333,105.76723990900447
2021-05-07,167.84014788430008,186.73200305078922,472.57629699105144,265.11287743495876,229.43123566075144,105.76732384289858
2021-05-10,165.30871268199573,184.23613709573692,470.09993767300085,262.2107131368796,227.15931912834284,105.7674077768593
2021-05-11,167.23236340210593,182.50735859368578,475.24368143958054,266.4877382596418,225.13199163978018,105.76744974596278
2021-05-12,162.84979631516416,177.23316136787122,460.4360331492815,261.91059656516336,220.34898229004037,105.76753368002338
2021-05-13,163.15562296762837,176.8544751967883,459.7003621460345,264.31967765897735,222.99594603942285,105.76761761415062
2021-05-14,167.40272615721545,183.7025190580235,474.7992064939265,270.647150509378,226.42013923788178,105.76765958333736
2021-05-17,165.30207025987147,183.35627653482842,473.91388177522015,267.41928345723016,225.8439474894725,105.76774351756451
2021-05-18,164.84344729954685,183.55067162224563,477.87179817795726,265.23941283655836,223.89816748731985,105.76782745185825
2021-05-19,166.25281032303945,183.26649040684907,478.2367502364526,267.79487758536334,223.311132415936,105.76786942112827
2021-05-20,171.04644111702822,186.03185256949567,492.00432246981137,274.41885021313476,225.7135249266006,105.76791139041494
2021-05-21,169.74993704241712,184.44226397945198,490.07155430092126,273.4468462104247,225.52872550270328,105.76795335971826
2021-05-24,172.01876914657475,189.10556135996052,491.75964733826794,275.89462224882084,227.8278482707526,105.76803729417853
2021-05-25,172.25209302537684,190.1144247379377,485.76973657328836,274.7694177978101,227.3223428806507,105.76812122870543
2021-05-26,174.6815990999355,193.51551073327514,494.94781631881926,276.4165838186712,227.77350701998333,105.76820516329892
2021-05-27,175.03022437448942,196.02022786112272,492.92059511560024,277.39899269317544,227.89301503936846,105.768289097959
2021-05-28,174.6543815009504,195.76758199612343,491.26203910699957,278.93467409560594,228.30069905603443,105.7683310674122
2021-06-01,174.31062589164418,198.21958858728644,487.3686117996832,279.83869899464884,228.09957232972712,105.76841500217222
2021-06-02,175.36376657119524,198.60239330450807,493.23026583026217,281.21480327415276,228.45831004941903,105.76849893699884
2021-06-03,172.93828050779072,195.83638029495432,484.35619591670144,281.12226949961536,227.61041204716327,105.76858287189206
2021-06-04,174.09422029067338,196.71677356132582,487.0929020633743,282.69771564117156,229.69213420187936,105.7686668068519
2021-06-07,173.79987394663598,197.5311135566596,491.93517569770455,282.91798401972767,229.46924960911068,105.76875074187835
2021-06-08,174.2754109730421,198.7985994840238,494.55089010542724,281.48285492591936,229.5182315163408,105.7688346769714
2021-06-09,171.5320499312013,196.42547440404283,488.9464847091878,281.9020387713848,229.17574987854675,105.76896057344219
2021-06-10,170.39562332979318,195.5914520424433,485.7338659210672,279.9363130907298,230.2410841043918,105.76908647006282
2021-06-11,173.35262958955255,198.94989603623753,493.9029092015316,283.45859692179766,230.621544080289,105.76921236683333
2021-06-14,171.31209833484613,196.39356649717766,490.7290440289669,279.94239467967105,231.13791059849356,105.7693382637537
2021-06-15,172.3270675182457,197.4017717125076,485.63743925665756,280.6331935165101,230.71393488967362,105.7694641608239
2021-06-16,170.8064025984277,195.39430110994934,485.0067134720425,277.63441420664475,229.4258050967001,105.76963201542677
2021-06-17,168.47609444070395,192.11616368474338,477.2404375712438,270.79280125544335,229.3496881743414,105.76979987029603
2021-06-18,166.97899923017582,190.3493586906043,470.45472403874976,266.6009627166356,226.2556376599468,105.77000967877046
2021-06-21,170.31745330246977,195.33020854260556,478.52902416627273,274.0403499799853,229.49476435758785,105.77021948766105
2021-06-22,170.68436071369084,196.0089510734364,483.90249033217805,273.993330034206,230.7216801203698,105.77038734346263
2021-06-23,170.87133370389355,196.47303007250218,493.66353174003115,273.8376614843376,230.44356402042996,105.7705971531024
2021-06-24,173.08892687679463,199.6487507384497,500.5161954940438,276.79193851657067,231.80683145372015,105.77080696315835
2021-06-25,174.73981318002353,201.99200983190417,508.51120570963013,280.0495728054177,232.63021179466875,105.77105872319228
2021-06-28,172.85238352090659,197.69676770715984,513.7653977196654,278.1817465275934,233.09916325691046,105.77126853416381
2021-06-29,172.69924689828662,198.22320306352,513.2771344093532,279.4571351722173,233.22460038393194,105.77143639163022
2021-06-30,174.06151595980361,200.34964490278963,517.1296956135897,281.14839692432867,233.42091972566928,105.77164620335093
2021-07-01,174.84974088512286,200.4979547219396,514.063124518646,281.99159490253186,234.71323372373152,105.77185601548778
2021-07-02,174.19651491212477,199.1949947637211,512.7424471127621,281.4251221357617,236.50731403500788,105.77206582804088
2021-07-06,168.96025025701465,194.08526179305514,503.7362911038754,276.19576032733414,236.07651896214978,105.77227564101013
2021-07-07,167.63083286820563,191.3665137820547,493.5360191126244,276.08744571963007,236.9107960414571,105.77248545439558
2021-07-08,164.62221445874326,188.38632899463545,486.9817277012664,270.3825335313967,234.9804708904407,105.77273721842474
2021-07-09,170.43704597054395,193.3060826981487,499.3997664667953,278.29110194524503,237.4888217180542,105.77298898305315
2021-07-12,169.47489875609062,192.65792834752946,503.0747499689988,278.7616097472451,238.3394973202837,105.7731987978536
2021-07-13,166.47379718234407,189.57818642900972,492.6666477472444,275.2330047268344,237.52701371769382,105.77340861307025
2021-07-14,162.8119805124357,186.94649588241452,483.47264091800673,274.2252970035073,237.88146040152878,105.77366037929673
2021-07-15,161.48624379908756,185.00926344884448,475.68927948898744,270.2591205902379,237.06894118868283,105.773870195429
2021-07-16,157.78658068180349,181.97559588120788,460.32760578270273,263.50487198631856,235.20948044725412,105.77408001197745
2021-07-19,153.31591642600995,177.4014366523961,452.014607055113,257.37261917510455,231.7358958236203,105.7742898289421
2021-07-20,156.49412859658136,183.38977807112843,465.84795505128545,263.6596576912367,235.05683708459188,105.77449964632297
2021-07-21,160.50746175549102,189.4286731665532,484.6158646654605,268.56341722055663,236.95988477945545,105.77470946412002
2021-07-22,158.36603799502316,186.95900065787146,477.66407611952013,267.0306713908463,237.45611369785001,105.77491928233327
2021-07-23,157.33730411625564,185.96389283079847,477.26716285772636,269.32633338445316,239.89906629018316,105.77512910096274
2021-07-26,162.34754210613966,188.50957557064172,484.3215997200067,273.7251820904781,240.48802431539508,105.7753389200084
2021-07-27,160.33394987824323,186.5671861714002,476.5700452825441,269.10524905244176,239.39195843855794,105.77554873947028
2021-07-28,161.63311159700265,187.40773383103073,481.2251420820078,271.5671783812691,239.29378096256127,105.77575855934836
2021-07-29,161.4386325649775,187.2897772104846,483.2955943189329,274.227147050782,240.2862566044784,105.7760103311683
2021-07-30,157.82189713204826,184.85360599007637,484.24080569219547,274.7196847528274,239.11929070779746,105.77626210358751
2021-08-02,156.9678394592606,183.2118257853709,478.0729567516376,275.8623319052164,238.61757780996746,105.77647192488064
2021-08-03,157.2678057459363,185.1598453770465,477.723016154544,280.12251629784305,240.5588353095987,105.77668174659
2021-08-04,155.02319294446258,180.80189851686492,463.18668893747895,278.694599550999,239.3755777207638,105.77689156871554
2021-08-05,162.06420574551905,191.21715185464723,490.51205204963645,284.75062862867776,240.89150632184425,105.77710139125729
2021-08-06,163.2651386005416,193.13171788708237,495.7005927232894,286.2916853955376,241.28957556937016,105.7773531662735
2021-08-09,162.51336411735676,192.52933420361254,488.5440676196781,286.44164619674547,241.09330964301697,105.77760494188898
2021-08-10,164.41966749942154,196.35648610069097,498.3792419501679,288.97524763403516,241.3931479991621,105.7778147658458
2021-08-11,168.21508406554892,198.574836535689,504.23083756811803,294.3148719148017,241.9930383729888,105.77802459021883
2021-08-12,166.88737114387854,197.70118789731808,503.1322026750952,293.4991318153275,242.71824123794067,105.77827636743245
2021-08-13,164.61858819678724,193.44206135510652,492.347553703894,289.5622356327121,243.15995085428563,105.77852814524537
2021-08-16,162.6234858100614,189.0389796766036,481.00556295574825,284.34345804241684,243.73249255144725,105.77877992365761
2021-08-17,162.14019323555715,187.99750678463909,472.06041745958225,281.5932551873985,242.13482060754833,105.77907365121712
2021-08-18,160.39778748390623,185.23630219205592,469.9451318543159,278.4901152610505,239.48463412999112,105.77936737959227
2021-08-19,158.92614249627653,182.69347387226475,453.59016607216466,272.3774733646807,239.85544372649224,105.77961916000207
2021-08-20,159.77014057870093,183.30271280121949,460.7855874734278,274.0818754134751,241.76401101104727,105.77982898795437
2021-08-23,163.95392944077162,189.7382866799438,483.9331136535807,283.8772292010719,243.89063769867298,105.78003881632289
2021-08-24,168.84779693478433,195.7232051694532,507.2601412842869,291.9159505883828,244.27782801296817,105.78024864510762
2021-08-25,170.54430681152778,196.90665876817263,518.6758209355974,294.8234140354082,244.79040203890082,105.78050042761504
2021-08-26,169.49934411894125,194.35829879474042,512.7804250760439,290.3277159053715,243.34537345766418,105.78071025731546
2021-08-27,171.91584180615422,201.15027485399756,529.9105510728898,299.2655700371036,245.52112449354425,105.7809200874321
2021-08-30,173.18070689878783,201.3865133347354,525.9737341507421,299.8563547661912,246.60082745771524,105.78112991796496
2021-08-31,173.79427352371852,201.37819631903255,530.2152151001839,302.5387478094843,246.23541281500945,105.78129779108123
2021-09-01,174.7302166512476,201.26950504456258,525.2585828906704,303.9888723254833,246.36631611633834,105.78150762236332
2021-09-02,175.0199216176366,202.93236815220442,532.4650862846718,307.31982654845456,247.1242804168786,105.78171745406163
2021-09-03,174.16643650021945,202.631002782182,528.4193534973788,304.9628722321377,247.06427713539347,105.78192728617617
2021-09-07,174.01273608958235,205.12196830008276,529.7407640253939,304.2735697615105,246.18091131808782,105.78213711870694
2021-09-08,174.95185486310368,200.00575610684143,525.8718435799108,299.81695817791103,245.88100174143054,105.78234695165395
2021-09-09,175.93266865058428,201.5732201331126,529.6239106689127,302.41942967255386,244.82859403854044,105.78251482670163
2021-09-10,173.1396203081615,200.52708927638477,529.2629218815449,299.0374296639952,242.89821547213992,105.78272466039788
2021-09-13,176.9648817283006,206.00911369582715,539.9345617834399,302.2888162599619,243.51982810217189,105.7829764487988
2021-09-14,172.45098508109535,203.47383410945554,527.9546440676348,299.66161728041004,242.20572062739217,105.7831443248455
2021-09-15,174.14553092418032,209.0674228791721,534.3393232259233,302.0477689711289,244.22873927496985,105.78331220115858
2021-09-16,174.13634673389356,208.5913244161966,528.3009033382754,305.04437302272663,243.84160237605874,105.78348007773812
2021-09-17,174.36930913593355,208.4477626440673,528.4046388636506,304.19234586243783,241.4662914651386,105.78364795458404
2021-09-20,170.3426044474602,201.79605889619287,513.8342984015823,298.8399969111727,237.44007127748853,105.7838158316964
2021-09-21,168.37537617554727,199.3792247541841,511.705429222372,294.706647669598,237.21572666422082,105.78394174599924
2021-09-22,169.05632955071582,201.5668892343577,522.7174031684722,296.6472511553858,239.52973451930916,105.78406766045195
2021-09-23,171.04243221225693,205.30559786762598,535.9471473372051,300.6015591007394,242.44007172261678,105.78419357505453
2021-09-24,170.99056443769177,206.18770316791043,539.6884839770443,300.32160859738076,242.83938732910525,105.78431948980699
2021-09-27,173.07437526397973,210.89189989480417,554.0261345618796,302.29367530907757,242.14468464848093,105.78448736798505
2021-09-28,171.69340337562085,207.54041205131804,543.8945345926641,295.7344796197412,237.26499345349956,105.78465524642957
2021-09-29,171.19295007130614,204.91028874106314,537.3134693637634,296.21526431721026,237.6643268651161,105.78482312514046
2021-09-30,169.44381291935284,204.1625296056073,531.2304998728649,289.2347954249194,234.7595448617561,105.78499100411781
2021-10-01,170.14638344015526,208.8334385124186,541.2344691481724,291.820128155007,237.54943037389253,105.78515888336156
2021-10-04,167.40269533157397,205.52384525093208,532.9383198295195,285.065782429775,234.48602248484983,105.78532676287173
2021-10-05,168.0895930238321,207.49716481318058,538.6802589551787,289.5552567669419,236.92584137464846,105.78549464264833
2021-10-06,168.98518007122922,203.88929307624625,533.3144429127151,290.38846205715436,237.91048276022929,105.78566252269135
2021-10-07,169.75519917399723,209.39323158663515,538.1725049371316,292.12307290410934,239.96740237158966,105.78587236263147
2021-10-08,169.95461921781606,208.09824068857768,538.5899506972403,291.671082699419,239.52973451930916,105.78608220298781
2021-10-11,170.26029526869652,211.19497459786393,541.8739005593147,291.1024526778642,237.79563968438987,105.78629204376043
2021-10-12,171.98639370508633,216.5681689888473,546.8592167648621,290.88228393872987,237.21027829504146,105.78654384065258
2021-10-13,172.41221798944935,217.69621795373604,549.1193093948295,292.00346757124856,238.06367808186067,105.7867536823409
2021-10-14,175.1406031631918,220.4848738890681,560.5635380495811,299.49325483014746,242.06803357228114,105.78696352444548
2021-10-15,174.8621122708323,219.13489241760658,557.0735269266729,297.87870798129416,243.9115765292446,105.78717336696631
2021-10-18,172.9614860787697,217.9107356282775,557.6830539311228,295.8012494886826,244.63371691217418,105.78742516595624
2021-10-19,173.82647483561118,220.00606307719275,558.9704504970508,297.7820636530085,246.52102487385287,105.7876350093928
2021-10-20,174.07936070313593,219.63107086879896,555.5330629213538,300.3861488242177,247.4893033467676,105.7878448532456
2021-10-21,174.24233618328262,219.07146691096636,551.1466792498146,300.1429172257966,248.1348104586254,105.78809665383383
2021-10-22,174.27110460688354,216.853661034856,548.8127135160062,299.36522933553783,247.8776687995133,105.7883484550214
2021-10-25,173.96967184050246,219.19900501445787,551.0047791252018,299.0404707105052,249.20703526902082,105.78860025680831
2021-10-26,174.12587316679128,219.7206617518557,550.1059941720464,299.684214475161,249.43134427203245,105.7888520591946
2021-10-27,170.96680536705452,216.60587245012366,542.4797910332125,299.94756504059944,248.32628680553657,105.78910386218021
2021-10-28,171.8073848089528,217.38646697063277,546.7483667115023,301.1258276056898,250.72234069061997,105.78935566576519
2021-10-29,171.8210151342476,215.822083846201,547.6642272784142,299.8156007964053,251.2310866140246,105.78956551303115
2021-11-01,174.68280127068414,222.13467285890582,551.419040915699,302.9514580719552,251.66327048686966,105.78977536071335
2021-11-02,171.91111389985988,219.25412443134903,553.221281270597,304.08412403303237,252.68076233367896,105.78998520881183
2021-11-03,173.74774508418773,222.1394689625262,556.1719618765997,306.44608152970534,254.22346984732727,105.79019505732657
2021-11-04,170.4526275729993,209.18264101378747,555.6567495043414,306.0591244509252,255.4214700821769,105.79036294482908
2021-11-05,172.0826387701573,214.4012127829839,558.6328806807207,311.87220023213564,256.30766691484047,105.79057279409312
2021-11-08,170.03195374557362,211.4472318574573,557.657434086542,310.6342930504794,256.5264919384167,105.7908246011745
2021-11-09,169.80177609915654,209.38283106968123,554.6698559818042,310.2444064377489,255.67854052077683,105.79099248967609
2021-11-10,168.50366473687143,205.13172095368986,550.3236118827703,310.007179429015,253.62167432480064,105.79120234018889
2021-11-11,168.15543116927918,206.85141220142486,549.2551602941569,309.6751206135766,253.7037381599237,105.79141219111797
2021-11-12,169.2394679667977,209.55349429416646,554.7179194907316,312.3480615004343,255.61835918801137,105.79162204246332
2021-11-15,170.4020469108034,211.48315777135812,554.9924994642504,312.7148582978289,255.70588919744188,105.79183189422491
2021-11-16,169.64260179617978,210.6684922443406,556.7170440582031,312.67082027403063,256.7179504801998,105.7920417464028
2021-11-17,167.30044656126714,206.2488360288184,553.1883812286817,309.50961681742393,256.0943080655717,105.79225159899694
2021-11-18,164.08409636554046,203.3801254593595,552.6344867050805,307.4643643566105,256.9641597906972,105.79246145200736
2021-11-19,162.9690882123184,203.88681547578312,551.083241998917,307.1282370536063,256.50460943605907,105.79267130543407
2021-11-22,164.1075504506525,208.03475661720066,555.4730094667715,307.9676527614946,255.78252246851366,105.79288115927703
2021-11-23,163.08780697852916,207.69316576177667,565.8103432775567,306.1561703623809,256.12169235249274,105.7931329718529
2021-11-24,162.80274271488796,206.73342147949663,565.18006267112,307.0177344701542,256.8054804896303,105.79338478502811
2021-11-26,159.84631905381264,203.7638990113562,547.1559194808111,297.98526251093483,251.07796251290537,105.79363659880272
2021-11-29,156.5509435583762,205.60586528988378,555.5285027391832,304.8178205816076,254.15778672999832,105.7938884131767
2021-11-30,153.5301328402856,200.38078543947415,541.0520912322969,298.8896225400321,249.2125014433282,105.79409826943395
2021-12-01,146.6268741854296,188.92009468044932,534.4996824399752,296.0178464671246,246.44444501816523,105.79435008490682
2021-12-02,153.107811916034,197.60196335853536,547.1001548220245,302.0483105578503,250.2190431363947,105.79455994207989
2021-12-03,148.9046733917688,193.62095288525924,540.7241223960618,302.2338233227583,248.04177866463144,105.79481175865162
2021-12-06,157.1347673297635,199.41117125506204,550.8025682256198,304.3729921419935,250.979446739476,105.79506357582277
2021-12-07,159.5885207162526,202.88687407554065,565.2702004745136,313.5940553539424,256.17094133664347,105.79531539359328
2021-12-08,165.15381990453056,210.2038904431754,568.7559105407713,315.45807980644025,256.84924549434555,105.79560916706866
2021-12-09,162.33297385112485,204.8027672969274,563.2996411320946,311.5803123509004,255.11513285429825,105.79586098613782
2021-12-10,161.63148525201868,204.03192866467114,566.747985460018,315.01068382702283,257.51665291368903,105.79611280580639
2021-12-13,158.53566904539284,199.00912317313643,554.9376708242071,312.0211139006045,255.23547771470115,105.79632266647602
2021-12-14,157.61529969235687,197.72879892419786,551.0297504154602,310.86859157125076,253.47942915691206,105.79653252756194
2021-12-15,157.223754922775,199.41215798736096,551.7553279333833,314.9744067922254,257.4401264733855,105.79678434882892
2021-12-16,154.4956737259619,198.53360533562764,546.7303745915815,312.03840376022913,255.16984801275632,105.79699421083065
2021-12-17,158.9373800664337,201.07974653746174,542.2180837793417,306.9245945845581,252.45403183325425,105.79720407324868
2021-12-20,159.4708765452723,200.54256760951802,523.501661221689,302.3920559614562,249.76964170473775,105.79749785196854
2021-12-21,169.757397658674,208.40211260565783,535.5644492230755,309.288334894236,254.20529081160134,105.79779163150421
2021-12-22,171.59069125769219,211.30331401503082,536.8778690427346,312.44419453627665,256.7470440594125,105.79812736376729
2021-12-23,174.55844994194922,211.68799351895652,538.2097999848991,314.6877798285856,258.344520146903,105.79846309709576
2021-12-27,171.89589174216619,216.4912510208838,542.1069574701576,318.4284549989362,262.0006785534295,105.79871492295798
2021-12-28,171.26560569563824,212.58953417429012,541.8576493843668,319.6740676082643,261.78655408365506,105.79896674941959
2021-12-29,170.66771376573357,212.5560316537791,543.3672040448248,321.50599188441674,262.12143293177724,105.7991766157504
2021-12-30,172.79558102027525,211.49453310938287,543.0605912442392,320.1207279469805,261.3967286104104,105.79938648249751
2021-12-31,172.73531827940695,211.10109491283126,541.7427346603919,321.55397023746923,260.738010093549,105.7996383105576
2022-01-03,175.07892586444055,215.75870434490898,547.4398167903056,324.3099393385518,262.2476356793044,105.80001599714964
2022-01-04,175.24563340784056,216.4771428022513,550.7054021161346,323.0497270694273,262.1598029826973,105.80035173647141
2022-01-05,170.77781454530498,208.0293078896017,536.5108483037495,312.1851975400891,257.12579474301816,105.80072942561029
2022-01-06,172.00002419896467,208.76901483741742,533.8690368711292,310.80975940696237,256.88423257093854,105.80114906082464
2022-01-07,172.5209713258758,208.6758218401029,531.8456666582647,308.20956515931744,255.8686458728292,105.80156869770336
2022-01-10,173.4352650649339,209.00076678605626,531.7863252110086,308.53792891941356,255.55027237839744,105.80211414638869
2022-01-11,177.2792753692749,211.92490544931613,538.063568594467,316.54996999150967,257.87784774105006,105.80261766512787
2022-01-12,176.27985344756152,211.69912200970435,537.7067483485151,318.9477340664909,258.5750609447276,105.80312118626333
2022-01-13,172.10545373357,210.0364728876031,535.4431848502636,310.07851932599283,255.01227262962777,105.80362470979507
2022-01-14,172.5518171508005,208.93140019374064,535.9672151292474,306.1806000163378,255.11657506966924,105.80417016907994
2022-01-18,168.00612418364733,201.9563145866593,519.908100568529,299.90753239840467,250.59854163537784,105.80488332376636
2022-01-19,166.80189664435366,199.10937068523708,514.6907161891286,302.2940387335589,247.99648241890498,105.80559648325968
2022-01-20,164.86588717985762,195.56716703397728,503.9496916906317,298.8921784780457,245.25160827044635,105.80635156085083
2022-01-21,160.77859845643226,187.15494767943326,491.90080482492397,294.7693771773513,240.43717286972105,105.80706473024055
2022-01-24,163.71080333990977,190.0584296600291,503.8332378317691,300.2707550703955,241.4582791575219,105.80790363355453
2022-01-25,160.87609361758703,186.30411804455622,492.20760956380855,290.047579221035,238.51023069303164,105.80874254351986
2022-01-26,160.04571237212502,186.05869665344517,487.7156022988347,289.36567071425947,237.91192497560033,105.80953955393278
2022-01-27,158.75408177058824,181.466868687338,478.24827842811214,285.64749864102464,236.737107017455,105.8103784768687
2022-01-28,163.19317710501355,185.5786763217016,492.29535994553737,289.7407499611478,242.61660956710483,105.8111754996044
2022-01-31,169.96428123146177,197.36877662505992,511.30429833212486,302.06502893421884,246.98636189510304,105.81218202253336
2022-02-01,171.62430127940576,200.18698294619338,520.3955264599942,305.7748711301454,248.65525435115043,105.81302096642038
2022-02-02,170.42648247880658,200.32792622388308,520.4092277360552,312.7057914873965,251.0706802155382,105.81385991695905
2022-02-03,167.31579092510287,193.25092629075763,502.02679946453753,302.2173778783099,245.1692773584027,105.81474077821433
2022-02-04,170.28265931561265,197.40917857131308,504.40832277055176,304.95944361337536,246.32214159367828,105.81570544313617
2022-02-07,170.13862901678428,197.38265133079267,510.7575074868772,302.10450260566785,245.5315939088301,105.8168795367543
2022-02-08,171.8559811478416,198.7040036937558,522.8906994274935,304.80345218111574,247.55178154104988,105.81801176727625
2022-02-09,176.87758475657392,206.58419981970818,545.3138302125582,313.37043204191986,251.17498265557967,105.81914400991296
2022-02-10,173.53572597318134,202.8922286525583,537.2622753422728,307.3410529138632,246.66245100585175,105.82086216475085
2022-02-11,169.86196628726665,195.04666403198138,515.2541518988162,297.03535570563736,241.7986063748234,105.82241302781343
2022-02-14,169.90677593789744,194.35578672569892,516.1817075742551,296.8273120295149,241.0080764951033,105.82429849147616
2022-02-15,173.80176912761306,203.0298251972672,541.7112515087715,308.7136323307352,244.89479350458248,105.82601673000586
2022-02-16,171.73191218969427,199.9584023415842,535.9704195568227,307.48467157753475,245.1692773584027,105.82765134082359
2022-02-17,166.22690969678766,193.04030522035993,516.9391638404807,297.9865336833196,239.9321304129481,105.8292023033853
2022-02-18,164.45658716933445,191.555008669151,513.5229342084359,293.9349422668733,238.3785261609411,105.83066959733763
2022-02-22,162.14700494207207,188.4298748914358,505.8011878107178,292.05250617228734,235.82032097482363,105.83230428002454
2022-02-23,158.54271070458284,183.75182300307918,490.3733284704144,285.7456386918716,231.63720199891048,105.83381346595787
2022-02-24,164.45846793979766,194.2963269166083,505.65155808488237,300.8074023485328,235.1231255762741,105.83519711224055
2022-02-25,171.13096730722947,202.66286016445335,515.5280899056148,305.3248676636407,240.31093451193786,105.83658077661268
2022-02-28,169.80699261571834,194.99676895357075,490.794255626238,304.6598658067203,239.6960522203039,105.83813187004017
2022-03-01,163.5443513571199,192.82682768016042,479.15536820672787,295.4202026200222,236.04544901372498,105.83947370903829
2022-03-02,169.88730332956894,200.4788505829473,496.1333408818465,304.1318919982363,240.38778144454605,105.84085742932163
2022-03-03,163.74783132369708,194.66153014946514,487.983925761014,296.97167546762654,239.19099195840295,105.84240858542586
2022-03-04,157.23822485302708,189.0872725485173,476.604046703343,291.49429356492334,237.2476690639194,105.84379234407908
2022-03-07,149.48699487459066,175.9064354872998,456.5291298298883,282.34767685240456,230.25385038119444,105.84538538840536
2022-03-08,151.15564765049413,181.78650594160513,452.7946175216675,275.27460213947097,228.50807538228278,105.84689476087743
2022-03-09,158.0229773090948,191.61897783358683,469.57472144532176,284.9304592745823,234.63457066806353,105.84848785189787
2022-03-10,155.27987096309045,192.03369162876322,456.8622441851299,282.70360108660907,233.5750943293427,105.85008096689579
2022-03-11,153.38887088887145,189.77985929504194,444.32982865674273,277.9078502380625,230.6051277522388,105.85171594941475
2022-03-14,153.0016007572687,183.1730967380764,450.2237313351432,271.08060088277426,228.91980116301315,105.85360193517475
2022-03-15,158.13357144275017,189.46901127185677,463.5838907666773,280.7283508086501,233.9538094026923,105.85552977042984
2022-03-16,169.49279732143256,203.79051659776692,508.08405610062766,291.73677547736077,239.14154711784388,105.85733217839373
2022-03-17,172.1267772621822,207.7997981139515,517.4100408098855,296.0172830422705,242.1334496126895,105.85900911517454
2022-03-18,179.16175353710506,215.3801445759933,540.7251011575879,304.45690305190635,244.7854878235626,105.86072791729059
2022-03-21,178.119117251481,210.21740736712368,526.5749902097513,302.51532324544223,244.71391120885335,105.86303206421837
2022-03-22,180.31857298036078,215.1106466498242,544.0139828961244,307.41467765987835,247.5774209254233,105.86516910712909
2022-03-23,178.2294882355801,210.08718631001133,531.9623183020543,301.9677635812679,244.38902103756,105.86726439344118
2022-03-24,180.29532837322103,212.0849668629955,533.5993253212132,311.53752555874047,248.0730088592085,105.86935972122322
2022-03-25,181.45910384313837,208.7968744488576,518.5654882719491,311.5631807514681,249.2845053811103,105.87158048223061
2022-03-28,182.7654893986818,212.03036193936757,528.736390098617,313.7995847293425,251.05768247207112,105.87409373183479
2022-03-29,185.0264574695983,219.97870112134888,552.8961963471559,321.6924426037601,254.1634843709702,105.8764399522395
2022-03-30,183.88395135181747,214.38487322543708,535.5148302441436,315.6489441194587,252.5940691652662,105.87874444115279
2022-03-31,181.0537393031534,209.58497453817307,522.6517190670761,308.6945482959066,248.7063194583609,105.88088180124718
2022-04-01,181.56688455066686,210.92957122768436,522.2475222851255,307.8645176616934,249.41120667222245,105.88306100628833
2022-04-04,183.12225036239798,217.03645949824343,538.4614837030573,312.31286924080354,251.5477508161648,105.88586679951703
2022-04-05,180.8091628380916,208.11514484737586,517.0892691401474,301.7997413391058,248.37035449742845,105.88858917951816
2022-04-06,179.00123608398255,201.34237624214467,501.0583359447558,299.95949405465007,245.88687743368277,105.89139511923784
2022-04-07,179.9031838989873,198.27717898443905,501.1228371391111,301.78978398118204,247.12584726814586,105.89424287308529
2022-04-08,179.4221450643181,196.9875377871793,503.6151862699741,299.9692542328831,246.4650633564322,105.89713244028431
2022-04-11,180.45165899988007,196.52430358012495,489.8834412747345,297.1582076059221,242.25245908848962,105.90039754179439
2022-04-12,178.5217597401767,194.39609737878345,485.00670207326846,297.51539210594166,241.35481355849814,105.90349591098551
2022-04-13,180.98903597968712,200.6775909065733,490.3954266966633,301.876960536253,244.11916651702938,105.90663608647986
2022-04-14,177.3125262865846,198.8774310788313,480.16686135340825,294.1183293142096,241.07947505853213,105.90990148101362
2022-04-18,175.32521658813815,196.24274401383533,473.68653974529093,297.40148790465827,241.17863181657086,105.91333375824503
2022-04-19,180.9229897026003,203.73195178802706,487.21860200132284,305.53182588591085,245.07188330803967,105.91676614670801
2022-04-20,167.71760510166536,185.02956662817513,491.39023446387847,295.1693116962442,244.89014636616474,105.9201986464062
2022-04-21,161.57576850695625,175.28039439125013,478.6819506031739,290.8947780255079,241.2281656827701,105.9236312573432
2022-04-22,157.1559733252231,171.40085489668158,456.72371011237993,284.8297849520078,234.60909152984243,105.92706397952259
2022-04-25,157.78038199268366,176.61908079975203,458.6073438186365,288.7988997206706,235.96920745547004,105.93095519814952
2022-04-26,153.2109594563898,170.1464750506249,441.80565651415054,277.23553262683214,229.13538565328665,105.93447154054648
2022-04-27,153.6417313333262,169.12244449366568,433.6343563874454,272.83604137656704,229.77962860105373,105.93790461403259
2022-04-28,157.5226665235395,170.93689196707987,438.62410638359563,289.09625961448364,235.5837798488505,105.94129609842874
2022-04-29,151.70129945431913,163.56573559056,423.3231648199318,278.3087659507949,226.87760639253952,105.94477109064454
2022-05-02,152.61444106670677,169.71089230710598,426.9229361955595,286.42973466746696,228.24325971298668,105.94853797407184
2022-05-03,153.3140361197542,170.36959764906436,422.791806022628,291.4955639884451,229.289542451832,105.9523049914313
2022-05-04,157.98289227725618,178.05604011719214,437.2318627841535,305.16506222033655,236.27207268338148,105.95598879245713
2022-05-05,152.3677380615973,171.14586522798035,420.5803553261328,293.31634916588087,227.87430184980147,105.95950596583583
2022-05-06,151.45831092356508,165.89204917627205,412.30212259188545,285.84502811579523,226.5142037293019,105.96302325596592
2022-05-09,146.60901703102596,156.97975284884296,398.3530041366485,270.1432977882966,219.2618189772218,105.96687413059846
2022-05-10,146.94772470863262,157.52259777582233,400.0712324391218,272.50299021252476,219.7683748698779,105.9706001210945
2022-05-11,144.61330853524814,150.16889720510625,391.6633136591845,261.2086860310308,216.2771275592312,105.97436792287716
2022-05-12,144.46236039309088,155.6748493197921,397.88935938056306,269.7373128450631,216.05137634084858,105.97834420570419
2022-05-13,147.91614293779105,165.2048488763673,413.66308564008784,286.9173166931581,221.2166973998014,105.9825705279653
2022-05-16,147.31593388448562,161.28476300286502,411.22185410557995,283.4964061481226,220.31905186980998,105.98704677116487
2022-05-17,150.34629016339466,166.33504707328896,427.6735713607007,295.1802212749177,224.85111574499462,105.99148158652147
2022-05-18,144.28557760557658,154.7150232590292,404.14546245194595,278.15225445339195,215.78698799462535,105.99575007184953
2022-05-19,143.40188986996918,150.30116173454036,399.63460396745865,280.05539581522396,214.46538456094203,106.00010199843581
2022-05-20,143.4645120978852,150.870194707138,394.8777682021468,279.664975999931,214.55903953441728,106.00432918837835
2022-05-23,146.1487436558432,150.39039363717464,402.08974911514986,283.3005589712764,218.57345492217868,106.0088063505692
2022-05-24,145.0330560427834,139.60766969490552,397.3752271409499,273.0587040801014,216.904882958436,106.01320044686483
2022-05-25,146.31443064175713,145.4746123363935,404.3138643970848,281.3203551179716,218.82124888907128,106.01759472529703
2022-05-26,149.23800768831276,154.71006538664875,416.6131376474642,294.3059803761774,223.19361857089098,106.02203081887151
2022-05-27,152.90166993946383,160.8136714207822,427.6900179860681,304.1822563530701,228.67282623201027,106.02646709806541
2022-05-31,152.0437097009147,157.4682658997536,419.3987509391753,304.7289054868007,227.38969968001516,106.03119490341183
2022-06-01,150.81390914972275,153.6271811650605,416.23190054323607,302.86030821490186,225.5504655640366,106.03588130994427
2022-06-02,153.68594786459616,161.79684794247984,427.53740430997664,308.42023363784625,229.8457568465836,106.04060953507796
2022-06-03,151.16370072356318,156.27208879183186,420.1267047946133,305.20512817565987,226.07359803089525,106.04550438337284
2022-06-06,151.6239860041125,156.39008621097435,421.8563693642856,305.5341159563805,226.76197989106646,106.05064896478402
2022-06-07,153.078405105512,158.1893726483237,425.902932034349,309.3592545829111,228.93714335772134,106.05583536799786
2022-06-08,151.41408248692858,156.00233067437085,421.2723645639264,305.39713265473665,226.44805767864398,106.06106359501943
2022-06-09,147.8130186529605,150.29354201653115,411.25329202216113,297.00556437811287,221.06246938074386,106.06633364790328
2022-06-10,143.52712242043472,143.45601405880885,399.3288421262432,287.83212420308803,214.65267670276447,106.07193637705853
2022-06-13,137.3286707990358,136.20851548654468,384.16697647553474,275.52050628846206,206.502664225821,106.07899072531673
2022-06-14,136.74773155022007,136.91158863022366,383.00936773167706,275.12272860323685,205.88041061117968,106.08641796069867
2022-06-15,138.71411116054833,138.69940988712287,388.46968508860635,275.88334431657626,208.81551474758692,106.09347327205926
2022-06-16,132.59789921055912,132.10037234083595,375.61286793498823,269.43597027063015,201.90454332561868,106.09990754101517
2022-06-17,134.92673517160785,134.43846303781478,376.4225779539765,270.3855548030787,202.33978968048606,106.10650803605107
2022-06-21,135.79947947166653,134.42228005439847,385.8984872766226,277.8604154602865,207.4334094888335,106.11344043900483
2022-06-22,134.5362505987627,134.43146270320003,385.19891371961575,276.08242770917576,207.05736518468947,106.12000031777124
2022-06-23,132.83054704385327,134.9971179907909,388.9747559975666,275.1467094945154,209.08700733989693,106.12664351943383
2022-06-24,137.97825703060764,142.8308822375022,401.341838537532,280.1161441644124,215.7347299438364,106.13357723792691
2022-06-27,138.86072405113612,143.322828251706,399.8088714817424,282.0528395026264,214.91070861827842,106.14088412851515
2022-06-28,138.61962793756803,144.17127352340782,391.63952839754967,282.2659786191886,210.5194120853553,106.14819152215482
2022-06-29,136.4997955565834,140.01776639829157,391.32064607589695,276.61102570273954,210.3480021177419,106.15541660940173
2022-06-30,133.45088643468054,137.39486825219353,388.1414949937757,271.929486335915,208.63910153899513,106.16235220776683
2022-07-01,135.02855323656786,139.4866183821137,392.2466204502401,272.02119625189647,210.84574447201962,106.16928825926493
2022-07-05,133.8150570292823,146.467091565561,400.60438795750406,265.97996664975614,211.2439739656979,106.17705286141766
2022-07-06,132.09434276311643,140.79028412068337,396.6551811077676,263.94491984030395,211.95738983588924,106.1847766620065
2022-07-07,136.48228212266298,147.16952412153412,409.33405948248867,271.1615428621836,215.13188391875556,106.19266648991454
2022-07-08,135.47569217497428,144.78416822544654,408.5180990389223,271.6648810065602,214.95495436145066,106.20063961867075
2022-07-11,133.46467657913269,138.65733059224482,400.0038710752348,267.2602141796851,212.4993779333392,106.20952220940337
2022-07-12,132.2000045433401,140.51737233952096,409.9890378958066,265.1820511103533,210.61896055621085,106.21852933822471
2022-07-13,131.75947797677395,139.85157456250863,405.7784460557897,262.9567439277158,209.51287039228882,106.22823811296341
2022-07-14,129.02986273376237,135.87386550189845,398.28305164304874,259.3363700816122,209.00410666375612,106.23794777512083
2022-07-15,132.2575639365959,141.90764909497162,407.4454945087476,267.4074740707737,212.9971202876169,106.24749348561465
2022-07-18,133.90261358082714,146.87732977143375,410.0223669201746,266.00980393639776,211.23845437600636,106.2576579254797
2022-07-19,138.65517719521762,154.18395272893667,427.3283405212527,275.27550455714106,216.94588816830546,106.26790566042192
2022-07-20,138.08254346048682,162.37285385164898,431.5726720472375,276.8364826211835,218.3285631911561,106.27807205307019
2022-07-21,135.88633562544373,157.36681008001392,425.75580333726947,275.17843236757113,220.55183611376728,106.28807469329543
2022-07-22,134.4034765574069,151.8857912950592,416.59366422538994,272.8209252415099,218.50552835871707,106.2981194660839
2022-07-25,136.61837049598546,150.81217975151165,417.40380372955644,274.6464519269008,218.7710028177505,106.3087414982748
2022-07-26,133.57025316544014,144.9162510312907,408.3005231631052,274.10542607313636,216.18270696525036,106.31907650607026
2022-07-27,139.14003955271755,152.43575721273896,418.4380730480974,276.2839738220685,221.79618309689758,106.32895937202765
2022-07-28,141.3250487874731,157.3888540779442,419.24899783911246,281.7591981613943,224.57802069116127,106.3387607065911
2022-07-29,145.57977757862466,159.47397342319576,422.7225147520017,284.029665185764,227.8521166602672,106.3485217097898
2022-08-01,144.26812347255043,158.66767981121535,422.256865055961,286.3385021521922,227.1773735281725,106.35886058489467
2022-08-02,143.6346527975071,164.0067675289559,420.25740414785986,284.66709423271004,225.6786624859039,106.36920046511308
2022-08-03,147.6320201762247,163.56641063576427,433.5701333151662,288.34814157460295,229.2126599089677,106.3793765483895
2022-08-04,148.16777662552434,162.49999014556604,434.9116240960348,288.0194729144548,229.05779090530083,106.3894299496755
2022-08-05,147.76877505589144,162.42397357179024,431.58126260126363,285.48136699505926,228.6706362012617,106.39977280175322
2022-08-08,148.73883761629304,166.53395135856937,436.0132049833459,291.1889839453045,228.4052151576123,106.41048733654861
2022-08-09,145.6394667895536,162.7729719944626,428.49371592462234,288.6991190858947,227.4982219354014,106.4212441208093
2022-08-10,150.8230081459767,167.98521507693607,439.62509877021273,297.16148206308134,232.27649512108334,106.43191963911798
2022-08-11,152.34080102765503,169.29247818213588,440.8200663599884,302.6734449599381,232.27649512108334,106.44243145714313
2022-08-12,153.89122776476947,172.34037296150038,446.50663059801053,308.8333526158015,236.20877545320948,106.45298551624253
2022-08-15,153.95443345211254,173.05928336401098,450.17514639517907,307.3902765363723,237.18211058248676,106.4639524713069
2022-08-16,153.7604586613756,172.11909611470713,453.15891917636935,309.1791128328831,237.64669978835934,106.47483820980713
2022-08-17,150.06753309647402,166.99106629895024,441.3472874105929,309.5183200746787,235.95987756837857,106.4856426905468
2022-08-18,150.63958968121176,166.50960078280997,439.37164115335014,311.33261616779646,236.64569549011242,106.49653064683108
2022-08-19,148.05114537621597,162.45983308495437,431.444278982173,305.679192942544,233.46561059704243,106.50754326778589
2022-08-22,144.28169636672172,156.90938420131707,421.8190191965649,299.62199833400854,228.60427648906736,106.51896864847032
2022-08-23,146.73497410032232,156.68198498524112,423.60110908289056,299.85890836383925,228.05119579685024,106.53027179718252
2022-08-24,146.66203639963953,159.61333097658846,422.9702694539057,302.5286381442707,228.7812772668844,106.54165846311186
2022-08-25,150.3129763047301,163.5573347735732,428.4692287563558,310.0896882641821,232.01110968769007,106.55325209278627
2022-08-26,143.82792244360806,155.16123198089628,411.33104202181835,297.9730915146459,224.157730643845,106.564846984054
2022-08-29,144.41253489240398,154.25948895039258,412.39629898563857,294.8454016299952,222.67556056552294,106.57689552744912
2022-08-30,140.45519656975927,152.47264967660664,401.9198220978355,293.35663576111847,220.23104112192246,106.58890432195275
2022-08-31,138.78697453758312,150.4838191847586,396.17981260023197,290.25797021518554,218.5552936915808,106.60087334982542
2022-09-01,137.77458554376722,151.47188612627855,390.66359848148676,293.14055252573826,219.24111161331464,106.61288484608481
2022-09-02,139.41147347049943,149.3316684908697,393.28751703833586,290.5988147580781,216.92932939923094,106.62477429681736
2022-09-06,138.06835015949935,145.03507966503722,389.46123113033883,288.0101829953946,216.1107920531084,106.63711741157499
2022-09-07,139.745625316631,149.0457926510076,395.8982730048905,292.889257169457,219.99327144211475,106.64954415628897
2022-09-08,141.13888756282066,151.81565472812525,404.6324070882436,294.4954301340654,221.4311957772646,106.66193124578213
2022-09-09,144.43136467426302,155.6125988977143,414.74428884198215,301.8785438188987,224.8711643191644,106.67436088212699
2022-09-12,143.65838311602326,158.969214940665,420.4715128842825,303.0776883372605,227.28803239892318,106.68724394669397
2022-09-13,137.17734523957606,149.90921563024054,403.214550073157,288.0214657429754,217.40492217423048,106.7005390907637
2022-09-14,139.43282462076147,152.63594972005447,411.1293429923462,286.98240360460414,218.23453430999206,106.71363065382207
2022-09-15,135.80754226591367,153.56383670109327,406.9111421504853,285.50972111297426,215.75689732824262,106.72664169018722
2022-09-16,134.92735415667937,151.11050535086812,400.7296047723975,277.3431305438637,214.11090226685099,106.73957215408105
2022-09-19,134.25112138610837,150.92263178362387,400.96382259272104,282.08399149470995,215.77128387169662,106.75328414789608
2022-09-20,130.8811465729307,146.44122387679906,398.01476589718703,274.7274709312339,213.29451934122096,106.76687483032279
2022-09-21,128.1913947130934,143.2403119262348,385.2166331556183,271.00905754828466,209.57387076094398,106.78026201624685
2022-09-22,126.22037448351276,139.8851578753603,373.1757139216116,268.619630577662,207.81347775191384,106.79356875203634
2022-09-23,123.02601068660428,137.6112934282609,357.3734854327313,264.3493171875444,204.3316137437427,106.80658953483686
2022-09-26,118.93653221092106,134.64156874063644,346.52217114247037,257.1831064997399,202.31021536281642,106.82035117470376
2022-09-27,120.62181181819021,134.9663170073022,351.34418326300386,257.8686074838006,201.7937954292278,106.83395039538453
2022-09-28,123.92514413147734,139.38797038279603,360.13367684910537,264.0930910296003,205.76433898150572,106.8476745132304
2022-09-29,121.89456553524445,136.70405696208442,350.68249328039525,256.60366931853457,201.46612765796067,106.86127721242536
2022-09-30,119.95033635116863,136.0523192642774,346.3926495535919,253.3673510299438,198.35078221043366,106.87471732475228
2022-10-03,125.37613093072717,140.43969068316284,360.91085324299445,261.23890271991024,203.5874306123032,106.88865195517897
2022-10-04,131.6351414507661,149.55411545691666,378.6412475224604,268.68225586006025,209.89596552713553,106.90250629338237
2022-10-05,132.17867741448873,147.9113259188493,382.1628645903829,264.6490807462459,209.40726817790062,106.91640348914166
2022-10-06,131.34499010508537,144.1842447222301,382.1259020473582,259.5077926589675,207.24704321366892,106.93026142435123
2022-10-07,126.81563409589099,138.1150472936472,368.9236595601716,254.2615376135008,201.46612765796067,106.94408007930176
2022-10-10,124.48965292928891,134.57270615598193,360.330578985638,254.29565757915026,199.92787142632162,106.95790052004445
2022-10-11,122.66697022557767,134.97528592840402,355.2016555030653,254.33855294949927,198.66173096647393,106.9726257485632
2022-10-12,123.72272419151,136.49997326241223,359.5060485533069,249.48934856623086,198.00643103419574,106.9874760097783
2022-10-13,128.42429642670876,137.42697441817668,372.16478502070424,256.89411258440305,203.23207586693837,107.00265621910393
2022-10-14,124.79520070411988,132.43466484176503,360.405632971762,253.2973391871997,198.60067718243465,107.01787955622044
2022-10-17,127.8720093813052,137.14973084264636,369.6051788684736,254.24012152200052,203.70414322658655,107.03380111280188
2022-10-18,127.8174171314426,139.78876412361686,371.7567444483472,258.33130129858944,206.0975619527204,107.05001136111308
2022-10-19,128.4934211637513,132.22908049086055,377.6111038097508,257.1653127235136,204.63702510496344,107.06630584812677
2022-10-20,128.89276591391896,131.9151646169163,377.94597584349754,259.4450573887889,202.92109150064198,107.08260281538597
2022-10-21,133.22726069255273,135.6400939770453,392.32779891406483,266.77224467339545,207.85236415154694,107.09886136094745
2022-10-24,133.71666977817796,138.1881072473068,397.86125994849357,269.86188249141384,210.39573766600944,107.11553128402339
2022-10-25,136.03494578591025,143.48785340638454,407.5983869406713,274.8342181495553,213.75547630097395,107.13208115113272
2022-10-26,135.70040721533346,143.1503354996709,413.4958622574834,273.9110399310931,212.14503808027249,107.1485108704283
2022-10-27,136.10902660231528,143.03467836821414,414.3561450228964,275.23049199506164,211.01213339352657,107.16498402118533
2022-10-28,139.05064961868524,148.1910064564452,422.19648459910104,280.402030003648,216.03227143846473,107.1816233377411
2022-10-31,137.98627986487355,146.08289131176278,419.19261755624535,277.81328712706033,214.47183001729147,107.19855148958942
2022-11-01,139.38445530507568,145.94830922950277,424.9438964291429,282.2511183877877,213.53332171845483,107.21548231505207
2022-11-02,135.09191951056854,139.52682611231137,409.70320769309143,276.6319700234363,208.1744945279945,107.23233402208643
2022-11-03,133.60784833287653,140.85421912130946,415.0480846861557,273.91475695894144,206.03091735847752,107.24927018312641
2022-11-04,140.20774966087131,144.4106144640958,436.56574593738833,279.6983257093715,208.9963258228039,107.26604536689652
2022-11-07,142.27853677897167,146.51382777703375,442.6296034787108,281.5078684726425,210.9955212090679,107.28323225142722
2022-11-08,142.82053562007525,149.58205922277574,446.65400529505115,285.3333529566544,212.1339276803773,107.30034009258661
2022-11-09,138.5056226381536,143.36940936229547,431.67930823546135,277.14261402023226,207.76351656264168,107.31749156889833
2022-11-10,150.82600445910896,156.8707699521882,463.35985091840587,294.99764314288433,219.18101930618934,107.33456395567761
2022-11-11,158.08791077592016,164.1801232711887,477.0012967498505,300.94750496443766,221.30234006565996,107.35163905838311
2022-11-14,157.53900453541812,162.60292306832557,475.0374793791593,299.30579006449767,219.41975046291108,107.36900330899053
2022-11-15,158.38565294098223,166.31073907875066,484.82576599737854,299.0950051054612,221.29124747089284,107.38628853703636
2022-11-16,153.4927929095679,158.74842317747476,469.8567739408925,292.27837482990986,219.6030364509252,107.40357654781373
2022-11-17,153.25959769820642,156.08996242644213,467.49305919172053,292.47887157548445,218.93108872393228,107.42082640709904
2022-11-18,153.92059462129538,155.1534436545786,465.5704934901093,294.9331919664788,219.92511341198866,107.43816091542384
2022-11-21,152.3422926666342,154.5416766937186,461.8649242740788,294.46421469610914,219.1254316964575,107.45582563161796
2022-11-22,154.93355705306598,159.19756023258319,476.6302729406668,297.0859178771688,222.07419236606918,107.47341140956901
2022-11-23,156.50606210879803,161.97982208919217,476.00533939674943,299.2172837491615,223.47362201440274,107.49100006553607
2022-11-25,156.5451006376998,161.44489516431935,477.60286959352277,299.74670194474487,223.42364302000254,107.50863253665729
2022-11-28,152.76595288964566,157.32197473596224,465.57842033557284,294.6375691839844,219.85848662287376,107.5265953064124
2022-11-29,153.4791872267045,158.865455139638,468.94956283140715,299.7514130999662,219.4808754674625,107.54443830888962
2022-11-30,159.24123643154755,166.00587328120235,483.9607892004199,302.4855482832763,226.39462448940458,107.5622842722412
2022-12-01,158.02790273569428,167.27775435230052,478.9838361160656,300.75434770021485,226.2280575166173,107.57992843658991
2022-12-02,157.26499677499586,166.52256560189034,479.981994314758,300.95470117847407,225.96705214472115,107.59757549522948
2022-12-05,154.1747838843388,160.63527584084756,470.31915874713377,291.5766230168027,221.9021058035904,107.61543027618515
2022-12-06,151.90277026245022,154.53911930058982,461.0673909350122,286.5483982616215,218.7033611363375,107.6332880199697
2022-12-07,152.16148253494748,152.9184793889939,462.75350426516746,282.16771338775396,218.33135859625793,107.65086184591058
2022-12-08,155.02236421530313,155.59618346176237,468.1296202542416,280.6685166610647,220.04173700063183,107.66831551329633
2022-12-09,154.80955514460618,154.8883337403094,462.37535229015293,279.01389250748883,218.39794977511679,107.68585404631641
2022-12-12,157.86990625403735,154.80289786458619,467.5480642403298,285.15018414178496,221.54669764284142,107.70380544707406
2022-12-13,159.6247142505777,156.51489156413348,483.30379047413675,286.54187880153233,223.22372704240175,107.72163685774709
2022-12-14,158.0609964123207,155.236136747184,478.8860272577281,286.00760187687285,221.79657480971437,107.73934818235323
2022-12-15,156.02705887188017,149.0565285258773,470.49502187836265,284.9417778812743,216.37104960962702,107.75702139168504
2022-12-16,152.4609463114088,146.11490263670004,462.11819027035085,281.3356281263126,213.81653008501326,107.77461542019317
2022-12-19,150.41282891475763,141.459453085662,457.016000835588,279.65924322548096,212.00345170212128,107.79254060037383
2022-12-20,151.23036619318623,141.56472630340068,460.8968179443004,280.68133078812,212.2935862634862,107.81034566619562
2022-12-21,153.65838276322756,144.5293118690176,472.65237886269307,284.8660274719554,215.46786668481604,107.82803052172186
2022-12-22,148.9806236972105,140.83654979140277,461.131956756642,283.6261716855329,212.39395377023143,107.8458003964837
2022-12-23,152.26310489284378,142.00815618193198,466.13553162431845,285.8284070928077,213.61570604588258,107.86353213575119
2022-12-27,152.3811606067063,139.1996631203878,458.53973384278197,287.8603073609892,212.77330982819032,107.88175937988704
2022-12-28,147.52978036950967,139.34402307272177,450.77113738955615,281.17710733624557,210.1289634326293,107.8999897041411
2022-12-29,151.46264116554713,146.51432734305666,458.4144362301772,287.9716576161488,213.91136019693894,107.91818206760054
2022-12-30,152.1431237655779,147.06676237977945,459.8692848997618,287.86203322412155,213.3479347253323,107.93621326575767
2023-01-03,148.94637777837286,144.87428167921135,452.98252882528953,285.99021096985035,212.44975504149974,107.95465800915777
2023-01-04,153.88311970265602,152.57997733430406,457.3478600742749,290.9274868818415,214.08992782602323,107.97314694322175
2023-01-05,156.81646054537964,153.09102146026424,460.7607875088129,287.7458750599777,211.64640546959288,107.99204928609736
2023-01-06,162.57795110022332,157.6690249322729,476.4914524373435,295.119759466853,216.4999231263597,108.0109549381158
2023-01-09,163.2250174788099,162.3443757237685,477.18928827176853,294.58864125492016,216.37719237879983,108.03002794473035
2023-01-10,164.32894486351242,166.64876770625392,476.7601567340549,295.9514113158523,217.8945988055074,108.04918633280842
2023-01-11,165.84308402426726,169.7216197001568,480.4260410202455,298.99817542311155,220.65051213334903,108.06834811849585
2023-01-12,167.04701960820267,172.39770895832777,487.6402136053797,299.4778460841457,221.45384390012782,108.08722608499924
2023-01-13,165.71365913213648,173.15508870446945,491.90779476087386,298.82723753902394,222.31295913304697,108.10614839916506
2023-01-17,165.06579704839262,176.3043261265539,491.244342949754,296.56685213189905,221.90572024458191,108.12527925300851
2023-01-18,163.92588399549345,171.9636818924621,487.90299346245587,293.22965361599586,218.40225861610176,108.14433139870873
2023-01-19,163.06769095351976,168.73479773570608,489.44410165704664,292.31670337983337,216.81233190289905,108.16342795747236
2023-01-20,164.68470224542244,174.0613680986866,498.05544485425224,294.23618834838726,220.85135397760774,108.18261000313215
2023-01-23,166.76244079916222,181.88359520307836,507.92509369418343,295.76572895292975,223.5012377679883,108.20183650938581
2023-01-24,165.92085435650083,179.32154953844167,500.12683760246125,297.72057672393504,223.26138488820027,108.22102536654012
2023-01-25,167.12704428184904,180.19902651918702,500.62645824515187,298.2937284518301,223.3450511848467,108.24017654942597
2023-01-26,169.18975876413677,183.81288446485843,512.1035643450775,299.40469533059394,225.79968394117222,108.25929003290983
2023-01-27,168.35425852079854,189.2904172030275,511.6104524705534,298.8641719817727,226.3184719567898,108.27848907905435
2023-01-30,166.54172400955613,185.6286417174655,501.07072528533456,298.4570663576967,223.4789279425578,108.29777371646134
2023-01-31,167.954592029178,191.32920071248455,503.407345748933,301.66393983767006,226.7648465166804,108.31702068992183
2023-02-01,167.63492451221734,194.90431560619427,507.51680967807084,299.8097917475491,229.1748418170169,108.33610662129935
2023-02-02,169.09710689050766,201.01375269033682,516.2340430104906,298.94811286107927,232.51091743682005,108.35515478298444
2023-02-03,167.44155769798618,193.91762875184395,505.96518044858016,295.67174447763756,230.03954786013966,108.37437083008805
2023-02-06,164.04072245396185,189.41414588081622,496.0204863044039,295.4321267642833,228.63369056058468,108.39367254424607
2023-02-07,166.62149936076102,191.62691979645317,502.90057746683124,296.5039443466845,231.6238837631387,108.41297769608191
2023-02-08,164.09185669208838,182.77092883255756,494.75816842176914,296.22413137376805,229.09117552037043,108.4322862862078
2023-02-09,160.2680646465477,178.52302463854573,490.88356563834986,293.8951166999062,227.10510251346977,108.45180400462179
2023-02-10,163.49585069874428,177.80588644465897,499.10099328959376,297.0836219745425,227.63508995462277,108.47140749935816
2023-02-13,165.33732579044286,183.91217889854116,499.98496293569684,300.84638253865006,230.30728357043384,108.49109679993693
2023-02-14,168.23737720739916,184.18785174414847,501.3993804064441,302.210616988947,230.20132525348492,108.51074853775074
2023-02-15,167.27435269925132,192.39546524642614,500.07166800223854,303.5810515541425,230.94887355412345,108.53036268716323
2023-02-16,163.9853675048923,185.75426838431756,497.67318220395964,298.7611177467224,227.76896671233385,108.55014498046354
2023-02-17,161.3977026289595,184.71074808428045,493.7214752698547,295.1820660271503,227.19995043052356,108.56993087956705
2023-02-21,157.36438030023044,177.63154327971725,480.53088944124306,284.2515696832378,222.64208692481313,108.5898026908809
2023-02-22,157.01984457443876,180.56290004008707,482.7079018835983,283.1459580737015,222.33526895847749,108.60963698092979
2023-02-23,158.32701936681437,182.29520492710552,484.314873966286,284.13936015416823,223.51797458834318,108.62947489377798
2023-02-24,158.8371783220479,176.61768712199756,486.36696261007245,281.48310869330635,221.1302535031812,108.6493576035736
2023-02-27,158.72371619130575,178.3810040343577,481.9786542555479,282.4752767988877,221.8833926140234,108.66932630284433
2023-02-28,158.0475768083356,177.75889073741203,480.59375784972565,279.41016505392537,221.06334183201767,108.68921630673763
2023-03-01,158.9355964235594,177.17687957249572,479.71281961281437,281.08106677969124,220.2153726092498,108.70915114335732
2023-03-02,160.46106550599853,178.18638910510245,483.131776686497,285.97994038499604,221.92803007001243,108.72913083210132
2023-03-03,163.49981755145356,183.30500424747646,488.5359412325549,290.0859052023572,225.4872751646329,108.74911419291855
2023-03-06,162.18727465527644,181.3606912582102,482.3070470313917,290.3108977433578,225.64349735803057,108.76918363671439
2023-03-07,159.92523735617817,176.47487551991782,474.76906080549946,284.8092537721565,222.18467318553948,108.78970984422465
2023-03-08,159.85548846770666,175.5471555577199,478.7525115490029,282.64490919220526,222.5472568128874,108.81032226451887
2023-03-09,156.0018442393669,168.71746505755735,474.58876965116343,276.8072057131707,218.4413230670152,108.83085623544135
2023-03-10,153.3518068257488,162.890130004135,464.4216450488036,271.7189570420523,215.28929905573176,108.85122929373985
2023-03-13,151.47503781134665,159.43077499878248,448.97859132940994,267.25036215561755,214.9824988945241,108.87107007276865
2023-03-14,153.97892820661568,158.8576627150318,454.77268153474074,268.45404451854426,218.53617098406897,108.890955737244
2023-03-15,153.01589633428716,154.81343508626108,439.4633385302391,263.846003284341,217.1693781354274,108.91034945631185
2023-03-16,155.7005904310829,157.83291543144716,450.8064808305585,267.9022985560277,220.97965773024325,108.9296639634012
2023-03-17,153.8800331483909,154.65023830923587,447.68804304389374,258.8181567563146,218.39581315975232,108.94811279621544
2023-03-20,155.35968286896193,154.63176325729765,452.5399245444046,262.0283310666792,220.49582118096248,108.96776468473026
2023-03-21,157.39960828410582,164.3904387514473,465.0040665411056,276.2091825626783,223.39100622031052,108.98729611854179
2023-03-22,154.7165199931521,157.11549038753833,449.6372428161525,260.246041508466,219.58300568188344,109.00687239768071
2023-03-23,155.13479477892804,153.8296733693884,446.6843624407979,253.61128672449001,220.17664645576906,109.02620402245489
2023-03-24,156.15280041063002,155.25262156437512,446.8757363288463,257.20009692436213,221.62146137546927,109.04553907556075
2023-03-27,156.44476853064333,158.16441279725532,452.11748898210817,267.4255740948672,222.0358401202772,109.06562190854281
2023-03-28,156.0935737748468,158.2616540687921,453.4894628044136,268.7117205771599,221.53740336600603,109.08525362682494
2023-03-29,158.36236415855524,163.31445663469134,463.69733975753434,271.77740815859033,224.75740735613522,109.10488887879953
2023-03-30,159.2896166694659,161.71491412008214,466.68042496876876,272.31936290551465,226.07341997961493,109.12518929266095
2023-03-31,161.53475905307872,162.71686558607905,475.3623569653187,274.59547600841654,229.25986130339413,109.14499726512328
2023-04-03,162.15029705026228,159.6789966138645,475.52935820815924,276.3263956527557,230.13346991053547,109.16518111761093
2023-04-04,161.2506694179779,154.669814447207,472.8959760637609,274.1431504943175,228.85666417899353,109.18524462024592
2023-04-05,160.8284553897457,153.86646547831012,472.55416585575847,279.17608232599724,228.25743259490423,109.20522905388948
2023-04-06,161.4558487503724,155.67855893148888,473.55608655120903,279.68477678327406,229.14786704804064,109.2254240448587
2023-04-10,161.6215729314138,157.40528275516817,480.97714550101983,280.6036659385685,229.38307278941102,109.24632562386329
2023-04-11,161.66495477986504,159.01130842576293,488.2491698588796,283.8672161925958,229.44464292216335,109.26702455929187
2023-04-12,161.00602238887208,156.84492294666347,476.9496046196467,280.9741728507495,228.50944637714164,109.28764471607838
2023-04-13,163.14462959115235,160.33159150955436,481.927689295117,284.0923642298161,231.54468655362962,109.30859953427237
2023-04-14,162.7461011990902,159.90293870279936,478.72924948888266,280.446680852761,230.97907105127442,109.32968236816333
2023-04-17,166.9281980279768,165.45306866305825,488.4609875075506,285.4237119559809,231.8078641511463,109.35109982051799
2023-04-18,166.0114779721684,164.34610272332915,486.52091019083036,283.01599259229926,231.95911871382165,109.37243883780071
2023-04-19,166.9878231963758,167.31981127230398,490.13568107042767,285.18415784161823,231.9198762116278,109.39365801958871
2023-04-20,163.26712725742033,162.81306259429522,483.5770516880642,281.5690508126959,230.65428771074926,109.4147158982423
2023-04-21,161.82793573510904,160.23119093577245,477.61726601058814,275.8588660806849,230.8334963244429,109.43581919926655
2023-04-24,161.94696152574653,158.55396992066608,476.03361263458953,275.81486730219285,231.0742928760169,109.4571747488776
2023-04-25,158.7733383111188,153.5618600059987,462.1306244497018,271.39035513780294,227.40624064396164,109.47824485426906
2023-04-26,158.2157894062792,154.33691939361938,460.0449095659174,269.47114423106734,226.44305443766552,109.49944318227574
2023-04-27,162.51348907912433,158.0209863612574,474.17790720658604,274.45168148430247,230.95108139000007,109.52076977032776
2023-04-28,166.54443981599,163.6167290666093,485.46196512853203,278.6276850920275,232.92228711498967,109.54176928793072
2023-05-01,164.32135987105764,159.0471733540354,482.2012790990532,275.8612292569826,232.68711698387543,109.56339379015508
2023-05-02,158.63541991162987,151.2993931660525,462.9207813373475,264.54241305465524,230.07188197265504,109.58493980150814
2023-05-03,157.51425846710353,150.31203784031695,455.1584405241114,260.02024063090266,228.4926739465307,109.60653143992441
2023-05-04,152.93580492078874,143.26434898126809,442.3239571320223,249.90367428522015,226.87427683359655,109.62816872676333
2023-05-05,158.13808016404158,153.09519385366806,462.0823133864143,261.01803611831724,231.0742928760169,109.6498102849917
2023-05-08,155.01897836106008,154.1730169647805,450.59995497885,260.8006463370672,231.13588081389733,109.67166310932184
2023-05-09,154.63368671742595,152.0512470064333,449.7173778120396,259.9585771661915,230.12228829012815,109.69343748656391
2023-05-10,151.16982284572794,150.36196292712097,440.5480651906241,256.2534973288334,231.19748655690574,109.71500907144902
2023-05-11,148.40725075148555,148.9089685371255,430.833436688387,252.99814787808307,230.79428943250514,109.73641910279386
2023-05-12,146.70372508409653,150.13992461571482,430.35769415102965,251.54431927389237,230.49185152766665,109.75799914015892
2023-05-15,147.36733542813766,151.25490374762055,443.2885651278549,258.60370271249946,231.28711757144464,109.77950049885865
2023-05-16,146.38249777495216,150.2440859567795,432.89229334653703,253.5667297146545,229.74145440654218,109.80104754094286
2023-05-17,148.15944848677972,152.06791284555976,455.9992077069979,268.7162033350945,232.53030722125249,109.82272322695943
2023-05-18,149.586697313347,153.5328126706069,460.3683999760612,270.3422770574824,234.77031696421852,109.84456905603378
2023-05-19,149.36901427119375,153.30938712319693,456.6116525339211,268.1905090738777,234.42867216744227,109.8663362899779
2023-05-22,149.42968598838345,154.33422310315441,470.2416963800633,275.36583659167854,234.5238939921848,109.88860534448177
2023-05-23,147.75265982498647,154.71460136366125,473.4900185354745,277.65852180548063,231.89186874522542,109.9106301794742
2023-05-24,146.68224873074604,152.2705949149062,464.42939811901005,271.6313070847536,230.21190149953895,109.93278383810566
2023-05-25,147.95248623234977,151.4483842992655,462.5500154428694,272.4383067061214,232.2054882704713,109.95494196204311
2023-05-26,149.86856894485314,153.91999892309352,465.04625538193886,273.9331697174471,235.21270317542883,109.9768971002313
2023-05-30,149.9256330318883,154.93630076244935,467.36004467164213,275.1831999543796,235.30226296945557,109.99935444144982
2023-05-31,149.09428983150318,151.1758148874613,450.66114750948833,265.71638690212467,233.99750318689536,110.02173342093523
2023-06-01,150.51081787034715,153.1580434463578,458.31806905694197,268.77886948850966,236.22068708386635,110.04403397323266
2023-06-02,152.6873873626546,158.68998133018675,478.8174442304082,280.44741555385315,239.63672553368426,110.06629754132175
2023-06-05,152.39481763292298,157.80003107604307,477.96898991291397,281.81633546374064,239.17754908673493,110.08844105182366
2023-06-06,152.7266401938955,163.2523142132839,488.7768164735688,287.644733251814,239.69833127669267,110.11050593963562
2023-06-07,152.19855347671853,167.69282539634335,502.687528968162,292.6202558192461,238.86952037169272,110.13249213989856
2023-06-08,153.11914581680657,166.1630062293709,503.39355007510426,290.1926444874535,240.31435309652096,110.15431642981895
2023-06-09,153.393892945995,163.5994849688569,500.78934544398834,288.83967510707436,240.74555768732395,110.17610345133444
2023-06-12,154.78545119248025,166.0865525498692,496.9167679006772,288.23809084362665,242.92955249748528,110.19801957445863
2023-06-13,155.80594539150104,167.765212190393,502.36570184150315,288.39968548045306,244.5311771798084,110.2198152398601
2023-06-14,155.99146607048436,164.9129743340011,493.66649649032576,287.8747569867198,244.82234443859943,110.2415735942788
2023-06-15,157.92540541777765,167.99308826848875,496.6336787604411,293.7845909725144,247.8575846150874,110.26321133005709
2023-06-16,157.38748280329264,166.19157053642215,496.17100280387575,293.68798903359317,247.0133366640793,110.2849366090413
2023-06-20,156.57089912124408,161.10552061094975,488.3564491272889,290.20759499492095,245.73174135309537,110.30687438115113
2023-06-21,155.76868923606895,160.33888530101217,488.64679483442484,291.4635357361973,244.47270513933447,110.3288581560614
2023-06-22,156.33096902647134,157.5122875129543,481.09566097474567,288.16912690006836,245.35518070023826,110.35084631226127
2023-06-23,155.1491071189042,154.79105089466998,472.9905713771929,284.35329380250096,243.50029587671517,110.37283885062388
2023-06-26,154.51521927335946,156.289957518278,476.0937723210145,285.39384843185985,242.50543434764103,110.39521056926957
2023-06-27,156.20922852588,159.50183925474943,483.04152348177973,286.8634722293636,245.16411387127195,110.41737859903137
2023-06-28,156.28800646233572,158.9344477053923,480.88244391881915,285.26282020649643,245.2877526803617,110.4395094153823
2023-06-29,156.90398094934596,159.68100145052415,484.7718800711104,285.92852978810777,246.25449991226526,110.461728009913
2023-06-30,158.7555801090247,159.09826047095385,489.0749281959627,289.22496078742523,249.1605104694598,110.48382602959234
2023-07-03,158.93821922178398,160.3100636923343,502.81021151758415,292.1621505470804,249.4471552257294,110.50609522195492
2023-07-05,158.7018400334212,159.76858492052202,498.53856324698614,294.0548871669703,249.07616757794796,110.5283689029105
2023-07-06,157.45911354793284,157.16987651744788,496.8979444393361,292.34965910310507,247.12575824250567,110.55073045926208
2023-07-07,157.06158220125303,158.82190895215172,508.3369089757598,290.46641382667735,246.50184875095692,110.57305484028335
2023-07-10,157.45911354793284,160.3730951252285,509.4239100578683,289.22219620724985,247.12575824250567,110.59550884109449
2023-07-11,158.46190993864846,165.76439023589245,523.2310819884016,292.71196565180105,248.6996069250909,110.61796740162548
2023-07-12,159.73686685580023,165.86313861009052,524.3023578784669,295.29120197911527,250.70060062928664,110.64038880592781
2023-07-13,161.00467658113647,168.41021462446972,531.5123970695885,296.885783878058,252.690377102819,110.66281475487494
2023-07-14,160.90442303498742,164.51946651100178,520.4651667053811,296.0834081473447,252.53303318635497,110.68528698317557
2023-07-17,161.4630951952353,163.59523062816245,521.8088617041786,296.803275559407,253.40984671654297,110.7078055132098
2023-07-18,162.66285911658804,165.25849020164924,536.2078412406377,301.3149976778767,255.29282803210867,110.73028687775547
2023-07-19,163.02457509094774,168.86240835700974,551.2126785443046,308.02372007841143,255.86052673444425,110.75281456285904
2023-07-20,161.94297807427856,167.87761340794225,557.4917013502918,307.14192932547974,254.16300363251318,110.77534683114044
2023-07-21,161.94297807427856,168.61939265427532,551.2201305812442,306.2928972642385,254.16300363251318,110.79792545185249
2023-07-24,162.66646674674254,168.632807603436,561.6312650531364,307.2995988717029,255.29849006282453,110.8205504474996
2023-07-25,163.11053425346572,167.61172930308766,554.2666203967158,305.0253452066911,255.99543618958154,110.84318006318293
2023-07-26,163.13560614856468,168.5792078195126,568.1192297003519,305.9632705031457,256.03478552254353,110.86581429984585
2023-07-27,162.0540204766444,165.69304365981986,559.940513911047,309.36333865137016,254.33728022574053,110.88845315843204
2023-07-28,163.6405722674558,169.51069608682212,568.0802900521056,311.96010089124934,256.82730957660385,110.91109663988527
2023-07-31,163.95216714111544,171.6367920354019,575.3751498237596,312.0039009882514,257.3163452232714,110.93374474514948
2023-08-01,163.48300504979548,170.65312701361884,570.0618606588114,310.4046015766611,256.5800141532963,110.95635565108135
2023-08-02,161.20881399308692,163.98467332229208,559.6470132028663,308.12720701636516,253.01076257671897,110.9789711656476
2023-08-03,160.7468104383314,161.8416259334968,556.0590177722909,306.271207770922,252.28566654253527,111.00159128978753
2023-08-04,160.01979354895533,161.988601204408,552.7310861364997,303.3245676250033,251.1446427174044,111.02425787410769
2023-08-07,160.19881571422613,162.47927472542457,559.7211150701836,305.37956100405745,253.33677447107866,111.04697094120927
2023-08-08,159.14157440152866,161.82587527617912,561.4362674761466,303.07601581945937,252.23506436865378,111.06973051374895
2023-08-09,157.4234987449963,161.17623101682375,557.192365976482,302.0971377445754,250.5488297178982,111.0924110121351
2023-08-10,158.15739796069485,160.71988524299024,555.2087455083823,301.18165859114,250.63879902986977,111.11509614189114
2023-08-11,156.67250729524568,159.56348374732252,555.579616566773,300.63319745801374,250.49261892868503,111.13778590396281
2023-08-14,158.90505777697854,162.48177842047008,550.9170838747239,298.4088818970122,251.87536517204782,111.16052219634695
2023-08-15,157.17518398784662,159.2578096275509,541.7489364613855,295.0117577004331,248.9412759279387,111.18326314006536
2023-08-16,154.620182568488,156.2428282687628,542.4622218394256,294.84242877113627,247.11452320671424,111.20600873606959
2023-08-17,154.11100435539169,157.60271210101203,536.5752001645609,290.90906835216884,245.23152408602047,111.22875898531142
2023-08-18,154.26001954684193,157.4466631768937,536.4288774704858,291.7795870914256,245.34955427977854,111.2514719573965
2023-08-21,155.47618446805888,156.0817383015373,532.7901270491826,292.1940132877713,246.9458730339466,111.2742734433326
2023-08-22,155.49938189448255,154.48861452452024,531.1546629109273,292.08920430796667,246.2769877889761,111.29707960253505
2023-08-23,158.11142632284745,155.61841254632802,536.0964835583269,294.7737773902917,249.01997459386283,111.31989043596165
2023-08-24,154.16080199718442,153.14743435974472,529.5943732673461,290.8206953751785,245.56880662642766,111.34274790233297
2023-08-25,156.07816743104644,153.65429045554137,529.9569197021027,294.0542303741109,247.2999992254769,111.36573593738146
2023-08-28,157.1124485928455,154.2523107724799,532.0102884838082,296.43891715003946,248.8682036824744,111.3887287185833
2023-08-29,158.97140973551348,157.6981248953713,549.6194378330724,300.45278348788173,252.46555175109427,111.41168427511964
2023-08-30,158.3891490499003,159.20782769581507,545.924109950238,299.5993907932433,253.50540683871822,111.43460257803552
2023-08-31,156.7920961140155,154.73401702024887,547.8445853879089,296.3561449198998,253.13441919093677,111.45752559543546
2023-09-01,156.7282803618707,154.41889134613285,547.0673073486055,296.9984780503273,253.6065755762251,111.48036931298472
2023-09-05,155.60769600551353,151.21577974479356,546.9094386435465,291.5151801831935,252.51052750451603,111.50330174497977
2023-09-06,154.56159930596957,149.5206024965548,538.8934883675968,292.505490125281,250.81298659745696,111.52619687144767
2023-09-07,154.087070356296,145.70588889555415,530.1817702119927,293.5034780996633,250.04295042010756,111.54905466348158
2023-09-08,154.3191449450526,146.0715561378188,527.8655426053989,296.04979467421737,250.4195466832207,111.57195918445926
2023-09-11,155.33406941129044,144.83286677083808,534.3689704315033,294.0241073408765,252.06650322152635,111.5949104572467
2023-09-12,154.48195156166508,145.35149830877165,535.9982999033161,293.25105675788416,250.6837391730355,111.61786645130039
2023-09-13,154.66207242824484,144.05888974947928,525.413942289912,293.37338101014836,250.97602815489287,111.64078510149719
2023-09-14,155.99560981625064,146.48358943667148,534.1302603488034,297.0668465734982,253.1400100011404,111.663708457612
2023-09-15,154.11613591280002,145.292141296054,526.9835626259428,294.39482307540175,250.09011620427785,111.68667860398213
2023-09-18,154.20654745889024,142.29537223823596,517.1556839786858,293.36587610643375,250.23683045930375,111.709611383473
2023-09-19,153.88672758687107,143.0988275744839,517.3118746977946,292.87549987925166,249.71784658727776,111.73254887178304
2023-09-20,152.47197341923425,142.33403393467415,511.22814522216515,291.45173971099643,247.4220711832994,111.7555752845277
2023-09-21,149.9518722669943,138.14267088579678,499.74377552728794,284.9015786766397,243.33260718086157,111.77860644267277
2023-09-22,149.61471620045785,136.55797343985515,491.9018676545527,284.1036149094,242.7854912065369,111.80160022450666
2023-09-25,150.24388839413572,135.94116070305128,490.6347769092958,285.7596262062943,243.80647285844148,111.824725118464
2023-09-26,148.03659583018296,134.1558728376049,482.9397521723619,282.489076837394,240.2246152512139,111.84781266344326
2023-09-27,148.09568153111692,134.87175250388324,483.96689535104315,284.0093833884723,240.3204958656938,111.8709049751209
2023-09-28,148.95426205072374,136.2435436961306,492.06989055305655,286.4922567922083,241.71374713459846,111.89391774352463
2023-09-29,148.59275850593798,136.9532951557375,495.6535940918061,284.77590711490166,241.12712158115946,111.91693524584475
2023-10-02,148.533661832729,134.66813883618502,493.01632010257566,275.49357966169623,241.03122316155154,111.94008399554413
2023-10-03,146.5453758779948,131.10766972077857,484.9255507725251,277.2609244316717,237.80475590994484,111.96323753330005
2023-10-04,147.61251740100974,133.1766929866461,491.1741580402431,279.1766910669847,239.53644705257915,111.98635367581537
2023-10-05,147.55693185580427,131.53579503064964,487.30380403066374,276.3425874561133,239.4462462739431,112.00947459093334
2023-10-06,149.30883111770257,132.24299842963552,500.91347623080856,278.9794355372234,242.28911984711803,112.0326846790659
2023-10-09,150.2647247443815,132.4938792802679,499.6979643069018,280.68961669157795,243.84028479658397,112.05589957668616
2023-10-10,151.046817534887,133.69544095855997,507.24404609877246,283.47321306464096,245.10941651794192,112.07903485038283
2023-10-11,151.66553315047943,133.08039531199375,511.3365338997875,286.85846982898903,246.11342988282715,112.102174900632
2023-10-12,150.74092147985672,132.09994722431384,502.7356389175058,278.58199750096986,244.61302735339504,112.12536196505465
2023-10-13,149.99013258995748,130.01410677103328,499.1113645179374,281.5858030573433,243.39469366232697,112.1485538254588
2023-10-16,151.56823101568233,131.37849061698577,508.69797833726443,285.6717199903683,245.9555340073939,112.17170822872751
2023-10-17,151.56125264877537,131.67530102352683,510.37362290873364,287.54942820759965,245.94420994596234,112.19490967533105
2023-10-18,149.54169571025997,130.01106504957153,495.26216495743097,283.4657439928781,242.66699807944985,112.21807364931651
2023-10-19,148.22776577769872,129.02113699264433,487.7317823618938,280.64112329579524,240.53483399700463,112.24120012148019
2023-10-20,146.40634618133106,126.2729348833825,466.68920510917746,279.1160416741441,237.5791471325865,112.2642467616377
2023-10-23,146.15259037715282,127.52879781514055,468.009172809678,277.3482264097127,237.167367936472,112.28734044369311
2023-10-24,147.25447012285244,128.11585495172807,471.5705253332147,277.3933404971091,238.95543011447185,112.31039655790651
2023-10-25,145.14107828844337,125.78177633244351,459.75504554962737,276.0319185585961,235.52594879298593,112.33349973335588
2023-10-26,143.4030479821589,125.16653667117362,459.9560339787094,274.6511919552107,232.7055809016499,112.35660766131912
2023-10-27,142.75303943823522,121.66656360689849,455.97226772807414,272.0035566738643,231.65078731160284,112.37972034277384
2023-10-30,144.45978778846347,120.97998325004443,440.73842431462043,273.23915345048925,234.42039278290503,112.4028801279114
2023-10-31,145.36700840319384,121.32289531637862,447.7347282564815,275.1770598525067,235.89257418439828,112.42604468593544
2023-11-01,146.91732502859097,121.81826206720844,463.6996622906126,272.40281750226507,238.40833194527522,112.44912928048188
2023-11-02,149.7329205191508,124.4899834965936,474.7684141421428,276.5897096246743,242.9773058508808,112.47209145283408
2023-11-03,151.09896875801405,128.18873655511462,494.2600251911558,281.1726838612263,245.19404429150234,112.49501591000121
2023-11-06,151.44658140263596,125.79851280769493,485.1829254093636,277.3372068405288,245.7581285528464,112.5180298611312
2023-11-07,151.87758333734106,127.95470458361595,488.2515105083208,278.7438628832836,246.4575317872725,112.54100610301882
2023-11-08,151.9888422059521,126.52490012896442,486.652505906578,280.629002982813,246.63807578556893,112.56398703666733
2023-11-09,150.80349636424418,124.98301912597015,478.59657330541495,280.0798924753873,244.71456999859075,112.58693022431551
2023-11-10,153.1567531026676,127.48187043246458,489.0469095621506,280.77111927356873,248.5332892240961,112.60983563693917
2023-11-13,153.0107779559219,125.53777759261534,490.82397944370047,277.42582729749745,248.2964098006903,112.63283062561533
2023-11-14,155.97929404330932,132.95705712821515,522.326191455214,287.6128871386286,253.1135337757492,112.65574537651322
2023-11-15,156.30950465976386,135.97164429073536,527.5660666787328,292.0596904878491,253.64937910402637,112.67866478933612
2023-11-16,156.50070752410468,133.2663312105646,520.6353518693668,288.4804900993544,253.95965126520124,112.7015463750374
2023-11-17,156.69535568279892,134.54125611766662,525.327439108723,290.41762370450715,254.27551423657974,112.72443260728791
2023-11-20,157.90153787475265,136.08540744474402,534.0822795368811,289.29996304177524,256.2328319617004,112.74740849751646
2023-11-21,157.5573924690342,134.84929462428735,529.239953058345,288.0258715611976,255.67437412081614,112.77034655887702
2023-11-22,158.16569539564125,136.32058889977554,531.8390235115793,289.83473126122,256.66149041919414,112.79333180744867
2023-11-24,158.2630304472634,137.28413680654364,534.6708317017255,291.4091231481263,256.8194397100114,112.81636426614098
2023-11-27,158.32004182453448,135.74593759646876,529.9639945879685,290.1482117880331,256.3569158989912,112.8394014280737
2023-11-28,158.48481299898435,136.18152403964874,530.9324034090714,290.7556659796079,256.61074580428834,112.86240075165158
2023-11-29,160.80364581261694,139.6137199308424,536.7526606698932,293.15466362547943,256.4302730265041,112.88531964849935
2023-11-30,161.8936911008754,139.60386635304985,530.4939687629134,295.8900370309626,257.43993061697705,112.90824319947309
2023-12-01,164.09137215547935,146.04586308056798,550.2617067555196,301.8595655039094,258.96294565901627,112.93108624029531
2023-12-04,163.6089881469601,147.41267921087135,552.0555742452408,302.7060194854474,257.6034885231261,112.95406167024281
2023-12-05,162.49631651641567,144.20593348694,542.4189384974377,300.9680786453464,257.5527439082203,112.97699918061572
2023-12-06,163.07130517956983,145.38287752596256,540.7819360017961,302.23878646723045,256.5148473846804,112.9999413488945
2023-12-07,164.25479053726306,147.50466708160076,542.7970980852732,302.3524704478312,258.47214730467306,113.022845560847
2023-12-08,164.54221173417884,148.3775031744166,547.9961118243727,301.4807198616027,259.58340095572584,113.04575441530571
2023-12-11,169.9527130581394,149.76699400755774,549.3029286303432,305.4258581107573,260.59305854619885,113.06875317408769
2023-12-12,168.50364909376253,146.5059995348372,541.6863718190555,305.3948034509728,261.7832601349682,113.0917566118858
2023-12-13,172.97072646057933,151.55150439289642,568.3364363459002,311.3335863993562,265.3932854547505,113.11467943408023
2023-12-14,180.09998753414726,162.51503841344112,615.0870220292925,312.420873079295,266.24501155953425,113.13756424006681
2023-12-15,179.01931913130016,163.05587684845182,615.1521124691986,309.8818132053593,265.80666711238837,113.1604963471123
2023-12-18,178.47327236215887,161.18876588682377,612.779061708949,312.05954549874014,267.30179932392144,113.18351844973438
2023-12-19,180.93685233749935,164.38438520307665,634.8479539655566,316.29399607959857,268.9272472675583,113.20641718289227
2023-12-20,177.9072352732066,159.83692849355188,610.4668078638291,311.3173662461636,265.2006339693889,113.22936324589541
2023-12-21,179.94474196129093,162.5721470972438,627.0268264025668,315.54040110473954,267.7152700071995,113.25222854436421
2023-12-22,180.4678318602519,163.7167696970038,627.414261044352,317.2393537131835,268.2532519508411,113.27518389297514
2023-12-26,180.78075592323256,164.60142938084903,635.9444667784131,317.59580369103634,269.3859785863067,113.29818661343619
2023-12-27,179.99196798431836,164.32828144399778,631.054226642651,317.72385409602833,269.8730734740182,113.32115127739135
2023-12-28,180.5513870699306,166.99700593955788,633.3315527758489,318.8697254259832,269.9750078320307,113.34416333242028
2023-12-29,179.869608131165,165.95972451361956,622.271856213666,318.1967065244807,269.19345173684127,113.36696629506321
2024-01-02,181.20522681777123,163.44578259392202,622.7848217738706,311.2150164557909,267.68692424336444,113.38985938080114
2024-01-03,179.29322808390873,157.5759802308455,593.2892328457212,305.99485441231013,265.50081062296675,113.41284262611545
2024-01-04,178.87036993147441,157.72209835703174,588.7688542535595,304.83421618573146,264.64559471308775,113.4358305299554
2024-01-05,180.86831502262436,158.88558277026883,589.7518621402236,308.0008974009037,265.0080893147955,113.45882309326518
2024-01-08,182.45029911711686,161.0988017263355,597.6604973795944,309.63916849476976,268.7913229201229,113.48186310522331
2024-01-09,182.1735107419104,159.77400854428225,595.3346527696821,307.41531124074,268.38354987781673,113.5048649989792
2024-01-10,183.2037745543656,166.65208107471955,596.9765685687105,311.19746265008285,269.90136582246913,113.52782874539152
2024-01-11,183.12305367592688,164.7676943990012,586.4500777918145,310.12671740233515,269.7824453723092,113.55079713771613
2024-01-12,183.24990595023334,161.94217506132827,573.0951044487084,307.11034631791756,269.96932799618685,113.57372734586617
2024-01-16,182.57716347719642,160.99607634072717,575.7800068041132,304.22325950981104,268.97822334912854,113.59666218449404
2024-01-17,181.5622727681061,159.1012820129849,566.7472243978093,301.8443961257111,267.48305552733933,113.61968734713318
2024-01-18,183.17685953770396,161.20000634898017,567.4403325248206,297.3234787209169,269.8617138023305,113.64263146682661
2024-01-19,185.46035759027063,162.7277993970593,558.1395802237657,297.6304317061504,273.22583249879216,113.66558021980714
2024-01-22,185.85250466957913,162.4698069868819,563.5002791092345,299.2932689119536,273.8035554882126,113.68853360701034
2024-01-23,186.3945274209222,164.41768103317352,568.1420197712665,301.1187532519895,274.6020798704214,113.71144874233192
2024-01-24,186.5983056409185,163.01254223913867,558.8959349931922,301.05060550889374,274.9022921342553,113.7343684964432
2024-01-25,187.61318426423574,167.0238084520712,556.41640580528,300.54722838799825,276.39744215091645,113.75729287027515
2024-01-26,187.37482864744152,165.2212808864976,555.3186962319821,301.36214963954444,276.04628941576834,113.78022186475889
2024-01-29,188.85874403843783,169.24076964064363,565.4075467543151,302.06363960055035,278.2324386464221,113.80319840245375
2024-01-30,188.712639127606,169.1760745410585,558.5386666615536,305.7051625424676,278.0171924535814,113.82613664968662
2024-01-31,185.6333775177641,167.41864083715814,548.5715342640513,304.24228285309744,273.48073071177157,113.84912245931619
2024-02-01,188.06298048116258,168.7015485923437,551.983585664928,309.5157834022975,277.060095601074,113.8721129106516
2024-02-02,190.04278722763422,167.25932971040294,551.95663400055,308.10081405382175,279.97680704021883,113.89515095685638
2024-02-05,189.35079211807192,161.5688647250195,538.9284951740733,304.46837544640067,278.9573388241974,113.91815070308937
2024-02-06,189.90054976418978,162.70585404867953,552.9097654777623,307.35216975027186,279.76725848834997,113.94119806343404
2024-02-07,191.48440241283095,160.5689851542337,569.1412198986453,309.0286797783001,282.10063832274267,113.96425008660738
2024-02-08,191.5689665671109,161.09124405937345,575.8891008949593,310.4740381224957,282.22522080361847,113.98730677355276
2024-02-09,192.6761200679367,162.15215549311864,581.1527467800989,311.4999525567019,283.856312972843,114.01041111682119
2024-02-12,192.59154382788364,164.46513468955433,586.4219864600204,315.70989406934103,283.7317126868392,114.03347714283933
2024-02-13,189.938982522602,159.90429081629176,567.9992534322901,311.34886827931257,279.82387879550805,114.05663384943445
2024-02-14,191.66507263468762,160.67541224537013,578.8908050386456,313.7808597475156,282.3668071817696,114.07970922700866
2024-02-15,192.98751001148722,162.23318755972178,581.1501729970425,316.356784275718,284.31506209671943,114.10278927307984
2024-02-16,192.02644933572017,162.22389675496507,581.346694507429,312.8986080377384,282.89919831520757,114.12591702375553
2024-02-20,190.96925842083027,161.2167712001745,564.5662978232298,310.7764216866663,281.34171254528843,114.14904946224694
2024-02-21,191.14225417677758,161.22311189271855,563.3750780307149,310.8619681248949,281.5965751480118,114.17218658950429
2024-02-22,195.09803647965273,165.67804680025137,579.1050939998171,319.69117779633444,287.4243538007138,114.19537146373963
2024-02-23,195.23257530564166,163.0963704763038,584.146772837939,315.77904352911827,287.622560486023,114.21860410804283
2024-02-26,194.51755679835128,160.48132213871395,582.6445882222462,313.8852407220947,286.56917350109086,114.24184147894528
2024-02-27,194.87888515629152,167.89776562480972,588.3828999860939,315.74613860191147,287.10149341401666,114.26504049795528
2024-02-28,194.62134941761045,167.65468562649409,589.5863910362323,316.1212559612666,286.72208394067366,114.2882011356962
2024-02-29,195.321006907309,169.9684789276253,597.0706120505146,319.14275457333576,287.75284060787067,114.31140956893259
2024-03-01,197.15473291449499,172.61359122082558,613.0405434612422,323.12531751166495,290.4543414644308,114.33453649147815
2024-03-04,196.9432923143624,170.53710867325017,606.6688292746187,325.44786598050604,290.1428407494214,114.35771121551812
2024-03-05,194.9750153954144,170.5175898326401,586.8874239752223,323.94165237985624,287.24311540242394,114.38084750558524
2024-03-06,195.96297900206997,172.48535507317328,598.5978648187915,325.7258175835096,288.6986133989464,114.40403161650868
2024-03-07,197.90818418019757,174.48610344623538,610.0467372604378,327.85405127788516,291.56434875652104,114.42722042667165
2024-03-08,196.72032188670613,177.29506260403627,595.774612459882,328.53593554121244,289.8143539422646,114.45041393702664
2024-03-11,196.77971708947481,181.6834049418685,589.6741185718613,332.34734467847363,289.56517117538505,114.47361214852636
2024-03-12,198.60574784362092,180.85820742772512,602.6443671293388,332.7457621746767,292.6801071049672,114.49685823306069
2024-03-13,197.68054072762797,181.0971463493471,598.1011855537988,332.8200319042307,292.22132237083474,114.52010903816281
2024-03-14,197.42195483490957,175.9384192793234,589.0870296926737,329.9395589161428,291.6436884070544,114.54336456479133
2024-03-15,195.71889996858224,175.31228022613305,585.6699912392363,327.75220815281205,289.64109224133534,114.56662481390504
2024-03-18,197.01843910177737,174.45255018661433,593.0608533927166,330.2977817454836,291.3624564097081,114.58988978646292
2024-03-19,198.1133001569263,172.88132213059743,590.4264750959682,335.2078654090371,292.98160133801974,114.61311626863586
2024-03-20,199.94568173348304,176.58782719640564,603.2210831823253,340.3251133424462,295.6914349945013,114.63634745863666
2024-03-21,200.6064727662947,178.26672874486297,612.9076964834783,346.60872448993194,296.66865164169064,114.65962658972825
2024-03-22,200.22613626154796,177.58482536522104,613.9686587359706,345.6426819243083,296.106187646998,114.68286720701052
2024-03-25,201.44642280338118,178.58346156256061,611.6162919621571,349.00789916411776,295.28811323420445,114.7060692810397
2024-03-26,200.66889027145425,177.20621924932144,606.697216717718,346.4880058903231,294.7427421624274,114.72923278240638
2024-03-27,202.08883503894674,181.8675977810713,607.4382645155346,354.1325438942234,297.2196847441835,114.75240096136162
2024-03-28,201.7150259323164,180.80180507606346,608.3547868296951,355.16991003309585,297.1628863857451,114.77561710311821
2024-04-01,201.29996104706433,181.6080751144566,610.3512793135544,354.2512036597288,296.6458966880592,114.79883794185051
2024-04-02,200.0200805574261,176.80125521418668,600.940446583091,351.1557514418976,294.759799475087,114.82202017672462
2024-04-03,200.23977343898082,179.45766697599325,610.7967411487541,352.78384431154007,295.08355011818594,114.8452070929703
2024-04-04,197.79565237442472,176.12615550746412,587.912641544036,346.96278778299614,291.4817685726848,114.86835536815755
2024-04-05,199.86199544153422,178.31651379887174,601.7657680792772,350.9685459180119,294.52683717984934,114.89159496923982
2024-04-08,199.08590669361325,178.63693240145835,597.0114947173494,353.7923323835147,294.69160583470483,114.91483927204398
2024-04-09,198.65674188393808,178.84355664357957,590.1857130758752,350.15360667847585,295.03246720584747,114.93808827752123
2024-04-10,197.0156619788366,177.05277723466472,584.3212356594934,342.04124226571963,292.07827597218443,114.9614286829314
2024-04-11,199.0712584852354,178.38899194544038,599.6422345130671,323.568725149387,294.2825864334361,114.98477382806306
2024-04-12,195.65157902591508,175.9266729564723,577.9388069411729,319.0155937566169,290.22057793843146,115.00812371387865
2024-04-15,191.09373719422194,173.60568369590246,564.5662691107725,313.53398221730197,286.58462835222707,115.03147834134091
2024-04-16,196.9172556418856,174.68997690290962,569.8250364251707,319.56702868259674,286.06194101356937,115.05483771141272
2024-04-17,195.4516231669133,175.70456341145297,559.6458313208846,321.5229653265925,284.3690116346719,115.0782018250571
2024-04-18,195.41981844236983,176.05962544830734,554.6172228584028,321.9183761897944,283.7838282966039,115.10157068323738
2024-04-19,183.8374731521141,177.24254994933762,517.8204633588313,312.99963662549425,281.3068679097198,115.12494428691706
2024-04-22,185.43954776977256,179.01707462116036,523.4703383172298,314.83328788526586,283.8974784288648,115.14819237501774
2024-04-23,193.6405490479083,182.96985333576487,541.6744887834958,319.85433834070574,287.2663688996404,115.17157544613507
2024-04-24,193.0780851199934,181.8803615031276,539.8211571636435,320.94785909995943,287.1299994240041,115.19500669568467
2024-04-25,197.39798469136983,185.92131423971904,541.3154428556593,319.49103990331264,286.039221670194,115.2184427122391
2024-04-26,202.72598330626906,192.03793158325058,558.1268052927305,323.8462128632326,288.7491621574438,115.24184004904828
2024-04-29,204.57480163178917,192.73285225448112,562.3737226746794,323.73018713351286,289.7717284657437,115.26524213713996
2024-04-30,200.3388735797761,188.60422153708512,550.4560191988883,315.7764481007239,285.1814062116216,115.288648977479
2024-05-01,196.35093988374248,186.81062895288466,535.3544516506563,316.4589551149339,284.255397112667,115.31210404522433
2024-05-02,199.50103549656393,192.24478385922924,545.9909379222108,319.1824878707022,286.91416566193817,115.3355204017816
2024-05-03,202.56672972131014,192.69750955589504,562.4722473151706,322.55701652063743,290.4705263258166,115.35894151348367
2024-05-06,207.55028226968903,197.4460194201557,576.140698708299,326.187156216349,293.4701562462303,115.3823673812962
2024-05-07,208.66760261176032,195.80546066272026,573.0800384168032,324.87978135174876,293.7939959149695,115.405798006185
2024-05-08,210.63564386295198,197.58102318628124,575.7758103577775,326.9987328127678,293.8223772890606,115.42923338911608
2024-05-09,211.36871024089544,197.64370393407398,577.0859154166193,331.31458153968566,295.5153066679581,115.45267353105567
2024-05-10,210.96327645353742,196.63463886918453,577.6794253741883,331.60404999233873,295.89601591564787,115.4761619690161
2024-05-13,211.08781146087318,197.7063490239843,576.319034241128,330.0715726829217,295.9357569614267,115.49961164071293
2024-05-14,212.0562657812236,201.9918694669403,594.7682508139128,331.2979951060585,297.29348699989737,115.52302251645209
2024-05-15,214.68222417801394,205.50312176220967,613.3365622589658,338.4292423641644,300.97496429849264,115.54648170409087
2024-05-16,214.2405109623325,204.3098633351919,607.4826046372365,337.3396154629963,300.3557019453616,115.56994565557213
2024-05-17,214.54849099339273,205.3661962207729,601.7901787649059,337.6676332595518,300.78747630026174,115.5934143718633
2024-05-20,214.79566243110384,207.19365299939145,605.4537914057539,337.20193431459404,301.1339997021202,115.61688785393193
2024-05-21,215.32249243722507,207.15762238440644,600.7799058021826,338.9777968332588,301.87259202335605,115.64036610274584
2024-05-22,214.7024683087154,203.52294917899422,597.8748347488456,337.5036997506054,301.0033456725838,115.66384911927298
2024-05-23,213.13424669076423,198.68370331011803,590.0893649777684,333.19003399023916,298.80476846256016,115.68738052015972
2024-05-24,214.54442692700349,201.98728538315774,604.7923196128642,335.47723088532734,300.7817786592899,115.71091670842671
2024-05-28,214.69436557635183,202.90595317566783,612.0932800594989,331.8406918020463,300.99198600089613,115.73445768504794
2024-05-29,213.1909912177241,201.00585424332385,603.5258400046283,327.8736363968521,298.88432177463,115.75800345099759
2024-05-30,211.77668341405825,203.02344033078987,599.8450210508475,325.1554536844774,296.90152491128816,115.78155400725001
2024-05-31,213.7055782238477,205.46566903767885,592.7896763665497,330.6016493143104,299.60574995243803,115.80506569471626
2024-06-03,210.94849410126065,204.47621812553126,595.1785753724348,326.7289847546327,299.8500719193634,115.82862582561567
2024-06-04,211.58610786463527,203.73240281010104,595.1772454190365,327.28630815379614,300.1853068700463,115.85214707192652
2024-06-05,219.21742515362993,207.19349750787552,615.4294758078081,337.86254824445274,303.7529559851003,115.87567309468211
2024-06-06,218.35392955463738,205.35998243727812,611.1126928176872,335.67941592948887,303.7473295646406,115.89920389485235
2024-06-07,217.14706231179588,204.86183590499618,606.9658338421254,333.9434550289028,303.3780868194068,115.9227831778355
2024-06-10,218.41301126672198,205.58080768232253,610.9542440926756,336.33017392692864,304.3153843695369,115.94632354462077
2024-06-11,217.79296929085191,204.3143240057242,610.2729370658986,336.7551145421605,305.048350270313,115.96986869173351
2024-06-12,219.31432054122274,206.0779359467624,617.1690730982551,343.85086346855064,307.55370983641626,115.99341862014448
2024-06-13,222.8218713469328,207.6816869933359,640.1311245953781,343.7539981137943,308.1729009690352,116.01697333082464
2024-06-14,221.8123198093629,203.99043278658922,642.886712624488,338.6094608039128,308.3604245775221,116.04053282474511
2024-06-17,223.6557809888104,207.96465922782875,655.2092162969567,341.9508479996869,310.8146478159028,116.0640971028772
2024-06-18,223.9068454809206,206.66476632696137,659.8066187408073,344.0111118749635,311.6043408546052,116.08762239544274
2024-06-20,222.8585874801334,210.6053138660435,647.0667482140311,344.64448361838976,310.7578850677205,116.11115245640269
2024-06-21,222.34336637996455,211.80847956366034,640.3963915912045,346.95576791152644,310.3412450716518,116.13464349408352
2024-06-24,219.35068956481769,208.55130562575928,621.4617344103324,346.2899975956366,309.3324065170686,116.15818308585557
2024-06-25,222.0750206974883,209.18777599120784,632.0397623813432,347.6235151254407,310.52360519300805,116.18168363854221
2024-06-26,223.1681811039903,212.5080992798116,632.425475242425,348.05740364280604,310.9111872201201,116.20523276498682
2024-06-27,222.0345774557265,213.62183984720585,639.756004060926,348.60610279321185,311.40132678472594,116.22874283653329
2024-06-28,221.60794332834521,211.00338952553503,634.7980668609209,347.2343150523942,310.17594226295523,116.25221382338184
2024-07-01,221.6408903877686,210.22345001019295,627.1322157626909,340.5138647538588,310.814256103086,116.27577724574803
2024-07-02,223.13253508363258,210.63204691357492,632.4703731174546,343.2481615630155,312.90603815514305,116.29934544423726
2024-07-03,224.12826841834288,212.9018904020712,631.471701261785,342.8910805504479,314.3023875163262,116.32291841981757
2024-07-05,225.42067503035148,211.66858407948598,636.2265478676456,342.8086812222835,316.11477149922473,116.34645230094732
2024-07-08,225.68080693591028,214.10130921668244,633.924093846045,341.1316207369144,316.4795629624492,116.36999094333622
2024-07-09,225.9002837086304,214.2911793496236,627.8156096390007,339.2654109040195,316.78734240569895,116.39353434794756
2024-07-10,228.13563038790917,216.5918806920022,626.3556910191903,340.0038631229531,319.92204202740226,116.41708251574481
2024-07-11,226.1684907748655,221.30889323138837,621.9606700301623,342.4554594135076,317.16345793035504,116.44054761917218
2024-07-12,227.5950517071657,224.84944853733177,631.7912995448357,344.2201730590341,319.1639708960938,116.46401745224114
2024-07-15,228.95387586407867,220.63498442965445,634.1375759396449,343.8989097245881,320.04172809806784,116.48744807770196
2024-07-16,228.44025455732222,223.16476416619042,633.7389973300121,346.7948133805604,321.9395766955445,116.51088341701535
2024-07-17,215.6506555142153,213.38948840171392,615.5570143880453,350.287538382839,317.42572746634187,116.53432347112965
2024-07-18,214.77584632799085,211.39304644635348,608.0862039423566,347.1030934531048,314.98631809448807,116.5578122057208
2024-07-19,208.93712777240833,207.46061260503217,607.4847187572484,345.9001038636887,312.8945716526871,116.58126170112777
2024-07-22,210.56376520728878,210.76974613121118,611.0486579488963,350.0715146435615,316.12054036070873,116.60467192758357
2024-07-23,210.80320854504376,209.11463234970233,609.7822250276222,350.4289917069567,315.6246675448749,116.62804285535628
2024-07-24,197.99713216327996,203.23988193468497,592.869265412545,336.5052720832486,308.4718134585224,116.65141846733464
2024-07-25,194.15020218533337,199.8718003185657,600.959266131553,334.1958240051876,306.86454455061147,116.67475474305071
2024-07-26,198.65338347307863,203.8347031778628,608.049493659066,341.47248276305044,310.30136158484873,116.69805165283711
2024-07-29,198.71934037069445,202.40627684566536,609.0831821564276,339.1746484505302,310.48372170620485,116.72130916706182
2024-07-30,193.47996760183426,193.77802875417618,593.2444190829023,326.37984814920065,308.91063864412524,116.7445272561282
2024-07-31,204.63194342574963,208.28596132779953,619.1912030840666,349.1974110416523,313.9318984121298,116.76779403277838
2024-08-01,195.1911844905362,195.4720068940776,587.1106997497964,328.9220402054794,309.4863496540775,116.79093320034664
2024-08-02,183.9241536987803,186.7320107847528,559.9769458749134,312.3719226831102,303.7242185084484,116.81376817167727
2024-08-05,184.7705169628465,180.1592671173487,554.3711233516942,308.0391180968011,294.8785596790946,116.83678411391325
2024-08-06,187.05179263485942,181.56614290275652,557.8296467933982,312.0025113977695,297.59727809446673,116.85980459100506
2024-08-07,178.57472227031124,174.52905109678764,530.8898781558305,298.9910073898591,295.6080713850315,116.8828296038462
2024-08-08,187.83286373300268,183.7137901081011,555.8490694352568,313.3798403335929,302.4417863564467,116.90585915333037
2024-08-09,188.11924834557647,184.06721155123384,558.9655357637467,314.5035326939328,303.77542605668316,116.9288932403514
2024-08-12,189.98689534502785,181.33150750911068,565.5198274048992,316.5549348904401,303.935066834664,116.95184353409533
2024-08-13,199.06524529006168,189.9296612476707,587.1123129475743,328.9385827732338,308.9335004285249,116.97475415161864
2024-08-14,200.22931008290968,186.73448228399317,586.5122652312731,330.99472592633686,309.9080819167648,116.99771344674241
2024-08-15,207.4616128689751,196.17400467097332,611.5175694929699,341.5492673920126,315.2199569845912,117.02076563191355
2024-08-16,207.2631892121564,198.0775647278651,612.4995487392215,341.82851645437444,315.92671373689666,117.04377816062072
2024-08-19,211.48908139474239,201.37705807979788,624.1926223395847,344.8682886370202,318.94738931865027,117.0667067879419
2024-08-20,207.50174339010874,198.77300268576727,620.4484860244274,343.9876900985168,318.428761549185,117.0895514459607
2024-08-21,211.725836446056,201.92115771263346,625.4131799225898,347.29687330887845,319.5229934978343,117.11231206692142
2024-08-22,205.9145253814673,196.94472915414622,610.3449284861415,345.62580299068236,317.01528365483017,117.135165624456
2024-08-23,209.93788008323975,202.2777059013639,621.9671550476244,350.27055718409815,320.3836577768927,117.1578908411519
2024-08-26,208.8395525920307,197.36003133966148,603.5419710182885,343.45307483109013,319.6199602251245,117.180487602634
2024-08-27,208.11090964001085,197.73386268576274,604.7019066141379,342.409622104075,320.05878541072735,117.20308872245363
2024-08-28,205.96165162386313,189.9032980258744,585.4584521639076,330.7453197832082,318.2008203000538,117.22560557019447
2024-08-29,206.91406216816296,189.1691529366561,584.1056748214721,332.15124586501315,318.22923728440105,117.24821539211639
2024-08-30,209.96994387657617,191.25321075172224,589.4474081322844,335.78085694769896,321.26707700958247,117.27082957489482
2024-09-03,199.6094621437795,185.8356800299037,560.5061944381233,323.03766494155946,314.6557124770948,117.29340378023271
2024-09-04,197.98831439680885,183.83051621731815,554.3710115694961,322.0241021458937,314.01162977548,117.3159379791409
2024-09-05,196.76168238697707,187.20079823914625,553.245951952298,318.33840915897474,313.2479678339679,117.33838777384403
2024-09-06,190.87984018284828,182.63708456125468,536.2086482965877,309.84562923064095,307.97597625294463,117.36079748305579
2024-09-09,195.07255948903673,185.11012145601623,552.4141058814533,315.07224372644055,311.42408173835736,117.38303387000131
2024-09-10,195.81379153624198,186.34718473472228,557.1852921603261,316.10820209327875,312.78058322299347,117.40509676679245
2024-09-11,203.50546234739497,198.1579511284161,574.1881557932583,325.2657591683393,315.9893521773312,117.42734154713709
2024-09-12,203.76585284301288,198.95445416882703,571.8740216330502,328.87622860927996,318.6510763778565,117.44941277184137
2024-09-13,207.41654522630833,202.2237941971108,577.655621374202,332.0349871820049,320.3153216954862,117.4711768257271
2024-09-16,206.7201400575217,203.71174615805558,579.5118137790372,333.1692790109638,320.7883327269204,117.49281140192706
2024-09-17,207.04190108703085,205.65043352895552,582.7473143477571,335.37405859445835,320.91941407952964,117.51444996255024
2024-09-18,205.25565292478962,205.44608091137812,577.6954341317775,335.31657716521954,319.9676587654334,117.53564703343355
2024-09-19,209.46489818262185,207.21687942479,584.3432395379282,341.48359695013914,325.42767249852864,117.55666958696037
2024-09-20,211.35893602470605,204.73133272565252,591.0314349484232,340.9903030321119,324.8651728935799,117.57747283911108
2024-09-23,211.9773218016349,206.4802020811114,593.0549134228565,345.0810931277593,325.6769086807922,117.59814586108881
2024-09-24,212.35241233194026,208.83071604259308,593.2578679748807,349.7299956059508,326.60872225148694,117.6186885444654
2024-09-25,212.6805684396332,208.81944913417277,592.5252056292554,351.4615248183021,325.88846921212934,117.639279486217
2024-09-26,212.3429740660548,210.33047327983272,588.9679440720265,352.3750219667335,327.18051613327106,117.65982935503884
2024-09-27,214.61132983780237,211.2285582523949,592.7213003965621,350.31689135804993,326.7059738608257,117.68038281362347
2024-09-30,214.0741650807871,208.97547471768763,588.9819978906901,347.90527469641097,328.01518492539515,117.70102924493469
2024-10-01,210.169128119379,204.09893078142295,578.3981013323667,341.872168261248,325.07666220440484,117.72158990054001
2024-10-02,213.1487566298476,206.9494999218108,584.7799768594368,346.7687982303922,325.2138685210589,117.74206471711116
2024-10-03,213.04459610976772,206.83256647494255,581.0814299607081,346.2508881298296,324.61931968564335,117.76254309478027
2024-10-04,217.9925149503721,211.6280588796954,591.3600014366187,354.2699721314087,327.56923768857746,117.78324865667716
2024-10-07,220.94143623826184,216.3692169685287,590.2683581705262,359.2674034320237,324.60785318318744,117.80404729401907
2024-10-08,223.33379885667688,216.8479440848386,592.9505494091585,362.6591078639822,327.67788457986,117.82476015337868
2024-10-09,227.5588105610902,220.39248661443196,601.0378736591708,370.20468957906456,329.9475754712639,117.84552138990952
2024-10-10,227.5439258138283,217.24181798392678,600.2699610248135,367.3961348133856,329.370119558764,117.86628628466077
2024-10-11,230.18939255977725,219.6829045402105,607.7891882169954,368.51328019527244,331.34242920169197,117.88701008717122
2024-10-14,232.72771837456017,221.24701833111502,602.592529369661,371.0850886541321,334.0522628581735,117.9077375334377
2024-10-15,223.79700375170205,212.3068558937577,588.5514636605133,361.67286645997837,331.45677373394636,117.92842385299105
2024-10-16,222.937167871402,211.6779606296895,591.3758150971374,361.3252594488942,332.8974222536859,117.94906901862302
2024-10-17,220.87854652987542,211.1316777538494,584.744500272258,356.6023585237058,332.92601728931345,117.96985215891799
2024-10-18,223.93389279073344,210.911228581783,591.1650981765797,362.10467628650537,334.20663331825534,117.99059417086552
2024-10-21,224.53528806791093,208.9115527855881,591.5764218220515,363.6356767148125,333.65780805163917,118.01125022035797
2024-10-22,222.47276738162773,208.40653415236275,587.29857652808,360.235278845146,333.48061141741374,118.03190988600629
2024-10-23,219.365229727146,205.67324711843585,579.2613856143253,359.2707316992745,330.43344180514083,118.0526179909744
2024-10-24,227.82815723441368,213.64124314694672,601.2019953056922,366.31252699129936,331.14806842403874,118.07324006401312
2024-10-25,230.61280217517907,216.1654270918486,607.9467508474365,366.3977711370302,331.03372389178435,118.0939554201531
2024-10-28,229.02238472347585,215.00360792874224,605.284923576846,366.6555582255944,332.0570914308459,118.11453985959675
2024-10-29,232.18753811870067,217.00697992314596,608.5080278530638,371.06912230534994,332.5944858052623,118.13512788702373
2024-10-30,221.64623641466832,208.73386744678447,579.7435517819092,353.56490418519155,331.5882824096285,118.1556297496663
2024-10-31,214.85026079050886,202.29457393310085,564.1769014515169,344.1034448735721,325.08809309660467,118.17600048476773
2024-11-01,213.65879145437356,199.72912407413483,564.2765371804298,343.53570917874447,326.4601918734013,118.19623998458368
2024-11-04,211.67685044897712,199.64769055291652,559.1472174862176,342.1603705688337,325.75696053644714,118.21661772113178
2024-11-05,214.02771424193426,202.75622015599717,570.7820278229925,346.51022595865356,329.6959890120994,118.23695404399716
2024-11-06,222.26469316008314,197.71795155590806,581.374400868955,361.681857530473,337.894039724487,118.25733879989187
2024-11-07,225.12652902693807,205.2633747261649,593.2446973070813,366.0872589687543,340.5066573818859,118.27768212783845
2024-11-08,224.78885686773125,200.57087967556947,591.1632485120933,368.0489647270801,341.9816697987371,118.29802895536479
2024-11-11,227.13334183056892,199.26218436618834,589.1657486546394,368.85800975422256,342.30750364181637,118.31837928307294
2024-11-12,224.9884344246853,196.31121907166937,583.5128699151896,361.1752188490924,341.2442170056956,118.33873311156502
2024-11-13,222.9695087734016,193.37875152057694,583.9263545024213,358.0848209166834,341.41001835797726,118.35895549569815
2024-11-14,222.1363694991184,191.19094228263702,571.3540200177104,361.38652900787747,339.21464607100023,118.37922632943888
2024-11-15,219.15756910903963,188.30137998622297,559.1622221673499,354.41551694717,334.8697675068699,118.39950063487889
2024-11-18,219.20497696607487,193.79009571101065,568.4871256704728,356.0351587058668,336.24183067341045,118.41982341762592
2024-11-19,218.55473015387173,203.3705938921679,570.6814512519278,355.31897703162736,337.4709542720689,118.44010467595616
2024-11-20,218.9367320304471,198.81077530847725,572.9675857187993,354.3461560784109,337.5852631940673,118.46043442821828
2024-11-21,223.87990967317694,208.2302762365306,584.5029421656461,361.5497339723936,339.39757595645364,118.48081269387792
2024-11-22,227.03885787757707,214.62433463581584,594.9858661360282,364.76050583495504,340.4495385311428,118.50119446512754
2024-11-25,228.5148127769215,224.61459892152556,596.9621022200859,372.923729567862,341.60434352537436,118.52153470319836
2024-11-26,229.89442605940775,219.1821068779092,594.8454912331641,374.57174945561746,343.3880256418771,118.5417883254892
2024-11-27,229.40208626276416,221.16547590952248,593.9344905834967,375.89222475790007,342.3475295696438,118.56204540883219
2024-11-29,230.09434975738964,220.2786894928093,597.8920760109626,377.6391460412909,344.4742096726536,118.58226087842085
2024-12-02,234.5608986368254,227.02695323377745,607.1269604848849,379.56339237292974,345.09169151298096,118.60243470747099
2024-12-03,233.3668244534423,225.77878658913687,607.987319716237,378.8824306872365,345.25175961403465,118.62252176557497
2024-12-04,237.0831814633915,226.11147343087669,611.3198072074229,381.2372595848061,347.3955326399601,118.6425671101082
2024-12-05,236.21083231848402,224.67751120759775,611.3413443162344,380.8877745292749,346.8238811992003,118.66257071445092
2024-12-06,239.27860010460938,225.87308247365166,620.7498735837731,383.1878472267199,347.481353357099,118.68244226018058
2024-12-09,238.74383903640071,229.87284304270605,620.7909855723212,378.25127412415907,345.6919379893684,118.70227197370211
2024-12-10,235.4979605560895,223.5746307719413,621.5448678989292,375.88134810075525,344.61711363027956,118.72205982860578
2024-12-11,232.6614699678219,223.73492554713422,629.7857318827578,375.51292656180766,347.28125932821786,118.74171541826637
2024-12-12,232.232867153973,222.5694705446452,625.0648620115013,375.68739556277626,345.49184396048724,118.7612386368825
2024-12-13,230.96951589680052,222.0555946068614,630.8829469549576,375.7084929170581,345.4232942175443,118.78076506545787
2024-12-16,230.20708054488668,225.9210346549604,645.7227691028484,371.08130929071376,346.8981998036273,118.80038515538779
2024-12-17,229.14369707210753,223.24665058509692,641.5802850886245,369.86333518490477,345.46894656583146,118.82005371256666
2024-12-18,221.6587023130694,213.91135153530283,614.6637578622956,360.1223860664301,335.1728107860617,118.83968029215669
2024-12-19,221.67512077152136,211.63289377342832,615.5995285742771,356.8538427944893,335.0698971460071,118.85921961791463
2024-12-20,224.81359400671099,213.85767599348517,625.2816536880921,361.78895663347225,339.09439023623753,118.8787621562801
2024-12-23,225.99225410208504,216.7934802426148,630.8789850356378,365.0673659142343,341.12495825810294,118.89835317268967
2024-12-24,229.52884133486458,219.59689215923262,648.3339020956265,370.7658570078389,344.9165958838639,118.91812846388876
2024-12-26,229.28743241982167,221.06702623146563,643.6189862166531,369.9064143236062,344.9395644990318,118.93772596779839
2024-12-27,225.1126534852553,217.18936207666843,626.5371587017173,364.074044781226,341.3086003486778,118.95710022125702
2024-12-30,221.08440036937597,213.84285391170604,616.1011449043109,359.54341367682525,337.41369298030156,118.97665885290877
2024-12-31,218.6219292196951,214.0329258277125,609.6893758849897,359.2009894825329,336.1861362329103,118.99622070034225
2025-01-02,216.6471813925232,219.15704428432326,604.6377123588537,359.8622328501628,335.3601207330122,119.01574045012366
2025-01-03,223.16628332362194,228.1388178625687,629.9803795082952,364.5261110808154,339.55326399601023,119.03517274607387
2025-01-06,223.52148167382356,234.9731882814972,641.6038379920465,366.12668819918184,341.50929975191224,119.05465355229329
2025-01-07,218.121723185846,237.22137865509825,621.5720518182186,363.44111568566257,337.6488987216719,119.07413754666125
2025-01-08,217.48560946931067,231.44825935196346,617.5559077276873,366.9409465355368,338.1421719888123,119.0936247296995
2025-01-10,213.30508092258398,228.38066681120782,610.4583688122348,363.0779433278113,332.9796463349613,119.11316045731844
2025-01-13,212.36897090105,221.53383405047984,605.0574193255829,364.3712122802773,333.49592382752564,119.1327447480075
2025-01-14,213.91534312018004,222.32395180095466,609.9767451610879,365.6804678526266,333.95476197704227,119.15228689274595
2025-01-15,221.75050358083934,228.3475517173807,627.9349944202932,375.725259630204,340.02937311972283,119.17178686538439
2025-01-16,222.4518924931286,230.44675666251754,631.0171292721374,376.10544276728695,339.37546198743155,119.19129002930805
2025-01-17,226.33226970757016,235.9691658018302,642.9823020392762,383.83185873907075,342.7827581193832,119.21075098811714
2025-01-21,228.26307440468395,241.34120573928942,649.3057957807679,387.6369081072864,345.9204133923407,119.23030592874339
2025-01-22,227.72259783813792,246.3276477616866,652.8790001617087,393.5739531908951,347.8650182560429,119.24986407709797
2025-01-23,228.8396124017684,251.8479399093855,655.2856536837282,401.0887986463807,349.76365027915324,119.26942543370706
2025-01-24,229.32575232381376,248.53007671461214,649.9280686275386,401.79303845136116,348.74266862724863,119.28894457675676
2025-01-27,223.5794110712971,238.64288524229414,630.1700941189586,400.309059703837,343.8095086327718,119.30842148011286
2025-01-28,227.23988896446124,239.74488120215943,636.3979634669297,403.07829127380523,346.76366425617874,119.32790156356049
2025-01-29,225.7843688298272,238.11750528921843,635.2889545371535,399.46196536029623,345.20909852725777,119.34738482761891
2025-01-30,227.96773157052738,240.90344690877382,638.6586436491822,396.3407973022773,347.0619001508005,119.36682581208755
2025-01-31,227.2259110770847,240.47466259143988,638.0818191818116,394.8966897477616,345.2149386092539,119.38631543150296
2025-02-03,223.91716696646336,235.52275306335503,634.4041689630603,388.99998917587686,342.89176111322644,119.40589917114471
2025-02-04,232.41313248709304,238.15597070598758,660.903844596015,389.6399638276721,345.19196999408604,119.42548612323888
2025-02-05,233.44202992006717,243.48787898722694,660.5146207312462,393.0035058245348,346.59155988857196,119.44507628831245
2025-02-06,237.7417498678704,247.1602229571057,672.5351100732373,393.36227103500204,347.7961836310514,119.46466966689245
2025-02-07,236.05124396026144,246.68222189589002,665.2489151433731,391.3557430648703,344.6126267380142,119.48435723985632
2025-02-10,237.23901417659673,251.0305544212986,664.9851192840947,387.5100408303081,346.9529683774694,119.50400256180056
2025-02-11,233.71248208764206,245.85979535515827,657.6778612409574,382.3214206636051,347.2168403749796,119.52365111377993
2025-02-12,237.00143434821476,247.81115399500473,656.9618072602993,383.2895168659445,346.0982510111755,119.54330289632556
2025-02-13,240.03116825764354,254.01003909148255,667.2927236491532,384.0535555325228,349.75218377669734,119.56291238767618
2025-02-14,241.7138924792528,258.8052348307709,664.3478983711973,381.4783546530151,349.73498402301345,119.58252509570345
2025-02-18,247.23065714271013,263.1436092046292,673.3226036334864,386.11656425906835,350.7617345364021,119.60218655816328
2025-02-19,238.5527112274852,260.6841396446289,676.9249134305168,384.1298210352695,351.58778564655626,119.6218057085967
2025-02-20,232.63287379292365,259.2770343981291,671.0481255107471,378.9146374389536,350.1250943783068,119.6413825207512
2025-02-21,223.4529063522808,251.22721764725512,658.5531730627788,371.27137871844104,344.1365176143016,119.66096253676614
2025-02-24,215.85792007932895,242.1588901202687,650.9824613745762,368.6909084540492,342.5705209931807,119.68045460119252
2025-02-25,210.28845532350613,237.4268401037327,640.7622655928241,364.79473784052806,340.8668195118208,119.69994984076114
2025-02-26,217.73507602473828,246.8367854130963,646.0669993859977,369.1393502249855,341.03895948968363,119.71949385100491
2025-02-27,208.3550219883931,231.68363140572086,620.8805576868068,365.34228407700266,335.59529086412647,119.73904105229711
2025-02-28,212.91739028611292,236.59953254098005,636.7531048404957,373.9363246580752,340.83245561470915,119.75859144515877
2025-03-03,204.0836585311667,223.02809264484964,623.2893963812007,356.53195252113005,334.8610786043878,119.77819064310366
2025-03-04,205.18813276078464,224.43439519430444,617.456372406577,355.9066249595836,330.8974078315321,119.79774742811506
2025-03-05,208.3509903222509,231.61127848033152,625.5132640329082,363.2035898371075,334.45383971592275,119.81735303416689
2025-03-06,194.4349854392071,220.53805677040344,607.2408628754655,338.4502993922421,328.516826602713,119.836916213418
2025-03-07,195.76451663555872,222.21734334613984,612.2157502627288,339.28964569840167,330.358197334056,119.85648258684733
2025-03-10,181.99047579031125,210.87575873935154,578.062298224536,316.13917395553347,321.5589030581109,119.87600650033569
2025-03-11,188.682412030574,218.31036432897255,582.3442559308114,323.0358328600341,318.8858191858979,119.89557925623194
2025-03-12,197.9906791283295,228.08451195922018,598.0828468691188,334.04447403082486,320.57798294428983,119.91520087303792
2025-03-13,191.22069499524068,222.2549275013208,584.0234291578099,327.56973586024617,316.3045029435883,119.93478002839566
2025-03-14,201.64187385041706,232.03740450113068,608.3946438440182,341.0243193774032,322.8380590665537,119.95436238054016
2025-03-17,202.97156595585528,232.4103854395951,611.6930538614997,342.48910515865015,325.32757206870394,119.97394792999337
2025-03-18,197.95703679904997,224.87858302347146,600.624760487458,336.3082286000454,321.8113085531651,119.99353667727729
2025-03-19,203.20953303753734,228.93365361368132,612.4150235578927,341.8521858630779,325.31606995599196,120.01312862291408
2025-03-20,202.4312574970577,228.26035494207244,609.8425158353568,338.68624361100683,324.37531821102266,120.03267805311704
2025-03-21,204.24689239206546,232.470940580617,617.3864795898621,341.66760233471126,324.48236264078184,120.05223066780675
2025-03-24,211.93462843665762,239.39487410200687,640.4340366888584,351.14122987748175,330.29338666800084,120.07178646750198
2025-03-25,214.36669884388076,238.9917093396666,645.3128898385097,352.6269381894884,331.0873173271761,120.09134545272153
2025-03-26,206.27153287251292,228.55535807567765,629.8660414013751,343.65742818535654,327.13468573370346,120.11095336808691
2025-03-27,204.76079802691686,225.85809164771982,626.7571095384978,338.39644669612846,326.2659735367723,120.13056448493481
2025-03-28,197.57127222320375,219.9884947986849,605.9512841450731,326.9537098756049,319.69545396800186,120.15017880378798
2025-03-31,197.29796154531147,216.94752548216118,604.8694191421599,329.88396754046886,321.84150605031607,120.16984208730754
2025-04-01,200.93993442932714,217.1187300073156,609.213997608667,333.75758877789997,322.75052905712323,120.18946281921154
2025-04-02,205.82396582374503,222.8606873879004,619.0620921347954,340.6082277823121,324.7930265147735,120.20913253179133
2025-04-03,190.44928306589514,203.85165271779096,589.428022153638,308.6948193080656,308.7869642247794,120.22875967884295
2025-04-04,174.877788013318,191.01625389775674,543.3815166095172,286.9075060604547,290.7097026107392,120.2482526280461
2025-04-07,176.66921759110545,192.49360951631786,561.4261489761391,293.2378190712521,290.1918760720356,120.26774873768333
2025-04-08,173.28745089477655,180.6824644549815,554.6923346682852,290.42623651818394,285.6466720123596,120.2873396439999
2025-04-09,197.93274149523705,214.7933158665826,643.7162406211338,333.88717244304627,315.64510783186154,120.30716279156708
2025-04-10,188.67350929702522,191.9813252945992,612.0242282512912,315.00122061733475,301.8137994905775,120.32689758398975
2025-04-11,191.11078367148045,198.82774153982126,619.2049704150404,317.1050539770809,307.19903168591685,120.34668143432962
2025-04-14,192.45472872756983,202.05752817201795,626.3483111025456,325.43223586260916,310.1793252372822,120.36642270926086
2025-04-15,196.25177535375985,201.65271716445898,643.2777847114291,325.93040591839394,309.310541819839,120.38616722248607
2025-04-16,189.0159205477214,197.426369853558,615.790224449264,318.2856633032204,302.43519845907304,120.4058691268985
2025-04-17,188.74043402758826,199.8968702391011,610.212879946737,320.4757289922797,302.8666523216685,120.42566596154376
2025-04-21,183.43288920241275,197.9572963715204,592.7518348288874,311.922213779206,295.65764086148687,120.4454201928378
2025-04-22,189.71823304319722,204.03753957483698,609.5559378029711,322.5948171145037,303.3499903273642,120.46517766455115
2025-04-23,195.63132812339563,208.55127557402315,636.081675087581,326.97072681207516,308.0505441291641,120.48493837721537
2025-04-24,202.63260398651082,222.42612815239377,675.3927318664297,332.6403947386252,314.5346732166985,120.50465644610827
2025-04-25,205.89320855800915,222.5135515850608,695.1918405877723,330.4161070521044,316.8073197593566,120.52437774197914
2025-04-28,204.7211656237659,222.61116445846707,695.4319796621896,331.07702593905015,316.92807413770436,120.54405636069492
2025-04-29,205.791471677973,220.8737897427045,701.6665210613656,333.8449878995335,318.9245631445067,120.56373819243731
2025-04-30,207.34313575968534,217.76004533432177,703.1910334902709,329.5739697182928,319.0510863843385,120.58342323773094
2025-05-01,208.14999664141783,219.42611808398118,702.2753677925355,329.48498925852755,321.31215959377244,120.6031114971005
2025-05-02,213.1375798285235,227.83466962410313,725.508135463841,337.3987710638745,326.0817972923564,120.62289483597824
2025-05-05,215.31125127240261,224.0438247399131,720.7841280882868,334.8046220099894,324.2119739664101,120.64268142005
2025-05-06,214.9337453887718,222.0150904287361,707.1573141384785,333.970541238796,321.50210469967243,120.66247124984811
2025-05-07,215.4716388959401,227.24692086163108,712.5915888276899,335.559230249456,322.85419051255536,120.682264325905
2025-05-08,216.48390742740412,234.96589984995944,717.1759826196078,336.5908248320572,325.1036903887652,120.702106604764
2025-05-09,213.5643250172809,235.57192012129417,712.6933456253653,334.8085760021241,324.68947189010964,120.72190618247451
2025-05-12,223.23882812013562,251.48340984984455,714.5106233049078,339.58299371424846,335.41966108116833,120.74212258992998
2025-05-13,219.81633551165447,263.21353776500644,735.2880627793093,341.8255885943587,337.63476145001044,120.76225049113054
2025-05-14,217.76804453613823,266.347562240766,753.2003568555668,342.2624338480771,338.066250922862,120.78238174768381
2025-05-15,216.28053193707314,261.64063949960905,756.7833503043279,343.93414116586746,339.71746288676854,120.80242442020207
2025-05-16,219.32628290139644,266.77351540119207,761.9915682812303,346.1126351248659,341.8692482203107,120.82237844583554
2025-05-19,223.53552777344407,264.9246726136077,754.7675821371387,344.9618379196686,342.24322712960236,120.842473742813
2025-05-20,222.19172410307175,260.8851835494233,753.0696219876842,341.5049723236482,341.09251731481936,120.86248038758387
2025-05-21,216.62866726974818,254.7052268966879,739.0725316678285,333.5220012947238,335.3448439331563,120.8823983173606
2025-05-22,217.78124522029833,256.0381025080443,740.0319674407195,333.6581793343514,335.4772072549843,120.90236555300372
2025-05-23,218.7484684293229,255.14940970562853,735.4201114109869,332.19775339709815,333.18732534838625,120.9222900557874
2025-05-27,223.35759932188807,262.73371282174685,751.5786476750803,340.9739521612299,340.11444602148424,120.94221784209502
2025-05-28,222.27327996321432,258.94953097533636,746.9569894909095,338.272367003943,338.14680132210196,120.96214891246767
2025-05-29,221.33481239501975,260.72382418599614,744.893143260912,339.4265009104689,339.4815449402767,120.98212932123565
2025-05-30,220.33365267291822,254.91249727338763,742.0385478107863,339.3149481144756,339.1018683900131,121.00211303034787
2025-06-02,222.30190558925565,257.50083386600863,746.3289275438727,337.7065529477567,341.0120381360915,121.02210004034951
2025-06-03,222.70585014041896,257.8699326950698,753.4124012212524,340.48303929148557,342.9566786100498,121.04204427517166
2025-06-04,221.27091462275249,258.55468100193104,749.7102911313954,339.26910100588555,342.8645904878418,121.06203788097704
2025-06-05,225.8768274251467,263.7412785104949,752.0118918839942,338.2637282948905,341.2075384419391,121.08203478930659
2025-06-06,226.87589121824635,264.94897882106216,760.2403410438186,343.71471818064487,344.7115164191324,121.10203500070575
2025-06-09,224.95574786803508,268.7222205722665,758.7833879870939,341.97781826557053,345.0221090726119,121.12203851572018
2025-06-10,225.457647445817,274.352818589149,763.4062812456386,345.6705207270116,346.9782872695382,121.14209144515347
2025-06-11,227.72580389974075,275.73452895928307,764.0125929830615,345.1262636221237,345.98867825323504,121.16214769454392
2025-06-12,230.41298012023063,276.00448192315315,768.8660685196983,344.3341580373778,347.3637682915419,121.18225338556202
2025-06-13,223.95340760891148,269.3103484543802,760.1911966532516,334.2678533138835,343.48018498459726,121.20231628415162
2025-06-16,240.2189687209082,290.51664646920494,767.4609594920483,340.67065423254684,346.74817379478645,121.2222902183021
2025-06-17,237.893361435428,284.7110244768143,768.0156145099381,338.10461493265893,343.785151217617,121.24222128688018
2025-06-18,240.2145968687097,284.77857986177276,763.63791923634,343.68327718362946,343.73333829502906,121.26215563247516
2025-06-20,240.963849271095,286.7594434161139,759.2383594484088,345.3842227940692,342.92608940008205,121.2820008975437
2025-06-23,240.52117089811,288.8381073457276,766.0259153479653,347.8739808311137,346.3133369578639,121.3017570195499
2025-06-24,247.91627367940893,294.60204477018715,775.2874254981429,353.1594406270749,350.1391604294561,121.32151635971174
2025-06-25,246.6149969332135,290.14876909051515,779.438236858966,351.087072428338,350.3353373301691,121.34127891855346
2025-06-26,251.7184543199304,295.41137425787304,786.2026569895147,354.90635431928956,353.0762587402035,121.3611371326132
2025-06-27,250.83806105767374,302.5748692673573,790.2052610041869,358.06434907440746,354.8304911749328,121.38095237322501
2025-06-30,253.86264677135247,299.30502345344286,785.7763117772236,361.451421535056,356.52703499482186,121.40095574629703
2025-07-01,256.21833146048345,308.3475254057695,776.2507425620196,366.15207684873815,356.4116221548852,121.42096241589067
2025-07-02,258.65555166102126,316.7917572883624,787.8452197973202,363.47257040042433,358.0273663037418,121.44097238254918
2025-07-03,261.72870124212886,319.41604850492405,798.0125678611163,365.1031989619082,360.8490873848086,121.46107811458062
2025-07-07,259.02840877417975,314.39756801760547,797.0054749166006,362.44138789520326,358.1600501178744,121.48118717531118
2025-07-08,257.115367720515,321.1608514714335,793.3433262186288,360.9759164679799,357.9638732171614,121.50129956529197
2025-07-09,256.6912423449846,329.6386883874072,805.7878847957023,358.9659487241189,360.1104950635728,121.52141528507421
2025-07-10,258.5905913746187,334.2792326109049,816.3795822341935,359.00484753037097,361.12606395655405,121.54148807291146
2025-07-11,255.74548923066334,329.26979048861097,810.7199981336589,354.3867715284853,359.85655832750734,121.56156417635206
2025-07-14,254.90757682443686,326.69377529029254,825.3610030852793,357.6232381028415,360.54326650564303,121.58168987352576
2025-07-15,249.97085323722925,322.4980920348823,812.5784977332205,353.5564496759665,359.00255316633485,121.60177261746023
2025-07-16,250.6069931083182,325.3787641540513,822.9155441204052,355.9380862321388,360.2027968473172,121.62181238133029
2025-07-17,248.11401675997195,328.74145349938607,840.7661423948895,361.9578080241993,362.4070716983128,121.64185544771915
2025-07-18,245.42761242135234,327.60079167934254,838.6825701388465,362.565181691402,362.14166845979145,121.66190181717101
2025-07-21,243.1213756236563,324.94853076945253,832.4927824270702,358.7582022854747,362.82834102767106,121.68195149023022
2025-07-22,244.03259258308853,332.485493204729,830.5883547204783,363.34375699181163,362.8802607810273,121.70200446744123
2025-07-23,254.0146475510295,343.8637789947183,843.6914881700271,366.78778521547304,365.9674919313836,121.72210708482199
2025-07-24,243.79385375697234,330.304248020924,838.0838462330524,363.52570090433335,366.0886024122922,121.7422130227333
2025-07-25,249.10633350456493,335.18531751605656,843.1222953633112,366.46675834541395,367.63512022334044,121.76232228172366
2025-07-28,246.16735445470758,331.90259660139037,841.2764945767885,362.091970706016,367.5427828293399,121.78238850390345
2025-07-29,243.89846861501815,326.47569268328914,834.6617008304099,360.1771493291952,366.5734004384869,121.80245803296228
2025-07-30,245.60504502588387,324.24468931019317,827.1332368627689,358.6755810315353,366.1117134684843,121.82257724316418
2025-07-31,242.15154454269413,321.06592959051744,841.5757400058013,359.2896702069044,364.73836833272514,121.84265339525841
2025-08-01,237.44150614564842,304.2274734318941,826.5039159593199,353.11891480374214,358.7601897634936,121.8625008442469
2025-08-04,239.65047046807732,302.4570276720361,841.4987272888616,356.3820876515143,364.2132238863983,121.88221224337286
2025-08-05,231.60601144626565,308.2646719385423,840.0300508510877,356.2164758634674,362.36668966792456,121.90192683084024
2025-08-06,231.62595603320133,300.93988020674107,850.0998749043332,357.9997344791378,365.1422954673753,121.92155169965302
2025-08-07,230.1973061199582,306.5766304362297,835.3172335720101,353.73777953383876,364.8364389779536,121.94117972785374
2025-08-08,230.89158679967449,307.3048199263104,792.6972305511616,358.9167029976611,367.6812711152126,121.96081091595101
2025-08-11,230.035641976419,304.94211506585174,791.0513793355742,358.6438801895159,366.95418090668875,121.98049174287098
2025-08-12,233.67758516709316,312.4644882306258,799.5152151880627,366.61588274179684,370.86080404931346,122.00012925977009
2025-08-13,236.5494235178562,323.4454866223578,811.2973302085918,367.35508387902547,372.13030967836016,122.01963043120368
2025-08-14,235.42997170778852,320.24555486836397,802.5043437625166,367.6795146482148,372.16492284726434,122.03918123399059
2025-08-15,235.80719984519703,320.6569553475923,802.215156904454,362.35066332215644,371.2936111016398,122.05873516933814
2025-08-18,239.1454327170981,322.9212616516183,809.2175442951652,362.28224399064374,371.2127758203513,122.07838528256792
2025-08-19,237.9294800134948,317.1586393234587,813.8561297221102,363.60171363553894,369.1989090085847,122.09794549945082
2025-08-20,237.6690557190399,314.8337403054394,811.2479074552336,366.1842397149843,368.21791767425145,122.11750885040274
2025-08-21,237.36955846751619,313.3927181673743,802.4025205433957,367.11859915117674,366.74073303177977,122.13716842554842
2025-08-22,241.5190631243115,325.24923044014616,823.2130604379582,369.860496744177,372.3726374709454,122.15664493863652
2025-08-25,238.44771140238888,319.05446198588436,816.4528640855413,366.99604952779504,370.73385348640875,122.17612455753235
2025-08-26,240.2422482332832,345.49105717010553,892.1018804726694,368.9005784106612,372.2860689384289,122.19560728273117
2025-08-27,240.64101283296776,356.0910467184581,918.9005267816425,369.2666975747706,373.13437645862945,122.21499992991814
2025-08-28,245.10277404791643,352.5357532845634,915.5602603543406,369.73979843894756,374.45576623077636,122.23439565475063
2025-08-29,243.98995293885534,358.99607184834224,931.7081595652865,370.37632989452345,372.2226470723607,122.25365460267524
2025-09-02,241.34115978472042,358.14790251070116,934.99739889105,369.71575363065165,369.46434785736204,122.27291658499188
2025-09-03,241.18296841328197,353.41953817185316,931.7296808845072,369.18618332873706,371.46671255641667,122.29208831377967
2025-09-04,238.48459508773368,356.73385276576556,944.349804885806,370.4953057673508,374.57117907071296,122.31116972769607
2025-09-05,239.83014155498591,354.7005334010477,942.0060705140851,363.9100354383357,373.48634822966727,122.32983388802654
2025-09-08,241.48009435516084,363.9565900276689,988.5212772499227,364.15360164430086,374.40384647742013,122.34864103503541
2025-09-09,243.11882783079525,369.7756885606419,1001.9826684754348,367.39919848338087,375.2694249718167,122.36745107347939
2025-09-10,239.16696704502453,367.5558031010116,975.5963452645847,366.37851836209137,376.3542558128624,122.3862172810472
2025-09-11,242.1531606392558,379.6756278197943,974.5842489299343,371.9142404385193,379.4819046038631,122.40498636659066
2025-09-12,242.73244985106675,371.50894850057995,966.9541230476774,371.85510739532566,379.35484721019014,122.42375833055115
2025-09-15,241.5063209822653,367.9950745875509,958.207778838089,371.20521209446105,381.3745184936968,122.44239291372328
2025-09-16,242.35664324275876,370.87178799099274,946.7330374005431,368.31857586627876,380.8494452678822,122.46098356403907
2025-09-17,243.4062373725409,371.9875369311744,961.1412658979485,370.655257958697,380.3762561851676,122.47948347075742
2025-09-18,249.98317588206757,372.68697722067003,960.2300928825257,373.2391739587851,382.15356406583305,122.49803296465043
2025-09-19,252.70354298658197,370.0708191540895,966.5127201390899,373.16120328755864,384.0463203966911,122.51658526786072
2025-09-22,254.23559004306964,376.6681270354092,980.0077196216445,372.80438482216607,385.86326249236714,122.5349999475193
2025-09-23,253.8525659840805,371.3501088051255,972.794308357517,374.45303977414693,383.7628271480841,122.55341739496993
2025-09-24,252.47183213726942,377.9826464239853,966.4827673298479,374.6523743240474,382.54182268781045,122.57188444028958
2025-09-25,251.20582315814988,368.66466280309885,960.0966699154854,373.86620192049537,380.7769783967711,122.59044792829143
2025-09-26,253.46964504353434,371.81762203078546,963.9730493065773,376.8451396243552,382.95846268387913,122.60892055358225
2025-09-29,257.3070272450744,374.9359797177252,962.9105733424539,373.83643034672355,384.03474706346697,122.62734911156356
2025-09-30,258.5868412361333,378.12818983159013,965.1164215724848,369.97462396135796,385.4813424959709,122.64578043942285
2025-10-01,257.25894028956884,382.9847652362325,964.6401521542997,366.82223389440594,386.79489801178147,122.66416766812736
2025-10-02,258.95260313998557,388.37512021121483,971.7674813478338,364.8233827121295,387.2403823152702,122.68260452994697
2025-10-03,257.69377875396054,393.49523256545524,975.2278460207782,365.06793590848673,387.23468467429836,122.70109104191822
2025-10-06,251.4700773047308,389.6347576625401,977.2845425467174,363.49726808907684,388.62337783042557,122.7195334534526
2025-10-07,251.0859837760759,382.62094696538054,961.0550005516451,361.2964983077571,387.18255125940567,122.73793173931315
2025-10-08,254.1683486094405,382.4269307200305,953.6349305835062,361.6208752923698,389.49134221197914,122.75633278347075
2025-10-09,253.3692902056634,377.52159865794596,963.5863300318601,362.27303613850796,388.3629956380107,122.77483040523418
2025-10-10,243.5053245346124,363.0211578939429,939.4691872500774,351.80430351582567,377.86637411654294,122.79328390005782
2025-10-13,249.01654539179233,368.3225422336959,962.8708229680392,357.6933800709799,383.6644004002949,122.81174016850753
2025-10-14,248.15838073676298,370.63109963346045,963.4374031679781,365.07152058794617,383.1956982098457,122.83015227812913
2025-10-15,248.4202845680776,369.87270791959634,957.4600907306818,362.5447545822381,384.89690697328047,122.84866102343346
2025-10-16,245.85283887558376,363.04762680310216,947.9469758667015,349.85856804105754,382.2756360236555,122.86712561526231
2025-10-17,245.59809217723497,362.35132694552794,937.864095202279,353.46025084193974,384.4455825877955,122.88549906980792
2025-10-20,247.30777141077033,366.4138675298649,945.89688742263,358.315010566903,388.4440089705796,122.90373434818368
2025-10-21,249.96831854916957,367.8944286465941,948.6391459598785,357.51001738441204,388.4382044988395,122.92192534197645
2025-10-22,248.1955704173484,366.1338954794911,941.5486278801442,353.58716918795164,386.41874687686925,122.94011902821998
2025-10-23,253.7779035470012,375.6599894203579,951.7011336195708,356.0733923394493,388.7101956347346,122.95831540731281
2025-10-24,259.3322767799942,378.61571245443633,970.7004914475227,360.3679015330972,391.8869509688616,122.97637341829635
2025-10-27,264.4137681105761,385.0789101162156,986.9797721490633,362.50780535869535,396.5103373457486,122.99424590869161
2025-10-28,260.8691985470251,376.1750855205447,979.3559515168718,358.4942208610363,397.56343944863215,123.01212099654444
2025-10-29,255.87620211705604,369.6328491869398,964.4033162422866,357.99488202270874,397.75441725195833,123.03018690957119
2025-10-30,252.02084032163128,367.64673173408744,954.4606992405187,356.0819496956777,393.3798753445181,123.04820841884109
2025-10-31,255.90138819068886,369.2864809325734,977.7344381348187,357.68234048192375,394.6702129733683,123.06609134921212
2025-11-03,254.26290157594133,368.2736599040249,976.4278673539886,358.97050571032275,395.4108706894564,123.08440047423682
2025-11-04,246.8214071800109,363.94318429103095,950.8869090829294,356.0046770687586,390.7238487849647,123.10261820844062
2025-11-05,249.8179174808215,366.6859302314397,967.0919800042138,356.8837387237071,392.0778931619317,123.12083863905309
2025-11-06,241.87831349587597,361.3744234701381,937.7987373960956,355.66346435454875,387.8711467811133,123.13892051866472
2025-11-07,245.62284433169523,367.20372824962806,958.7135418973193,359.15355888351155,388.2530311672534,123.15700505383307
2025-11-10,247.39079992503838,361.7846006262028,968.5751530732713,358.8638849577132,394.3114396434203,123.17518644233434
2025-11-11,242.60846706533852,361.4905106471276,959.4376958262752,349.02366669492335,395.2141596349023,123.19337051491264
2025-11-12,243.7529929940912,364.5802927157504,953.81121058422,350.6052118714144,395.4340529661607,123.2115572719642
2025-11-13,234.8500787427337,352.1996288172577,927.1055385477911,338.9572006335047,388.87222229987236,123.22979382665815
2025-11-14,235.6828717764971,351.6797480447659,927.6677519941935,339.77700859298426,388.80851555175553,123.24803308054634
2025-11-17,230.17587523160307,340.26776486899956,907.7523996784865,331.5700097415272,385.18624030388366,123.2662750340283
2025-11-18,230.1252878248454,344.381339593617,904.1569695887025,333.5382296023298,381.951618303636,123.28442541558935
2025-11-19,232.36741613569143,339.0156540402673,912.6787920411955,337.98489262138116,383.4271648743283,123.30262561486877
2025-11-20,225.3131253141287,328.4787761072667,883.6370558932924,326.0702802159313,377.5828808679359,123.32078134888255
2025-11-21,229.75251284456004,340.02025498706274,902.4737551801769,330.59959525446175,381.34403611449727,123.33879825189395
2025-11-24,232.2014854272736,353.50824852245483,921.7239369560726,334.896897702698,386.9568890666632,123.35681778713639
2025-11-25,236.96347591674376,358.84035249740555,936.4041594569121,340.2398809742354,390.59661334001146,123.37479276403542
2025-11-26,241.91981323027576,369.9195049031774,955.9493696792325,341.71391730229016,393.29305754020913,123.3928647513039
2025-11-28,243.06124639278656,374.6349390591831,968.6116079871579,344.3790407627928,395.4398218276447,123.41079777151594
2025-12-01,241.70599998345628,365.3513005971728,961.9983477008726,343.25290848868826,393.6344530651929,123.42863895209449
2025-12-02,242.57185168604997,365.77541147051284,970.3959577522098,346.02842939637117,394.3635374480569,123.4463409885887
2025-12-03,245.84075590869227,364.4443909218164,981.2253805533676,348.6417980119766,395.729155158248,123.46385650878396
2025-12-04,248.9423729487769,364.7032022111179,995.4853794441484,351.83222512767713,396.0184528785951,123.48132723237534
2025-12-05,249.2415077469099,365.353269527814,1013.5950275832655,357.2426148153028,396.7706839279074,123.49875313508015
2025-12-08,247.2122726139775,364.74941579197935,1027.9033136699977,358.3325246080738,395.57866621607826,123.51627609191551
2025-12-09,245.071913622401,364.82703826561254,1046.1650234300896,358.897309855164,395.23730630135054,123.53380153504332
2025-12-10,248.41747465673618,371.2125159129116,1075.4620840974003,367.0691637775261,397.8585772509755,123.55114020301977
2025-12-11,250.3692023276043,375.1843518454963,1086.4344900022666,372.0569732866658,398.7843726883936,123.56838663309652
2025-12-12,240.0610734536953,375.5526712571349,1070.9133263765375,372.6828841604494,394.4966485852624,123.58544604656025
2025-12-15,236.43518944861688,371.7821920077591,1066.3711917276216,376.5311550037891,393.9006397293478,123.6026025493883
2025-12-16,238.9022774200737,372.10727481273574,1072.6586022180168,376.5715619817528,392.82435534975997,123.61976143393358
2025-12-17,231.14712849064284,370.8888218624985,1046.9508343907385,371.50955336404115,388.5018756367002,123.63687532255219
2025-12-18,237.9986707826341,376.9179600562367,1056.760999269683,373.51564069397676,391.4355909731206,123.65389679767107
2025-12-19,246.26750369358837,386.3009651394828,1080.9944153028205,379.78102741871584,394.983333955029,123.67096801636501
2025-12-22,247.93384224298504,387.1442666938793,1089.0245400667359,384.363853319799,397.44403826001525,123.68813639160977
2025-12-23,246.95995942655304,379.08844700600275,1083.323294744943,382.82714084168725,399.2605174223623,123.70530715021995
2025-12-24,249.83217895030992,381.1222130239557,1085.9142709647401,384.3005533842986,400.6649859219304,123.72266988997983
2025-12-26,249.12821812778782,376.9845556037926,1083.0772232948011,384.0665358386431,400.6243546197497,123.73984544263398
2025-12-29,246.99564934391202,375.48448712445634,1072.3486498169405,380.9866568714962,399.1966682332212,123.7570707990864
2025-12-30,245.00983963522768,375.96102646676985,1067.2154650037487,380.8348600606679,398.7091994378209,123.77420369677893
2025-12-31,241.63022930966875,373.94018836595745,1053.8368579946327,378.5395631415815,395.7551862554383,123.79143383611411
2026-01-02,251.59226416435195,377.7075872254754,1084.868814321452,379.89357383590357,396.4806027819266,123.80852404268408
2026-01-05,253.60751949045272,389.1165613470075,1092.3630108452244,387.93394679544235,399.12121010059985,123.8256166086674
2026-01-06,268.2504141592462,392.714486394871,1127.0393313121358,387.0806227013602,401.49488293974065,123.84266406838914
2026-01-07,261.6924737584195,389.3775418458164,1091.693396869368,383.77240882884826,400.2006994032344,123.85966639798508
2026-01-08,256.27853465435476,386.0375475188256,1072.4767396675966,386.1721863555405,400.16006810105375,123.87667106182678
2026-01-09,266.97567533953884,390.3881711515595,1101.2631416172492,383.67196334986534,402.8064798914671,123.8936780602347
2026-01-12,275.09860685700323,394.6183168868618,1118.1493655885415,387.6895585097789,403.4390604803699,123.91087735275669
2026-01-13,274.7401488434941,393.8178404950661,1120.963320313659,386.1202841014992,402.6323813495201,123.92812651791525
2026-01-14,274.58677325121533,390.4251045203032,1102.782327446198,384.35016821683894,400.6533769784502,123.9453780842649
2026-01-15,274.09011754731733,394.3301565833208,1106.3851387990062,384.5030336861149,401.7444396143088,123.96263205213997
2026-01-16,274.60498156993503,395.6796283219813,1091.5826283318613,379.3146587596077,401.4078158636391,123.9798884218747
2026-01-20,278.638683282246,385.8965735982428,1061.878428886484,370.7486194141484,393.23643723305105,123.99724220294837
2026-01-21,295.745754451253,387.0986958585463,1072.2041796805838,375.4325770724387,397.7748219286889,124.01459841307502
2026-01-22,301.4592862976724,391.530883442054,1077.73292769298,383.8059291431273,399.8525023193405,124.03200456361357
2026-01-23,288.8965216873139,391.02654833722323,1071.295698903395,377.87743649619125,399.9975428923309,124.04936563951645
2026-01-26,285.06630488587905,389.86434352168163,1083.7200540020401,380.2968822225977,402.02878750906166,124.06672914549341
2026-01-27,294.31619701728573,391.3919177647737,1101.5642863217706,383.6697628057855,403.6305724375372,124.08404754632356
2026-01-28,311.2781968664607,383.5634315417933,1135.6747620268056,391.9235707249122,403.5899411353564,124.10141590681543
2026-01-29,309.2085727716909,386.7175803605409,1132.0209656681877,398.0019819319734,402.7890664762468,124.11878669840101
2026-01-30,295.75352169173885,366.7140153583026,1082.8756963963297,389.0859866930199,401.58771887732615,124.13611236591396
2026-02-02,312.7220708538032,377.40200156515067,1086.6346158822676,391.9681145576051,403.58417227387247,124.1535355716233
2026-02-03,314.7243406047826,371.2051379675474,1065.910209255671,394.9339887293113,400.17167704453396,124.17096122277812
2026-02-04,289.1521549310594,352.9721313065066,1011.2078726137881,381.26657439161255,398.23330397564473,124.18838931972167
2026-02-05,284.29235066675227,342.1143104687428,981.3451533460128,370.30090747663246,393.2596551200115,124.20577228519757
2026-02-06,301.0164988917039,362.55298073262423,1042.7189010161444,392.19169723070286,400.80425763343675,124.22320526807069
2026-02-09,301.33017595217433,367.2351210870543,1079.084503664505,399.9879308242885,402.73686184084187,124.24064069776159
2026-02-10,289.1960181178353,358.58930117533015,1076.8428471964996,394.44081087922956,401.6747859534276,124.25807857461369
2026-02-11,299.20243482642525,363.79324057922065,1054.7041625626796,391.96838034621857,401.5819500158421,124.2755664986921
2026-02-12,301.6566509836758,356.38788665234665,1009.3995882546226,387.5656985127095,395.3779668128438,124.29305688399872
2026-02-13,302.09673072178026,361.2537089443525,1040.8079321568946,389.2287767714646,395.6565102358565,124.31050211775911
2026-02-17,296.2960981150525,352.89670045721954,1031.0502567046594,392.4750595758918,396.2948952964994,124.32799741986038
2026-02-18,303.1528095359601,359.119065285492,1049.1703130309895,399.5179443558973,398.29131308278966,124.34549518422823
2026-02-19,302.33201094639657,361.1944662227652,1041.961568957424,392.8100855191812,397.2408461388556,124.36299541120918
2026-02-20,304.30452994085147,362.074781767115,1036.7272910839122,395.2499604624449,400.1136679373889,124.38045046123759
2026-02-23,294.43893302437493,352.84050405933004,986.8766650520747,380.8545715431744,396.0279608169669,124.397907961181
2026-02-24,294.97694648677293,358.31548871474945,999.4677886520058,381.2719573696184,398.90648025647215,124.41536791138331
2026-02-25,305.662961656521,364.22775514742506,1031.9666819292427,389.12905746791694,402.272575322146,124.43283031218841
2026-02-26,308.51364075917985,364.64980819005694,1044.4215421922775,393.93621063075943,400.0381741945116,124.45029516394027
2026-02-27,307.24412158114706,360.7113401297269,1028.7514231126986,376.9884002518083,398.1172145408427,124.46771478904496
2026-03-02,305.3732103499369,362.9257422545581,1027.0201570406177,377.9958632263173,398.3435889387066,124.4852322170578
2026-03-03,296.95736403711965,349.6300843645133,1012.7345159422201,376.3858435202758,394.8324533000425,124.5027044237135
2026-03-04,307.4990207352684,367.5696191396789,1044.7841921813692,378.8947223902668,397.6181011917061,124.52017908269224
2026-03-05,306.5588062158231,365.832320575988,1051.451426290634,371.2594037744408,395.40118469980416,124.53760848962719
2026-03-06,296.8408727109844,351.0284059517432,1017.3077882625531,364.4497418805187,390.2186104717834,124.55499262022455
2026-03-09,309.54999556307257,364.4405815375837,1062.4306547987749,361.7413035280638,393.636910172862,124.57252233160844
2026-03-10,306.1704005217396,362.4750538930168,1065.6330246667185,361.7130595690493,393.00429397370306,124.59000678992557
2026-03-11,308.4282062411557,369.0669082285669,1067.4177821793724,360.2009778637138,392.5110207065627,124.6075414291592
2026-03-12,297.44639413829594,355.99953987863415,1037.3417358689803,352.6405212447398,386.5507540961365,124.62507853619569
2026-03-13,301.42817271576854,356.3170994688013,1048.9863924628103,348.3033306672492,384.362824352679,124.64261811138233
2026-03-16,310.9840770062579,365.2739064476076,1085.259456839457,347.8770477775951,388.2744329311541,124.6601601550665
2026-03-17,316.3546534082228,368.3288068839063,1115.3397259320222,353.80851668975316,389.2958062958755,124.6777046675956
2026-03-18,313.724932447902,364.0499827883128,1117.0963154740066,350.89648627537946,383.8637110035424,124.69529940519436
2026-03-19,312.0638487462241,363.99763788779785,1126.8518548628872,351.5177827925553,382.91776016118627,124.71289662579352
2026-03-20,304.6833405047827,352.124954863628,1059.2904371796567,348.2764484904627,377.4283323565737,124.73054409450897
2026-03-23,312.3480015300019,362.2134900397009,1078.6352770798062,356.3223745400731,381.3913265345639,124.74819406042528
2026-03-24,312.6390518283155,366.8523332839929,1075.590331856115,359.18485406242456,380.11106660818274,124.76584652389579
2026-03-25,315.67821566243646,375.3352758262361,1082.0667853774312,360.36798758913955,382.22930708050296,124.78350148527396
2026-03-26,291.70878551296005,352.8069576156749,1035.1177330188261,356.67122558147076,375.40317709363154,124.80115894491323
2026-03-27,287.3396766012557,349.84884047387465,1029.5079729760573,347.6528417487753,369.0018418514698,124.81877110459735
2026-03-30,273.218036404059,342.4351474623436,987.0319105513739,341.92998642410765,367.7681245297777,124.83638574974053
2026-03-31,293.48597152735266,357.4552034403549,1040.7782405042608,355.9601431706037,378.45835901352115,124.85395506403587
2026-04-01,301.44057950232167,361.8678257182231,1083.3087931494915,362.1744074940642,381.309850268666,124.87152685101421
2026-04-02,306.15742028288514,364.07508768192076,1088.3795606755884,358.85452101772125,381.65320435773384,124.8891011110235
2026-04-06,308.8620593217488,363.2219592648045,1087.5923805991076,363.6625547918651,383.4572199304549,124.9068213411669
2026-04-07,315.17921293079604,366.1338936435465,1094.16568165317,366.0406952487878,383.6259413237347,124.92444841211477
2026-04-08,332.76975716147126,383.235679116118,1139.480878302445,382.93814681843344,393.3967546058973,124.94203012023732
2026-04-09,332.141971289513,386.1376428181156,1140.9126106053382,386.45590690448165,395.66626744602087,124.9595664410632
2026-04-10,342.15976416871507,389.61292969631836,1153.0957475794246,386.0216179194404,395.40442523310696,124.97710522321091
2026-04-13,350.2073543475828,398.07746680849874,1162.0981850721182,392.92267717607797,399.2684941197229,124.99474221274419
2026-04-14,359.02077356256103,405.6917329745512,1181.0907471289916,399.2293633327444,404.13353169432975,125.01238169124053
2026-04-15,364.94311622561884,404.0038903758067,1182.8075170476577,406.9348984720336,407.32253695654634,125.03002365905122
2026-04-16,375.4921557726264,408.4411202389862,1194.4763927235708,404.91908875834974,408.3234700342811,125.0476681165275
2026-04-17,384.7686275024761,415.92341258290656,1211.686227676181,414.1737508703739,413.25833932104945,125.06526716643467
2026-04-20,387.88418029336384,411.6405138077013,1206.5982143737695,412.7614570362934,412.43193210833454,125.08291659753688
2026-04-21,381.8277484671669,411.32549955313755,1183.1500574936172,409.14745747053956,409.73178444150517,125.10047269257699
2026-04-22,390.3797844233989,422.3434283603587,1198.975225749418,410.46098400298433,413.88102025876367,125.11803125171433
2026-04-23,380.9082265629117,423.01944742549534,1172.8228192202332,412.5565332490781,412.2748552687911,125.13559227529477
2026-04-24,385.5827724205413,432.8294936820606,1198.8184223132773,411.91934251251126,415.46970061300385,125.15315576366426
2026-04-27,385.5977971584201,432.18367542371516,1186.8494589496268,413.7008356207878,416.1854667600961,125.17072171716869
2026-04-28,368.69789327264687,409.55907478348274,1165.4507871974433,408.95487933832385,414.160311497154,125.18829013615411
2026-04-29,375.1401949935779,422.10160324006716,1170.7465295552395,412.0971689694402,414.0963198669886,125.20586102096651
2026-04-30,388.6479286104263,442.02738688371676,1194.8107249860668,429.0542274514749,418.2164264947783,125.22338640455052
2026-05-01,402.9782834877312,451.4219038365396,1207.4716668912574,431.58206553961224,419.3745076325688,125.24091424120718
2026-05-04,408.9700816429712,456.9131927472932,1201.7790825831714,427.27490813204304,417.8381743547577,125.25854048832838
2026-05-05,425.4070986214893,484.618751514605,1196.5044156235867,435.6203209044472,421.1901677590261,125.27616921614519
2026-05-06,448.3136360261933,494.0076207443891,1247.8273845779631,440.44653771583387,427.0444582473754,125.29380042500675
2026-05-07,427.6843153242084,474.54829498627277,1221.4825659387332,431.6438135304808,425.7351047417815,125.31143411526226
2026-05-08,454.5311107338321,512.0664713651529,1244.2187493291187,431.4296878583809,429.25001506758963,125.32902228402887
2026-05-11,465.3032059703798,552.4692754222126,1268.8620269400756,433.9753788523686,430.2276590378518,125.34666093136406
2026-05-12,448.4275716167307,528.983921035495,1242.711887526269,426.54530253205206,429.57588452092494,125.36430206114004
2026-05-13,454.0010448221045,543.7027550640994,1241.17828845718,432.03999598137983,431.9792919238877,125.38194567370623
2026-05-14,447.952170155116,536.2993893154556,1250.8156636446447,433.03400307091323,435.3894724865814,125.399543739169
2026-05-15,431.5307426101042,511.9501159784595,1217.0811860816882,429.8477423429246,430.1520228539501,125.41714427461982
2026-05-18,415.10090274681403,483.8916893610157,1190.6292827166947,436.1354298540466,429.8494068978313,125.43474728040538
2026-05-19,418.13330620041205,488.64246169225737,1183.5512218748838,431.695886882716,426.9862710889501,125.45230470178268
2026-05-20,435.1336657092101,499.5341082442333,1215.9681596406442,440.5777600476636,431.36245106816966,125.46976844321968
2026-05-21,447.74868106316046,529.5693762091564,1232.769558994448,441.3312091701522,432.21788063958513,125.48733076659845
2026-05-22,447.02506323754267,525.2642109148239,1232.1389651560867,441.9600351080038,433.9171664491919,125.50489554822038
2026-05-26,468.2563946911932,552.859534225292,1240.041244817746,443.1679675362353,436.79778689380544,125.52251087039365
2026-05-27,468.43274400762544,554.2876765084594,1259.4591773299865,443.5822269643009,436.72211509964774,125.54008057626442
2026-05-28,476.52013098820856,551.7055191410249,1303.6662685979625,445.52811245077584,439.1313269743506,125.55770083685546
2026-05-29,481.80913799761726,552.4816273297204,1340.4793883572167,446.1469419056729,440.22538087171944,125.57532357054976
2026-06-01,493.8838811745475,566.290791866517,1353.2701729744965,439.54089444702447,441.4241645322027,125.5930930767845
2026-06-02,501.7993473724238,598.0301374091516,1411.3482462219017,444.3355470193841,442.02359197270044,125.61086509748898
2026-06-03,498.3997170453863,601.4628891772303,1390.095815492605,437.0437276881451,438.9218318378658,125.62863963301902
2026-06-04,489.8638671856343,579.8964586079593,1382.5677549150196,448.29295221198674,440.58037951452354,125.64641668373046
2026-06-05,440.95282081167903,519.4436083632395,1260.8995103453092,446.81992728598806,429.2092769346406,125.66419624997924
2026-06-08,464.4098373712453,545.1727853081717,1317.4370872617615,447.9363858047591,430.1810808229067,125.68207457646744
2026-06-09,443.9296821793043,525.5066463518286,1266.7627008992056,446.4056016747365,428.91830553225805,125.69990731980998
2026-06-10,424.96941134214114,511.6542226316702,1222.0842479116097,439.36340790676826,422.15616717555207,125.71774259339985
2026-06-11,461.67270821697815,552.470860279585,1311.3427426795624,453.570546172588,429.3314913334875,125.73553225260449
2026-06-12,465.17725470434885,576.4955091650774,1343.3321456571075,461.06634732141174,431.65342247055236,125.7533244291306
2026-06-15,488.78441842513513,623.8184955816096,1413.09850759721,473.3910894484062,439.26518592693367,125.77116728195249
2026-06-16,459.4168521468028,589.2316828496406,1358.9612744403998,443.3867053106026,436.64647891574606,125.78901266645612
2026-06-17,460.10895096268354,594.6598027404573,1340.1552279802304,448.20653478270503,431.19369406463386,125.80705322585706
2026-06-18,486.60762190073154,633.4407231867027,1393.3147350536087,472.25674308107824,435.6768116428444,125.82504821194125
2026-06-22,510.9469091401373,658.0929311276429,1446.8528881227867,493.60207808954095,434.305745563474,125.8431902607868
2026-06-23,472.34119893421376,602.1441893805917,1347.129385608196,448.1160742266305,427.998777499909,125.86133492543851
2026-06-24,469.6582416452048,597.3980783295908,1332.6578446902467,445.7322543888102,427.80039276331934,125.87948220627354
2026-06-25,495.37869083034536,638.5743698749969,1387.0392201009104,479.00459788761395,428.4188360805607,125.89758392452039
2026-06-26,463.39076633859025,598.9298362345783,1308.6846483154247,452.426978128989,425.32077941235775,125.91559185978844
2026-06-29,474.0162049662875,631.0089777268231,1339.3346244774075,473.5944917277286,432.3278807205985,125.93393968924373
2026-06-30,492.9541358955551,646.4782203225908,1381.6360034909446,484.340760464006,435.69433188883295,125.95229019225867
2026-07-01,457.45219493753575,586.7163254635818,1287.0564146063093,454.68533185274936,435.10505337131644,125.9704987898383
2026-07-02,420.2017940816937,528.5396619907187,1209.1809965278908,426.7572199810375,434.5332950997884,125.98856537783364
2026-07-06,425.5647554195694,541.8112442425406,1218.9414387116135,436.3791442363454,438.3256449306709,126.0069238406477
2026-07-07,396.2260332679044,511.9688572035568,1158.5576966323347,422.10220633087874,436.2427654426324,126.02523676916788
2026-07-08,407.54903269228186,526.0248496737365,1177.7363700289159,427.2941955363364,434.89502408099054,126.0435523591557
2026-07-09,424.04996921757635,553.6241538505024,1216.8351621419145,440.3040822979021,438.57651918471385,126.0616776710147
2026-07-10,420.84265108476893,555.0225411305482,1206.134808508629,439.2212327372063,440.4668540181589,126.07990208245987
2026-07-13,394.6566647953418,524.5773027838698,1144.1956455235738,424.1005589312031,437.09456276792827,126.09837031518552
2026-07-14,409.1635655734494,544.9015657873717,1168.4635336563927,433.9775713324404,438.64652894815583,126.11660003119157
2026-07-15,385.4326159575268,510.04615665948967,1117.481359978693,425.66956215664965,440.3851640907246,126.13478411735339
2026-07-16,357.78077022687125,474.14845706903645,1042.5109750997842,406.2802527047585,437.9988852209336,126.15297082538252
2026-07-17,354.0889022939298,471.5668830869363,1033.98722812739,406.53618511429505,433.663941918248,126.17116015565698
